#
# A fatal error has been detected by the Java Runtime Environment:
#
#  EXCEPTION_ACCESS_VIOLATION (0xc0000005) at pc=0x00007ff9fe0696a2, pid=19244, tid=5204
#
# JRE version: Java(TM) SE Runtime Environment (17.0.11+7) (build 17.0.11+7-LTS-207)
# Java VM: Java HotSpot(TM) 64-Bit Server VM (17.0.11+7-LTS-207, mixed mode, sharing, tiered, compressed oops, compressed class ptrs, g1 gc, windows-amd64)
# Problematic frame:
# C  [msvcrt.dll+0x796a2]
#
# No core dump will be written. Minidumps are not enabled by default on client versions of Windows
#
# If you would like to submit a bug report, please visit:
#   https://bugreport.java.com/bugreport/crash.jsp
# The crash happened outside the Java Virtual Machine in native code.
# See problematic frame for where to report the bug.
#

---------------  S U M M A R Y ------------

Command Line: -Dfile.encoding=UTF-8 -Duser.country=GB -Duser.language=en -Duser.variant io.github.universityTycoon.lwjgl3.Lwjgl3Launcher

Host: AMD Ryzen 7 5825U with Radeon Graphics         , 16 cores, 15G,  Windows 11 , 64 bit Build 22621 (10.0.22621.4391)
Time: Wed Dec 18 19:00:38 2024 GMT Standard Time elapsed time: 304.828190 seconds (0d 0h 5m 4s)

---------------  T H R E A D  ---------------

Current thread (0x000001fbf1d3c330):  JavaThread "main" [_thread_in_native, id=5204, stack(0x0000004f3b300000,0x0000004f3b400000)]

Stack: [0x0000004f3b300000,0x0000004f3b400000],  sp=0x0000004f3b3fef28,  free space=1019k
Native frames: (J=compiled Java code, j=interpreted, Vv=VM code, C=native code)
C  [msvcrt.dll+0x796a2]
C  [gdx64.dll+0x20e6]

Java frames: (J=compiled Java code, j=interpreted, Vv=VM code)
J 1219  com.badlogic.gdx.utils.BufferUtils.copyJni([FLjava/nio/Buffer;II)V (0 bytes) @ 0x000001fb87c3d598 [0x000001fb87c3d520+0x0000000000000078]
J 2120 c2 com.badlogic.gdx.graphics.g2d.BitmapFontCache.draw(Lcom/badlogic/gdx/graphics/g2d/Batch;)V (73 bytes) @ 0x000001fb87cbf32c [0x000001fb87cbefa0+0x000000000000038c]
j  com.badlogic.gdx.graphics.g2d.BitmapFont.draw(Lcom/badlogic/gdx/graphics/g2d/Batch;Ljava/lang/CharSequence;FF)Lcom/badlogic/gdx/graphics/g2d/GlyphLayout;+25
J 2377 c2 io.github.universityTycoon.MainScreen.draw()V (1221 bytes) @ 0x000001fb87d71840 [0x000001fb87d709a0+0x0000000000000ea0]
J 2378 c2 io.github.universityTycoon.MainScreen.render(F)V (21 bytes) @ 0x000001fb87d8d4ec [0x000001fb87d8cd00+0x00000000000007ec]
J 2395 c2 com.badlogic.gdx.backends.lwjgl3.Lwjgl3Window.update()Z (312 bytes) @ 0x000001fb87d9a5b4 [0x000001fb87d99e60+0x0000000000000754]
j  com.badlogic.gdx.backends.lwjgl3.Lwjgl3Application.loop()V+120
j  com.badlogic.gdx.backends.lwjgl3.Lwjgl3Application.<init>(Lcom/badlogic/gdx/ApplicationListener;Lcom/badlogic/gdx/backends/lwjgl3/Lwjgl3ApplicationConfiguration;)V+269
j  io.github.universityTycoon.lwjgl3.Lwjgl3Launcher.createApplication()Lcom/badlogic/gdx/backends/lwjgl3/Lwjgl3Application;+14
j  io.github.universityTycoon.lwjgl3.Lwjgl3Launcher.main([Ljava/lang/String;)V+7
v  ~StubRoutines::call_stub

siginfo: EXCEPTION_ACCESS_VIOLATION (0xc0000005), writing address 0x000001fbdce11000


Registers:
RAX=0x000001fbdce10860, RBX=0x000000070ad5c910, RCX=0x000001fbdce11030, RDX=0xfffffe0b2df4c0b0
RSP=0x0000004f3b3fef28, RBP=0x0000004f3b3ff000, RSI=0x0000000000000230, RDI=0x0000000000000000
R8 =0x0000000000000030, R9 =0x0000000000000003, R10=0x00007ff9764e3220, R11=0x000000070ad5d1d0
R12=0x000001fbf1d3c5e0, R13=0x000001fbdce10860, R14=0x0000004f3b3fefc0, R15=0x000001fbf1d3c330
RIP=0x00007ff9fe0696a2, EFLAGS=0x0000000000010206


Register to memory mapping:

RIP=0x00007ff9fe0696a2 msvcrt.dll
RAX=0x000001fbdce10860 points into unknown readable memory: 0x410326e940f33333 | 33 33 f3 40 e9 26 03 41
RBX=0x000000070ad5c910 is pointing into object: [F 
{0x000000070ad5c900} - klass: {type array float}
 - length: 20000
RCX=0x000001fbdce11030 is an unknown value
RDX=0xfffffe0b2df4c0b0 is an unknown value
RSP=0x0000004f3b3fef28 is pointing into the stack for thread: 0x000001fbf1d3c330
RBP=0x0000004f3b3ff000 is pointing into the stack for thread: 0x000001fbf1d3c330
RSI=0x0000000000000230 is an unknown value
RDI=0x0 is NULL
R8 =0x0000000000000030 is an unknown value
R9 =0x0000000000000003 is an unknown value
R10=0x00007ff9764e3220 jvm.dll
R11=0x000000070ad5d1d0 is pointing into object: [F 
{0x000000070ad5c900} - klass: {type array float}
 - length: 20000
R12=0x000001fbf1d3c5e0 points into unknown readable memory: 0x000001fb959c9c20 | 20 9c 9c 95 fb 01 00 00
R13=0x000001fbdce10860 points into unknown readable memory: 0x410326e940f33333 | 33 33 f3 40 e9 26 03 41
R14=0x0000004f3b3fefc0 is pointing into the stack for thread: 0x000001fbf1d3c330
R15=0x000001fbf1d3c330 is a thread


Top of Stack: (sp=0x0000004f3b3fef28)
0x0000004f3b3fef28:   000000006e7020e6 00000000000008c0
0x0000004f3b3fef38:   0000000000000230 0000000000000000
0x0000004f3b3fef48:   000001fbe5bbba68 0000004f3b3fefb0
0x0000004f3b3fef58:   00000000000008c0 000000070ac01698
0x0000004f3b3fef68:   0000000000000000 0000000000000000
0x0000004f3b3fef78:   000000071894cd48 0000004f3b3feff0
0x0000004f3b3fef88:   000001fb87c3d638 000000070ac01698
0x0000004f3b3fef98:   000001fb87c3af0c 0000000000000070
0x0000004f3b3fefa8:   0000004f3b3ff000 0000000000000230
0x0000004f3b3fefb8:   0000000000000000 000000070ad5c900
0x0000004f3b3fefc8:   000000070ad1ee60 000001fbd76e35fa
0x0000004f3b3fefd8:   0000004f3b3ff070 000001fbd76e3e68
0x0000004f3b3fefe8:   000001fbd780d1c0 000000070ad58750
0x0000004f3b3feff8:   000001fbd76e3690 000000070ad1cf38
0x0000004f3b3ff008:   000001fb87cbf32c 0000004f3b3ff0c0
0x0000004f3b3ff018:   000001fb87459679 00000007189da1a8 

Instructions: (pc=0x00007ff9fe0696a2)
0x00007ff9fe0695a2:   f8 20 77 5a 0f 10 02 42 0f 10 4c 02 f0 0f 11 01
0x00007ff9fe0695b2:   42 0f 11 4c 01 f0 c3 0f 1f 80 00 00 00 00 4d 85
0x00007ff9fe0695c2:   c0 74 15 48 2b d1 72 16 44 8a 1c 11 48 ff c1 49
0x00007ff9fe0695d2:   ff c8 44 88 59 ff 75 f0 c3 0f 1f 44 00 00 49 03
0x00007ff9fe0695e2:   c8 44 8a 5c 11 ff 48 ff c9 49 ff c8 44 88 19 75
0x00007ff9fe0695f2:   f0 c3 66 66 66 66 0f 1f 84 00 00 00 00 00 4e 8d
0x00007ff9fe069602:   1c 02 48 2b d1 73 09 4c 3b d9 0f 87 6e 01 00 00
0x00007ff9fe069612:   0f 10 04 11 48 83 c1 10 f6 c1 0f 74 12 48 83 e1
0x00007ff9fe069622:   f0 0f 10 0c 11 0f 11 00 0f 28 c1 48 83 c1 10 4c
0x00007ff9fe069632:   03 c0 4c 2b c1 4d 8b c8 49 c1 e9 06 74 6f 49 81
0x00007ff9fe069642:   f9 00 10 00 00 0f 87 b3 00 00 00 49 83 e0 3f eb
0x00007ff9fe069652:   2d 66 66 66 66 66 66 66 0f 1f 84 00 00 00 00 00
0x00007ff9fe069662:   66 66 66 66 66 66 66 0f 1f 84 00 00 00 00 00 66
0x00007ff9fe069672:   66 66 66 66 66 66 0f 1f 84 00 00 00 00 00 0f 10
0x00007ff9fe069682:   0c 11 0f 10 54 11 10 0f 10 5c 11 20 0f 10 64 11
0x00007ff9fe069692:   30 0f 29 41 f0 48 83 c1 40 49 ff c9 0f 29 49 c0
0x00007ff9fe0696a2:   0f 29 51 d0 0f 29 59 e0 0f 28 c4 75 d1 4d 8b c8
0x00007ff9fe0696b2:   49 c1 e9 04 74 19 0f 1f 84 00 00 00 00 00 0f 29
0x00007ff9fe0696c2:   41 f0 0f 10 04 11 48 83 c1 10 49 ff c9 75 ef 49
0x00007ff9fe0696d2:   83 e0 0f 74 0e 4e 8d 5c 01 f0 41 0f 10 0c 13 41
0x00007ff9fe0696e2:   0f 11 0b 0f 29 41 f0 c3 66 66 66 66 66 66 66 0f
0x00007ff9fe0696f2:   1f 84 00 00 00 00 00 0f 1f 80 00 00 00 00 4d 8b
0x00007ff9fe069702:   c8 49 c1 e9 06 49 83 e0 3f 0f 18 44 11 40 eb 2e
0x00007ff9fe069712:   66 66 66 66 66 66 66 0f 1f 84 00 00 00 00 00 66
0x00007ff9fe069722:   66 66 66 66 66 66 0f 1f 84 00 00 00 00 00 66 66
0x00007ff9fe069732:   66 66 66 66 66 0f 1f 84 00 00 00 00 00 90 0f 10
0x00007ff9fe069742:   0c 11 0f 10 54 11 10 0f 10 5c 11 20 0f 10 64 11
0x00007ff9fe069752:   30 0f 2b 41 f0 48 83 c1 40 0f 18 44 11 40 49 ff
0x00007ff9fe069762:   c9 0f 2b 49 c0 0f 2b 51 d0 0f 2b 59 e0 0f 28 c4
0x00007ff9fe069772:   75 cc 0f ae f8 e9 33 ff ff ff 0f 1f 40 00 49 03
0x00007ff9fe069782:   c8 0f 10 44 11 f0 48 83 e9 10 49 83 e8 10 f6 c1
0x00007ff9fe069792:   0f 74 18 4c 8b d9 48 83 e1 f0 0f 10 0c 11 41 0f 


Stack slot to memory mapping:
stack at sp + 0 slots: 0x000000006e7020e6 gdx64.dll
stack at sp + 1 slots: 0x00000000000008c0 is an unknown value
stack at sp + 2 slots: 0x0000000000000230 is an unknown value
stack at sp + 3 slots: 0x0 is NULL
stack at sp + 4 slots: 0x000001fbe5bbba68 points into unknown readable memory: 0x0000001800000252 | 52 02 00 00 18 00 00 00
stack at sp + 5 slots: 0x0000004f3b3fefb0 is pointing into the stack for thread: 0x000001fbf1d3c330
stack at sp + 6 slots: 0x00000000000008c0 is an unknown value
stack at sp + 7 slots: 0x000000070ac01698 is an oop: com.badlogic.gdx.graphics.g2d.SpriteBatch 
{0x000000070ac01698} - klass: 'com/badlogic/gdx/graphics/g2d/SpriteBatch'
 - ---- fields (total size 12 words):
 - 'idx' 'I' @12  560 (230)
 - 'invTexWidth' 'F' @16  0.000926 (3a72b9d6)
 - 'invTexHeight' 'F' @20  0.000926 (3a72b9d6)
 - private 'blendSrcFunc' 'I' @24  770 (302)
 - private 'blendDstFunc' 'I' @28  771 (303)
 - private 'blendSrcFuncAlpha' 'I' @32  770 (302)
 - private 'blendDstFuncAlpha' 'I' @36  771 (303)
 - 'colorPacked' 'F' @40  -170141173319264429905852091742258462720.000000 (feffffff)
 - public 'renderCalls' 'I' @44  3
 - public 'totalRenderCalls' 'I' @48  143939 (23243)
 - public 'maxSpritesInBatch' 'I' @52  180 (b4)
 - 'drawing' 'Z' @56  true
 - private 'blendingDisabled' 'Z' @57  false
 - private 'ownsShader' 'Z' @58  true
 - private 'mesh' 'Lcom/badlogic/gdx/graphics/Mesh;' @60  a 'com/badlogic/gdx/graphics/Mesh'{0x000000070ad1cf38} (e15a39e7)
 - final 'vertices' '[F' @64  [F{0x000000070ad5c900} (e15ab920)
 - 'lastTexture' 'Lcom/badlogic/gdx/graphics/Texture;' @68  a 'com/badlogic/gdx/graphics/Texture'{0x00000007188e7c88} (e311cf91)
 - private final 'transformMatrix' 'Lcom/badlogic/gdx/math/Matrix4;' @72  a 'com/badlogic/gdx/math/Matrix4'{0x000000070ad59a58} (e15ab34b)
 - private final 'projectionMatrix' 'Lcom/badlogic/gdx/math/Matrix4;' @76  a 'com/badlogic/gdx/math/Matrix4'{0x000000070aea1770} (e15d42ee)
 - private final 'combinedMatrix' 'Lcom/badlogic/gdx/math/Matrix4;' @80  a 'com/badlogic/gdx/math/Matrix4'{0x000000070aea17d0} (e15d42fa)
 - private final 'shader' 'Lcom/badlogic/gdx/graphics/glutils/ShaderProgram;' @84  a 'com/badlogic/gdx/graphics/glutils/ShaderProgram'{0x000000070ad39e78} (e15a73cf)
 - private 'customShader' 'Lcom/badlogic/gdx/graphics/glutils/ShaderProgram;' @88  NULL (0)
 - private final 'color' 'Lcom/badlogic/gdx/graphics/Color;' @92  a 'com/badlogic/gdx/graphics/Color'{0x000000070aea1830} (e15d4306)


Compiled method (n/a)  304979 1219     n 0       com.badlogic.gdx.utils.BufferUtils::copyJni (native)
 total in heap  [0x000001fb87c3d390,0x000001fb87c3d778] = 1000
 relocation     [0x000001fb87c3d4e8,0x000001fb87c3d518] = 48
 main code      [0x000001fb87c3d520,0x000001fb87c3d770] = 592
 oops           [0x000001fb87c3d770,0x000001fb87c3d778] = 8

[Constant Pool (empty)]

[MachCode]
[Entry Point]
  # {method} {0x000001fbd76dd808} 'copyJni' '([FLjava/nio/Buffer;II)V' in 'com/badlogic/gdx/utils/BufferUtils'
  # parm0:    rdx:rdx   = '[F'
  # parm1:    r8:r8     = 'java/nio/Buffer'
  # parm2:    r9        = int
  # parm3:    rdi       = int
  #           [sp+0x80]  (sp of caller)
  0x000001fb87c3d520: 448b 5208 | 49bb 0000 | 0096 fb01 | 0000 4d03 | d349 3bc2 | 0f84 0600 

  0x000001fb87c3d538: ;   {runtime_call ic_miss_stub}
  0x000001fb87c3d538: 0000 e941 | f585 ff90 
[Verified Entry Point]
  0x000001fb87c3d540: 8984 2400 | 90ff ff55 | 488b ec48 | 83ec 7048 | 897c 2428 | 4c89 4c24 | 204c 8944 | 2438 4983 
  0x000001fb87c3d560: f800 4c8d | 4c24 384c | 0f44 4c24 | 3848 8954 | 2430 4883 | fa00 4c8d | 4424 304c | 0f44 4424 
  0x000001fb87c3d580: ;   {oop(a 'java/lang/Class'{0x000000070ad58750} = 'com/badlogic/gdx/utils/BufferUtils')}
  0x000001fb87c3d580: 3049 be50 | 87d5 0a07 | 0000 004c | 8974 2460 | 4c8d 7424 | 6049 8bd6 

  0x000001fb87c3d598: ;   {internal_word}
  0x000001fb87c3d598: c5f8 7749 | ba98 d5c3 | 87fb 0100 | 004d 8997 | 9802 0000 | 4989 a790 

  0x000001fb87c3d5b0: ;   {external_word}
  0x000001fb87c3d5b0: 0200 0049 | bac8 904c | 76f9 7f00 | 0041 803a | 000f 8452 | 0000 0052 | 4150 4151 

  0x000001fb87c3d5cc: ;   {metadata({method} {0x000001fbd76dd808} 'copyJni' '([FLjava/nio/Buffer;II)V' in 'com/badlogic/gdx/utils/BufferUtils')}
  0x000001fb87c3d5cc: 48ba 00d8 | 6dd7 fb01 | 0000 498b | cf48 83ec | 20f7 c40f | 0000 000f | 841a 0000 | 0048 83ec 
  0x000001fb87c3d5ec: ;   {runtime_call}
  0x000001fb87c3d5ec: 0849 bab0 | fe09 76f9 | 7f00 0041 | ffd2 4883 | c408 e90d 

  0x000001fb87c3d600: ;   {runtime_call}
  0x000001fb87c3d600: 0000 0049 | bab0 fe09 | 76f9 7f00 | 0041 ffd2 | 4883 c420 | 4159 4158 | 5a49 8d8f | b002 0000 
  0x000001fb87c3d620: 41c7 8740 | 0300 0004 

  0x000001fb87c3d628: ;   {runtime_call}
  0x000001fb87c3d628: 0000 0049 | ba80 2070 | 6e00 0000 | 0041 ffd2 | c5f8 7741 | c787 4003 | 0000 0500 | 0000 f083 
  0x000001fb87c3d648: 4424 c000 | 493b af48 | 0300 000f | 8711 0000 | 0041 81bf | 3003 0000 | 0000 0000 | 0f84 2400 
  0x000001fb87c3d668: 0000 c5f8 | 7749 8bcf | 4c8b e448 | 83ec 2048 

  0x000001fb87c3d678: ;   {runtime_call}
  0x000001fb87c3d678: 83e4 f049 | ba10 ad14 | 76f9 7f00 | 0041 ffd2 | 498b e44d | 33e4 41c7 | 8740 0300 | 0008 0000 
  0x000001fb87c3d698: 0041 81bf | b003 0000 | 0200 0000 | 0f84 9b00 

  0x000001fb87c3d6a8: ;   {external_word}
  0x000001fb87c3d6a8: 0000 49ba | c890 4c76 | f97f 0000 | 4180 3a00 | 0f84 4800 

  0x000001fb87c3d6bc: ;   {metadata({method} {0x000001fbd76dd808} 'copyJni' '([FLjava/nio/Buffer;II)V' in 'com/badlogic/gdx/utils/BufferUtils')}
  0x000001fb87c3d6bc: 0000 48ba | 00d8 6dd7 | fb01 0000 | 498b cf48 | 83ec 20f7 | c40f 0000 | 000f 841a | 0000 0048 
  0x000001fb87c3d6dc: ;   {runtime_call}
  0x000001fb87c3d6dc: 83ec 0849 | bab0 fe09 | 76f9 7f00 | 0041 ffd2 | 4883 c408 | e90d 0000 

  0x000001fb87c3d6f4: ;   {runtime_call}
  0x000001fb87c3d6f4: 0049 bab0 | fe09 76f9 | 7f00 0041 | ffd2 4883 | c420 49c7 | 8790 0200 | 0000 0000 | 0049 c787 
  0x000001fb87c3d714: 9802 0000 | 0000 0000 | c5f8 7749 | 8b8f d800 | 0000 c781 | 0001 0000 | 0000 0000 | c949 817f 
  0x000001fb87c3d734: 0800 0000 | 000f 8501 | 0000 00c3 

  0x000001fb87c3d740: ;   {runtime_call StubRoutines (1)}
  0x000001fb87c3d740: e9bb 3781 | ffc5 f877 | 4c8b e448 | 83ec 2048 

  0x000001fb87c3d750: ;   {runtime_call}
  0x000001fb87c3d750: 83e4 f049 | bad0 2f0a | 76f9 7f00 | 0041 ffd2 | 498b e44d | 33e4 e93f | ffff fff4 | f4f4 f4f4 
[/MachCode]


Compiled method (c2)  304996 2120       4       com.badlogic.gdx.graphics.g2d.BitmapFontCache::draw (73 bytes)
 total in heap  [0x000001fb87cbed10,0x000001fb87cc1568] = 10328
 relocation     [0x000001fb87cbee68,0x000001fb87cbef80] = 280
 constants      [0x000001fb87cbef80,0x000001fb87cbefa0] = 32
 main code      [0x000001fb87cbefa0,0x000001fb87cc01c0] = 4640
 stub code      [0x000001fb87cc01c0,0x000001fb87cc0240] = 128
 oops           [0x000001fb87cc0240,0x000001fb87cc0248] = 8
 metadata       [0x000001fb87cc0248,0x000001fb87cc0418] = 464
 scopes data    [0x000001fb87cc0418,0x000001fb87cc0f18] = 2816
 scopes pcs     [0x000001fb87cc0f18,0x000001fb87cc1398] = 1152
 dependencies   [0x000001fb87cc1398,0x000001fb87cc1400] = 104
 handler table  [0x000001fb87cc1400,0x000001fb87cc14a8] = 168
 nul chk table  [0x000001fb87cc14a8,0x000001fb87cc1568] = 192


[Constant Pool]
             Address          hex4                    hex8      
  0x000001fb87cbef80:   0x3f800000      0xf4f4f4f43f800000      
  0x000001fb87cbef84:   0xf4f4f4f4                              
  0x000001fb87cbef88:   0xf4f4f4f4      0xf4f4f4f4f4f4f4f4      
  0x000001fb87cbef8c:   0xf4f4f4f4                              
  0x000001fb87cbef90:   0xf4f4f4f4      0xf4f4f4f4f4f4f4f4      
  0x000001fb87cbef94:   0xf4f4f4f4                              
  0x000001fb87cbef98:   0xf4f4f4f4      0xf4f4f4f4f4f4f4f4      
  0x000001fb87cbef9c:   0xf4f4f4f4                              

[MachCode]
[Entry Point]
  # {method} {0x000001fbd76e1d60} 'draw' '(Lcom/badlogic/gdx/graphics/g2d/Batch;)V' in 'com/badlogic/gdx/graphics/g2d/BitmapFontCache'
  # this:     rdx:rdx   = 'com/badlogic/gdx/graphics/g2d/BitmapFontCache'
  # parm0:    r8:r8     = 'com/badlogic/gdx/graphics/g2d/Batch'
  #           [sp+0xd0]  (sp of caller)
  0x000001fb87cbefa0: ;   {no_reloc}
  0x000001fb87cbefa0: 448b 5208 | 49bb 0000 | 0096 fb01 | 0000 4d03 | d349 3bc2 

  0x000001fb87cbefb4: ;   {runtime_call ic_miss_stub}
  0x000001fb87cbefb4: 0f85 c6da | 7dff 6690 | 0f1f 4000 
[Verified Entry Point]
  0x000001fb87cbefc0: 8984 2400 | 90ff ff55 | 4881 ecc0 | 0000 004c | 8944 2438 | 4c8b ea44 | 8b52 2043 | 8b5c d414 
  0x000001fb87cbefe0: 448b 5a30 

  0x000001fb87cbefe4: ; implicit exception: dispatches to 0x000001fb87cbffac
  0x000001fb87cbefe4: 478b 74dc | 0c45 85f6 | 0f86 8506 | 0000 85db | 0f84 7a08 | 0000 458b 

  0x000001fb87cbeffc: ;   {metadata('com/badlogic/gdx/graphics/g2d/SpriteBatch')}
  0x000001fb87cbeffc: 5008 4181 | fad0 f003 | 010f 8569 | 0800 0049 | 8bf0 4533 | d20f 1f84 | 0000 0000 | 000f 1f80 
  0x000001fb87cbf01c: 0000 0000 | 418b 6d34 

  0x000001fb87cbf024: ; implicit exception: dispatches to 0x000001fb87cbffbc
  0x000001fb87cbf024: 458b 5cec | 0c45 3bd3 | 0f83 8c07 | 0000 4d8d | 1cec 478b | 4c93 1045 | 85c9 0f8e | 4c08 0000 
  0x000001fb87cbf044: 418b 4d30 

  0x000001fb87cbf048: ; implicit exception: dispatches to 0x000001fb87cbffcc
  0x000001fb87cbf048: 458b 5ccc | 0c45 3bd3 | 0f83 9207 | 0000 458b | 5cdc 0c4d | 8d04 cc43 | 8b7c 9010 | 453b d30f 
  0x000001fb87cbf068: 8d47 0800 | 0041 8b6c | dc14 458b | 5cec 0c45 | 3bd3 0f83 | 9407 0000 | 4d8d 1cec | 478b 5c93 
  0x000001fb87cbf088: 1043 8b4c 

  0x000001fb87cbf08c: ;   {metadata('com/badlogic/gdx/graphics/g2d/TextureRegion')}
  0x000001fb87cbf08c: dc08 81f9 | 50bf 0301 | 0f85 ce0e | 0000 0fb6 | 4e38 49c1 | e303 458b | 4324 85c9 | 0f84 3e08 
  0x000001fb87cbf0ac: 0000 8b6e | 4041 8b44 | ec0c 8b56 | 448b 4e0c | 443b c20f | 84f0 0400 | 004d 8bd8 | 49c1 e303 
  0x000001fb87cbf0cc: 85c9 0f84 | 5904 0000 | 4c89 5c24 | 5089 4424 | 4844 8944 | 2444 897c | 2440 4489 | 4c24 3444 
  0x000001fb87cbf0ec: 8954 2430 | 4489 7424 | 2c89 5c24 | 284c 896c | 2420 448b | 5e34 4c63 | c144 8bd1 | 41c1 fa1f 
  0x000001fb87cbf10c: 4d69 c067 | 6666 6649 | c1f8 2345 | 8bc0 452b | c245 3bc3 | 0f8f 7e06 | 0000 4889 | 7424 5844 
  0x000001fb87cbf12c: 8b5e 3044 | 8b56 2c41 | ffc3 4489 | 5e30 41ff | c244 8956 | 2c45 8b54 | d40c 458b | ca45 8b54 
  0x000001fb87cbf14c: ;   {oop(a 'java/lang/Class'{0x000000070ad59ae8} = 'com/badlogic/gdx/Gdx')}
  0x000001fb87cbf14c: d410 49bb | e89a d50a | 0700 0000 | 418b ab88 | 0000 0045 | 8b5c ec08 | 418b d8c1 | e302 41d1 
  0x000001fb87cbf16c: e044 03c3 | 4489 4424 

  0x000001fb87cbf174: ;   {metadata('com/badlogic/gdx/backends/lwjgl3/Lwjgl3GL20')}
  0x000001fb87cbf174: 4c41 81fb | 882c 0301 | 0f85 4208 | 0000 448b | 5c24 2849 | c1e3 034c | 895c 2460 | 418b d145 
  0x000001fb87cbf194: 8bc2 488b | ee66 6690 

  0x000001fb87cbf19c: ;   {static_call}
  0x000001fb87cbf19c: c5f8 77e8 

  0x000001fb87cbf1a0: ; ImmutableOopMap {rbp=Oop [32]=Oop [40]=NarrowOop [56]=Oop [64]=NarrowOop [68]=NarrowOop [80]=Oop [88]=Oop [96]=Oop }
                      ;*invokestatic glBindTexture {reexecute=0 rethrow=0 return_oop=0}
                      ; - org.lwjgl.opengl.GL11::glBindTexture@2 (line 854)
                      ; - com.badlogic.gdx.backends.lwjgl3.Lwjgl3GL20::glBindTexture@2 (line 92)
                      ; - com.badlogic.gdx.graphics.GLTexture::bind@11 (line 73)
                      ; - com.badlogic.gdx.graphics.g2d.SpriteBatch::flush@58 (line 962)
                      ; - com.badlogic.gdx.graphics.g2d.SpriteBatch::switchTexture@1 (line 1073)
                      ; - com.badlogic.gdx.graphics.g2d.SpriteBatch::draw@39 (line 565)
                      ; - com.badlogic.gdx.graphics.g2d.BitmapFontCache::draw@61 (line 249)
  0x000001fb87cbf1a0: 9cbc f7ff | 448b 553c | 4489 5424 | 6844 8b5d | 0c44 895c | 246c 448b | 4540 448b | 5c24 6847 
  0x000001fb87cbf1c0: 8b54 dc10 

  0x000001fb87cbf1c4: ; implicit exception: dispatches to 0x000001fb87cc00d8
  0x000001fb87cbf1c4: 438b 4cd4 | 0849 c1e3 | 034c 895c | 2470 498b | d048 c1e2 | 034f 8d1c 

  0x000001fb87cbf1dc: ;   {metadata('com/badlogic/gdx/graphics/glutils/VertexArray')}
  0x000001fb87cbf1dc: d481 f9b0 | 1c08 010f | 84b0 0000 

  0x000001fb87cbf1e8: ;   {metadata('com/badlogic/gdx/graphics/glutils/VertexBufferObject')}
  0x000001fb87cbf1e8: 0081 f910 | e808 010f | 8527 0c00 | 004d 8bd3 | 4c89 5424 | 7841 c642 | 1501 458b | 5220 4d8b 
  0x000001fb87cbf208: c249 c1e0 | 0344 8b4c | 246c 33ff | 488b 6c24 | 2066 6690 

  0x000001fb87cbf21c: ;   {static_call}
  0x000001fb87cbf21c: c5f8 77e8 

  0x000001fb87cbf220: ; ImmutableOopMap {rbp=Oop [32]=Oop [40]=NarrowOop [56]=Oop [64]=NarrowOop [68]=NarrowOop [80]=Oop [88]=Oop [96]=Oop [104]=NarrowOop [112]=Oop [120]=Oop }
                      ;*invokestatic copy {reexecute=0 rethrow=0 return_oop=0}
                      ; - com.badlogic.gdx.graphics.glutils.VertexBufferObject::setVertices@12 (line 142)
                      ; - com.badlogic.gdx.graphics.Mesh::setVertices@7 (line 330)
                      ; - com.badlogic.gdx.graphics.g2d.SpriteBatch::flush@76 (line 964)
                      ; - com.badlogic.gdx.graphics.g2d.SpriteBatch::switchTexture@1 (line 1073)
                      ; - com.badlogic.gdx.graphics.g2d.SpriteBatch::draw@39 (line 565)
                      ; - com.badlogic.gdx.graphics.g2d.BitmapFontCache::draw@61 (line 249)
  0x000001fb87cbf220: 5ce1 7dff | 4c8b 5424 | 7845 8b52 | 1c45 8bda 

  0x000001fb87cbf230: ; implicit exception: dispatches to 0x000001fb87cc0188
  0x000001fb87cbf230: 438b 6cd4 | 1c85 ed0f | 8c1b 0c00 | 0047 8b44 | d40c 458b | d045 85c0 | 0f8f 2a0c | 0000 4789 
  0x000001fb87cbf250: 64dc 1843 | 8b6c dc20 | 448b 4c24 | 6c44 3bcd | 0f8f 5a0c | 0000 4585 | c90f 8c71 | 0c00 0047 
  0x000001fb87cbf270: 894c dc1c | 458b c245 | 3bc1 0f8f | a00c 0000 | 488b 5424 | 7848 8b6c | 2420 6690 

  0x000001fb87cbf28c: ;   {optimized virtual_call}
  0x000001fb87cbf28c: c5f8 77e8 

  0x000001fb87cbf290: ; ImmutableOopMap {rbp=Oop [32]=Oop [40]=NarrowOop [56]=Oop [64]=NarrowOop [68]=NarrowOop [80]=Oop [88]=Oop [96]=Oop [104]=NarrowOop [112]=Oop }
                      ;*invokespecial bufferChanged {reexecute=0 rethrow=0 return_oop=0}
                      ; - com.badlogic.gdx.graphics.glutils.VertexBufferObject::setVertices@34 (line 145)
                      ; - com.badlogic.gdx.graphics.Mesh::setVertices@7 (line 330)
                      ; - com.badlogic.gdx.graphics.g2d.SpriteBatch::flush@76 (line 964)
                      ; - com.badlogic.gdx.graphics.g2d.SpriteBatch::switchTexture@1 (line 1073)
                      ; - com.badlogic.gdx.graphics.g2d.SpriteBatch::draw@39 (line 565)
                      ; - com.badlogic.gdx.graphics.g2d.BitmapFontCache::draw@61 (line 249)
  0x000001fb87cbf290: ecda 7dff | e90c 0100 | 004c 895c | 2478 458b | 4b18 478b | 5ccc 0844 | 8b54 246c | 41c1 e202 
  0x000001fb87cbf2b0: ;   {metadata('java/nio/DirectByteBuffer')}
  0x000001fb87cbf2b0: 418b da41 | 81fb d057 | 1c00 0f85 | 8407 0000 | 4f8d 14cc | 4c89 9424 | 8000 0000 | 418b 6a20 
  0x000001fb87cbf2d0: 448b d344 | 3bd5 0f8f | 8009 0000 | 4585 d20f | 8c9f 0900 | 004c 8b94 | 2480 0000 | 0045 8b52 
  0x000001fb87cbf2f0: 1844 3bd3 | 0f8f b304 | 0000 4c8b | 9424 8000 | 0000 4189 | 5a1c 418b | 6a0c 3beb | 0f8f ba09 
  0x000001fb87cbf310: 0000 4d8b | c244 8b4c | 246c 33ff | 488b 6c24 | 7066 6690 

  0x000001fb87cbf324: ;   {static_call}
  0x000001fb87cbf324: c5f8 77e8 

  0x000001fb87cbf328: ; ImmutableOopMap {rbp=Oop [32]=Oop [40]=NarrowOop [56]=Oop [64]=NarrowOop [68]=NarrowOop [80]=Oop [88]=Oop [96]=Oop [104]=NarrowOop [112]=Oop [120]=Oop [128]=Oop }
                      ;*invokestatic copyJni {reexecute=0 rethrow=0 return_oop=0}
                      ; - com.badlogic.gdx.utils.BufferUtils::copy@35 (line 58)
                      ; - com.badlogic.gdx.graphics.glutils.VertexArray::setVertices@7 (line 93)
                      ; - com.badlogic.gdx.graphics.Mesh::setVertices@7 (line 330)
                      ; - com.badlogic.gdx.graphics.g2d.SpriteBatch::flush@76 (line 964)
                      ; - com.badlogic.gdx.graphics.g2d.SpriteBatch::switchTexture@1 (line 1073)
                      ; - com.badlogic.gdx.graphics.g2d.SpriteBatch::draw@39 (line 565)
                      ; - com.badlogic.gdx.graphics.g2d.BitmapFontCache::draw@61 (line 249)
  0x000001fb87cbf328: 14e2 f7ff | 4c8b 9424 | 8000 0000 | 418b 6a1c | 85ed 0f8c | b409 0000 | 418b 6a0c | 85ed 0f8f 
  0x000001fb87cbf348: c009 0000 | 4589 6218 | 4c8b 5424 | 7845 8b4a | 1443 8b6c | cc1c 85ed | 0f8c be09 | 0000 438b 
  0x000001fb87cbf368: 4ccc 0c85 | c90f 8fd1 | 0900 0047 | 8964 cc18 | 438b 6ccc | 2044 8b54 | 246c 443b | d50f 8f01 
  0x000001fb87cbf388: 0a00 0045 | 8bda 4585 | db0f 8c11 | 0a00 0047 | 895c cc1c | 413b cb0f | 8f3b 0a00 | 0044 8b54 
  0x000001fb87cbf3a8: 2468 438b | 6cd4 1445 | 8b5c ec08 

  0x000001fb87cbf3b4: ;   {metadata('com/badlogic/gdx/graphics/glutils/IndexArray')}
  0x000001fb87cbf3b4: 4181 fbb0 | 1f08 010f | 851f 0600 | 004d 8d14 | ec45 8b4a | 1043 8b6c | cc1c 85ed | 0f8c 0507 
  0x000001fb87cbf3d4: 0000 438b | 4ccc 0c85 | c90f 8f25 | 0700 0047 | 8964 cc18 | 438b 6ccc | 2044 8b5c | 244c 443b 
  0x000001fb87cbf3f4: dd0f 8f55 | 0700 0045 | 85db 0f8c | 7407 0000 | 4789 5ccc | 1c41 3bcb | 0f8f 9e07 | 0000 4c8b 
  0x000001fb87cbf414: 5424 5841 | 0fb6 6a39 | 85ed 0f85 | c807 0000 

  0x000001fb87cbf424: ;   {oop(a 'java/lang/Class'{0x000000070ad59ae8} = 'com/badlogic/gdx/Gdx')}
  0x000001fb87cbf424: 49ba e89a | d50a 0700 | 0000 418b | aa88 0000 | 0045 8b54 

  0x000001fb87cbf438: ;   {metadata('com/badlogic/gdx/backends/lwjgl3/Lwjgl3GL20')}
  0x000001fb87cbf438: ec08 4181 | fa88 2c03 | 010f 85b1 | 0500 00ba | e20b 0000 | 4c8b 5424 | 5849 8bea 

  0x000001fb87cbf454: ;   {static_call}
  0x000001fb87cbf454: c5f8 77e8 

  0x000001fb87cbf458: ; ImmutableOopMap {rbp=Oop [32]=Oop [40]=NarrowOop [56]=Oop [64]=NarrowOop [68]=NarrowOop [80]=Oop [88]=Oop [96]=Oop [104]=NarrowOop [112]=Oop }
                      ;*invokestatic glEnable {reexecute=0 rethrow=0 return_oop=0}
                      ; - org.lwjgl.opengl.GL11::glEnable@1 (line 724)
                      ; - com.badlogic.gdx.backends.lwjgl3.Lwjgl3GL20::glEnable@1 (line 306)
                      ; - com.badlogic.gdx.graphics.g2d.SpriteBatch::flush@128 (line 972)
                      ; - com.badlogic.gdx.graphics.g2d.SpriteBatch::switchTexture@1 (line 1073)
                      ; - com.badlogic.gdx.graphics.g2d.SpriteBatch::draw@39 (line 565)
                      ; - com.badlogic.gdx.graphics.g2d.BitmapFontCache::draw@61 (line 249)
  0x000001fb87cbf458: e4dc f7ff | 448b 5518 | 4183 faff | 0f84 9a07 | 0000 448b 

  0x000001fb87cbf46c: ;   {oop(a 'java/lang/Class'{0x000000070ad59ae8} = 'com/badlogic/gdx/Gdx')}
  0x000001fb87cbf46c: 5d24 49b8 | e89a d50a | 0700 0000 | 418b a888 | 0000 004c | 8b44 2458 | 418b 581c | 458b 4820 
  0x000001fb87cbf48c: ; implicit exception: dispatches to 0x000001fb87cc0118
  0x000001fb87cbf48c: 418b 4cec 

  0x000001fb87cbf490: ;   {metadata('com/badlogic/gdx/backends/lwjgl3/Lwjgl3GL20')}
  0x000001fb87cbf490: 0881 f988 | 2c03 010f | 8573 0500 | 0041 8bd2 | 448b c341 | 8bfb 4c8b | 5424 5849 | 8bea 6690 
  0x000001fb87cbf4b0: ;   {static_call}
  0x000001fb87cbf4b0: c5f8 77e8 

  0x000001fb87cbf4b4: ; ImmutableOopMap {rbp=Oop [32]=Oop [40]=NarrowOop [56]=Oop [64]=NarrowOop [68]=NarrowOop [80]=Oop [88]=Oop [96]=Oop [104]=NarrowOop [112]=Oop }
                      ;*invokestatic glBlendFuncSeparate {reexecute=0 rethrow=0 return_oop=0}
                      ; - org.lwjgl.opengl.GL14::glBlendFuncSeparate@4 (line 783)
                      ; - com.badlogic.gdx.backends.lwjgl3.Lwjgl3GL20::glBlendFuncSeparate@5 (line 112)
                      ; - com.badlogic.gdx.graphics.g2d.SpriteBatch::flush@160 (line 973)
                      ; - com.badlogic.gdx.graphics.g2d.SpriteBatch::switchTexture@1 (line 1073)
                      ; - com.badlogic.gdx.graphics.g2d.SpriteBatch::draw@39 (line 565)
                      ; - com.badlogic.gdx.graphics.g2d.BitmapFontCache::draw@61 (line 249)
  0x000001fb87cbf4b4: 88e4 f7ff | 8b6d 5885 | ed0f 8581 | 0700 0044 | 8b54 2468 | 430f b64c | d40c 4c8b | 5424 5845 
  0x000001fb87cbf4d4: 8b5a 544d | 8bc3 49c1 | e003 41b9 | 0400 0000 | 488b 5424 | 7033 ff8b | 7424 4c49 | 8bea 6690 
  0x000001fb87cbf4f4: ;   {optimized virtual_call}
  0x000001fb87cbf4f4: c5f8 77e8 

  0x000001fb87cbf4f8: ; ImmutableOopMap {rbp=Oop [32]=Oop [40]=NarrowOop [56]=Oop [64]=NarrowOop [68]=NarrowOop [80]=Oop [96]=Oop }
                      ;*invokevirtual render {reexecute=0 rethrow=0 return_oop=0}
                      ; - com.badlogic.gdx.graphics.Mesh::render@10 (line 589)
                      ; - com.badlogic.gdx.graphics.g2d.SpriteBatch::flush@187 (line 976)
                      ; - com.badlogic.gdx.graphics.g2d.SpriteBatch::switchTexture@1 (line 1073)
                      ; - com.badlogic.gdx.graphics.g2d.SpriteBatch::draw@39 (line 565)
                      ; - com.badlogic.gdx.graphics.g2d.BitmapFontCache::draw@61 (line 249)
  0x000001fb87cbf4f8: 8446 0000 | 488b f544 | 8966 0c4c | 8b6c 2420 | 8b5c 2428 | 448b 7424 | 2c44 8b54 | 2430 448b 
  0x000001fb87cbf518: 4c24 348b | 7c24 4044 | 8b44 2444 | 8b44 2448 | 4c8b 5c24 | 5041 807f | 3800 0f85 | 5801 0000 
  0x000001fb87cbf538: 4489 4644 | 488b d64c | 33da 49c1 | eb15 4d85 | db74 1f45 | 85c0 741a | 48c1 ea09 | 48b9 00e0 
  0x000001fb87cbf558: daf6 fb01 | 0000 4803 | ca80 3904 | 0f85 b901 | 0000 478b | 5cc4 2843 | 8b4c dc08 

  0x000001fb87cbf574: ;   {metadata('com/badlogic/gdx/graphics/glutils/FileTextureData')}
  0x000001fb87cbf574: 81f9 18d2 | 0301 0f85 | 0404 0000 | 8b4e 0c8b | 6e40 49c1 | e303 c4c1 | 722a 4b0c | c4c1 7a2a 
  0x000001fb87cbf594: ;   {section_word}
  0x000001fb87cbf594: 4310 c5fa | 101d e2f9 | ffff c5e2 | 5ec9 c5fa | 114e 10c5 | e25e c8c5 | fa11 4e14 | 448b d8eb 
  0x000001fb87cbf5b4: 0e44 8bd8 | 442b d93b | c10f 8489 | 0300 0045 | 3bd9 458b | c145 0f4c | c341 8b54 | fc0c 4489 
  0x000001fb87cbf5d4: 4424 2089 | 4c24 3489 | 4424 308b | c589 7c24 | 2c41 8bf9 | 4489 5424 | 2845 8b5c | ec0c 85c9 
  0x000001fb87cbf5f4: 0f8c 3e02 | 0000 413b | d00f 823a | 0200 0044 | 03c1 453b | d80f 8233 | 0200 0044 | 8b54 2420 
  0x000001fb87cbf614: 4585 d20f | 8c2a 0200 | 0045 85d2 | 7435 418b | ea44 8b5c | 242c 4f8d | 14dc 4b8d | 4cdc 104c 
  0x000001fb87cbf634: 63c5 4d8d | 1cc4 448b | 5424 344b | 8d54 9310 | c5f8 7749 | ba60 3e48 | 87fb 0100 | 0041 ffd2 
  0x000001fb87cbf654: 448b d544 | 0156 0c41 | 2bfa 85ff | 0f8f be02 | 0000 448b | 5424 2841 | ffc2 453b | d60f 8ca9 
  0x000001fb87cbf674: f9ff ffc5 | f877 4881 | c4c0 0000 

  0x000001fb87cbf680: ;   {poll_return}
  0x000001fb87cbf680: 005d 493b | a748 0300 | 000f 8709 | 0b00 00c3 | 8b56 4485 | d20f 849d | feff ff49 | 8b6f 2048 
  0x000001fb87cbf6a0: 8bca 48c1 | e103 4885 | ed0f 84e5 | 0300 004c | 895c 2448 | 8944 2440 | 4489 4424 | 3489 7c24 
  0x000001fb87cbf6c0: 3044 894c | 242c 4489 | 5424 2848 | 8974 2420 | 418b f644 | 8bf3 488b | 7c24 3849 | 8bdd 4d8b 
  0x000001fb87cbf6e0: 5730 4989 | 4c2a f848 | 83c5 f849 | 896f 204c | 8beb 4889 | 7c24 3841 | 8bde 448b | f648 8b74 
  0x000001fb87cbf700: 2420 448b | 5424 2844 | 8b4c 242c | 8b7c 2430 | 448b 4424 | 348b 4424 | 404c 8b5c | 2448 e915 
  0x000001fb87cbf720: feff ff4d | 8b5f 5049 | 8b57 40f0 | 8344 24c0 | 0080 3900 | 0f84 30fe | ffff 4488 | 2148 85d2 
  0x000001fb87cbf740: 7550 8944 | 2430 4489 | 4424 2c89 | 7c24 2844 | 894c 2424 | 4489 5424 | 2048 8bee | 8bf3 498b 
  0x000001fb87cbf760: d7c5 f877 | 49ba e0f4 | c875 f97f | 0000 41ff | d28b de48 | 8bf5 448b | 5424 2044 | 8b4c 2424 
  0x000001fb87cbf780: 8b7c 2428 | 448b 4424 | 2c8b 4424 | 30e9 d8fd | ffff 4989 | 4c13 f848 | 83c2 f849 | 8957 40e9 
  0x000001fb87cbf7a0: c6fd ffff | 4489 4634 | e979 f9ff | ff4c 8b94 | 2480 0000 | 0041 895a | 18e9 3cfb | ffff bae4 
  0x000001fb87cbf7c0: ffff ff4c | 896c 2420 | 48ff 7424 | 3848 8f44 | 2428 895c | 2430 4489 | 7424 3444 | 8954 243c 
  0x000001fb87cbf7e0: ;   {runtime_call UncommonTrapBlob}
  0x000001fb87cbf7e0: c5f8 77e8 

  0x000001fb87cbf7e4: ; ImmutableOopMap {rbp=NarrowOop [32]=Oop [40]=Oop [48]=NarrowOop }
                      ;*iaload {reexecute=0 rethrow=0 return_oop=0}
                      ; - com.badlogic.gdx.graphics.g2d.BitmapFontCache::draw@28 (line 247)
  0x000001fb87cbf7e4: 182b 7eff | bae4 ffff | ff49 8bed | 48ff 7424 | 3848 8f44 | 2420 895c | 2428 4489 | 7424 2c89 
  0x000001fb87cbf804: 4c24 3444 | 8954 2438 

  0x000001fb87cbf80c: ;   {runtime_call UncommonTrapBlob}
  0x000001fb87cbf80c: c5f8 77e8 

  0x000001fb87cbf810: ; ImmutableOopMap {rbp=Oop [32]=Oop [40]=NarrowOop [52]=NarrowOop }
                      ;*aaload {reexecute=0 rethrow=0 return_oop=0}
                      ; - com.badlogic.gdx.graphics.g2d.BitmapFontCache::draw@37 (line 248)
  0x000001fb87cbf810: ec2a 7eff | bae4 ffff | ff4c 896c | 2420 895c | 2430 4489 | 7424 3489 | 7c24 4444 | 8954 2448 
  0x000001fb87cbf830: ;   {runtime_call UncommonTrapBlob}
  0x000001fb87cbf830: c5f8 77e8 

  0x000001fb87cbf834: ; ImmutableOopMap {rbp=NarrowOop [32]=Oop [48]=NarrowOop [56]=Oop [68]=NarrowOop }
                      ;*aaload {reexecute=0 rethrow=0 return_oop=0}
                      ; - com.badlogic.gdx.utils.Array::get@52 (line 156)
                      ; - com.badlogic.gdx.graphics.g2d.BitmapFontCache::draw@43 (line 249)
  0x000001fb87cbf834: c82a 7eff | 458b d0eb | 0a45 8bd0 | eb05 448b | 5424 20ba | ccff ffff | 498b ed89 | 5c24 2044 
  0x000001fb87cbf854: 8974 2424 | 4889 7424 | 4044 894c | 2448 8944 | 2454 4489 | 5424 5890 

  0x000001fb87cbf86c: ;   {runtime_call UncommonTrapBlob}
  0x000001fb87cbf86c: c5f8 77e8 

  0x000001fb87cbf870: ; ImmutableOopMap {rbp=Oop [32]=NarrowOop [44]=NarrowOop [64]=Oop [84]=NarrowOop }
                      ;*invokestatic arraycopy {reexecute=0 rethrow=0 return_oop=0}
                      ; - com.badlogic.gdx.graphics.g2d.SpriteBatch::draw@88 (line 575)
                      ; - com.badlogic.gdx.graphics.g2d.BitmapFontCache::draw@61 (line 249)
  0x000001fb87cbf870: 8c2a 7eff | ba76 ffff | ff49 8bed | 895c 2428 | 4489 7424 | 3066 6690 

  0x000001fb87cbf888: ;   {runtime_call UncommonTrapBlob}
  0x000001fb87cbf888: c5f8 77e8 

  0x000001fb87cbf88c: ; ImmutableOopMap {rbp=Oop [40]=NarrowOop [56]=Oop }
                      ;*if_icmpge {reexecute=1 rethrow=0 return_oop=0}
                      ; - (reexecute) com.badlogic.gdx.graphics.g2d.BitmapFontCache::draw@20 (line 246)
  0x000001fb87cbf88c: 702a 7eff | ba45 ffff | ff49 8bed | 895c 2428 | 4489 7424 | 2c44 8954 | 2430 4489 | 4c24 3490 
  0x000001fb87cbf8ac: ;   {runtime_call UncommonTrapBlob}
  0x000001fb87cbf8ac: c5f8 77e8 

  0x000001fb87cbf8b0: ; ImmutableOopMap {rbp=Oop [40]=NarrowOop [56]=Oop }
                      ;*ifle {reexecute=1 rethrow=0 return_oop=0}
                      ; - (reexecute) com.badlogic.gdx.graphics.g2d.BitmapFontCache::draw@29 (line 247)
  0x000001fb87cbf8b0: 4c2a 7eff | ba45 ffff | ff49 8bed | 4489 7424 | 2c48 ff74 | 2438 488f | 4424 3089 | 5c24 3889 
  0x000001fb87cbf8d0: 7c24 4044 | 8954 2444 | 4489 5424 | 4844 895c | 244c 6690 

  0x000001fb87cbf8e4: ;   {runtime_call UncommonTrapBlob}
  0x000001fb87cbf8e4: c5f8 77e8 

  0x000001fb87cbf8e8: ; ImmutableOopMap {rbp=Oop [48]=Oop [56]=NarrowOop [64]=NarrowOop }
                      ;*if_icmplt {reexecute=1 rethrow=0 return_oop=0}
                      ; - (reexecute) com.badlogic.gdx.utils.Array::get@5 (line 155)
                      ; - com.badlogic.gdx.graphics.g2d.BitmapFontCache::draw@43 (line 249)
  0x000001fb87cbf8e8: 142a 7eff | ba45 ffff | ff49 8bed | 895c 2420 | 4489 7424 | 2444 8954 | 2430 4889 | 7424 3844 
  0x000001fb87cbf908: 8944 2434 | 897c 2440 | 4489 4c24 | 4489 4c24 | 4866 6690 

  0x000001fb87cbf91c: ;   {runtime_call UncommonTrapBlob}
  0x000001fb87cbf91c: c5f8 77e8 

  0x000001fb87cbf920: ; ImmutableOopMap {rbp=Oop [32]=NarrowOop [52]=NarrowOop [56]=Oop [64]=NarrowOop }
                      ;*ifne {reexecute=1 rethrow=0 return_oop=0}
                      ; - (reexecute) com.badlogic.gdx.graphics.g2d.SpriteBatch::draw@4 (line 560)
                      ; - com.badlogic.gdx.graphics.g2d.BitmapFontCache::draw@61 (line 249)
  0x000001fb87cbf920: dc29 7eff | ba45 ffff | ff49 8bed | 895c 2420 | 4489 7424 | 2448 8974 | 2440 4489 | 5424 4889 
  0x000001fb87cbf940: 7c24 4c90 

  0x000001fb87cbf944: ;   {runtime_call UncommonTrapBlob}
  0x000001fb87cbf944: c5f8 77e8 

  0x000001fb87cbf948: ; ImmutableOopMap {rbp=Oop [32]=NarrowOop [44]=NarrowOop [64]=Oop }
                      ;*ifle {reexecute=1 rethrow=0 return_oop=0}
                      ; - (reexecute) com.badlogic.gdx.graphics.g2d.SpriteBatch::draw@111 (line 578)
                      ; - com.badlogic.gdx.graphics.g2d.BitmapFontCache::draw@61 (line 249)
  0x000001fb87cbf948: b429 7eff | ba45 ffff | ff49 8bed | 895c 2420 | 4489 7424 | 2444 8954 | 2430 4889 | 7424 3889 
  0x000001fb87cbf968: 7c24 3444 | 894c 2440 | 8944 2444 | 4489 5c24 | 4c66 6690 

  0x000001fb87cbf97c: ;   {runtime_call UncommonTrapBlob}
  0x000001fb87cbf97c: c5f8 77e8 

  0x000001fb87cbf980: ; ImmutableOopMap {rbp=Oop [32]=NarrowOop [52]=NarrowOop [56]=Oop }
                      ;*ifne {reexecute=1 rethrow=0 return_oop=0}
                      ; - (reexecute) com.badlogic.gdx.graphics.g2d.SpriteBatch::draw@56 (line 568)
                      ; - com.badlogic.gdx.graphics.g2d.BitmapFontCache::draw@61 (line 249)
  0x000001fb87cbf980: 7c29 7eff | bade ffff | ff49 8bed | 895c 2420 | 4489 7424 | 2444 8954 | 2430 4889 | 7424 3889 
  0x000001fb87cbf9a0: 7c24 3444 | 894c 2440 | 8944 2448 | 4889 7424 | 5044 8944 | 244c 4489 | 5c24 6090 

  0x000001fb87cbf9bc: ;   {runtime_call UncommonTrapBlob}
  0x000001fb87cbf9bc: c5f8 77e8 

  0x000001fb87cbf9c0: ; ImmutableOopMap {rbp=Oop [32]=NarrowOop [52]=NarrowOop [56]=Oop [76]=NarrowOop [80]=Oop [96]=NarrowOop }
                      ;*invokeinterface getWidth {reexecute=0 rethrow=0 return_oop=0}
                      ; - com.badlogic.gdx.graphics.Texture::getWidth@4 (line 196)
                      ; - com.badlogic.gdx.graphics.g2d.SpriteBatch::switchTexture@12 (line 1075)
                      ; - com.badlogic.gdx.graphics.g2d.SpriteBatch::draw@39 (line 565)
                      ; - com.badlogic.gdx.graphics.g2d.BitmapFontCache::draw@61 (line 249)
  0x000001fb87cbf9c0: 3c29 7eff | bade ffff | ff48 8974 | 2450 4489 | 4c24 6444 | 8954 2470 

  0x000001fb87cbf9d8: ;   {runtime_call UncommonTrapBlob}
  0x000001fb87cbf9d8: c5f8 77e8 

  0x000001fb87cbf9dc: ; ImmutableOopMap {rbp=NarrowOop [32]=Oop [40]=NarrowOop [64]=NarrowOop [68]=NarrowOop [80]=Oop [88]=Oop }
                      ;*invokeinterface glBindTexture {reexecute=0 rethrow=0 return_oop=0}
                      ; - com.badlogic.gdx.graphics.GLTexture::bind@11 (line 73)
                      ; - com.badlogic.gdx.graphics.g2d.SpriteBatch::flush@58 (line 962)
                      ; - com.badlogic.gdx.graphics.g2d.SpriteBatch::switchTexture@1 (line 1073)
                      ; - com.badlogic.gdx.graphics.g2d.SpriteBatch::draw@39 (line 565)
                      ; - com.badlogic.gdx.graphics.g2d.BitmapFontCache::draw@61 (line 249)
  0x000001fb87cbf9dc: 2029 7eff | bade ffff | ff4c 8b54 | 2458 4c89 | 5424 3890 

  0x000001fb87cbf9f0: ;   {runtime_call UncommonTrapBlob}
  0x000001fb87cbf9f0: c5f8 77e8 

  0x000001fb87cbf9f4: ; ImmutableOopMap {rbp=NarrowOop [32]=Oop [40]=NarrowOop [56]=Oop [64]=NarrowOop [68]=NarrowOop [104]=NarrowOop }
                      ;*invokeinterface getBuffer {reexecute=0 rethrow=0 return_oop=0}
                      ; - com.badlogic.gdx.graphics.Mesh::getIndicesBuffer@5 (line 971)
                      ; - com.badlogic.gdx.graphics.g2d.SpriteBatch::flush@82 (line 965)
                      ; - com.badlogic.gdx.graphics.g2d.SpriteBatch::switchTexture@1 (line 1073)
                      ; - com.badlogic.gdx.graphics.g2d.SpriteBatch::draw@39 (line 565)
                      ; - com.badlogic.gdx.graphics.g2d.BitmapFontCache::draw@61 (line 249)
  0x000001fb87cbf9f4: 0829 7eff | bade ffff | ff4c 8b54 | 2458 4c89 | 5424 5090 

  0x000001fb87cbfa08: ;   {runtime_call UncommonTrapBlob}
  0x000001fb87cbfa08: c5f8 77e8 

  0x000001fb87cbfa0c: ; ImmutableOopMap {rbp=NarrowOop [32]=Oop [40]=NarrowOop [64]=NarrowOop [68]=NarrowOop [80]=Oop [88]=Oop [104]=NarrowOop }
                      ;*invokeinterface glEnable {reexecute=0 rethrow=0 return_oop=0}
                      ; - com.badlogic.gdx.graphics.g2d.SpriteBatch::flush@128 (line 972)
                      ; - com.badlogic.gdx.graphics.g2d.SpriteBatch::switchTexture@1 (line 1073)
                      ; - com.badlogic.gdx.graphics.g2d.SpriteBatch::draw@39 (line 565)
                      ; - com.badlogic.gdx.graphics.g2d.BitmapFontCache::draw@61 (line 249)
  0x000001fb87cbfa0c: f028 7eff | bade ffff | ff4c 8b44 | 2458 4c89 | 4424 3844 | 8b44 2468 | 4489 4424 | 6444 8954 
  0x000001fb87cbfa2c: 2468 895c | 246c 4489 | 4c24 7844 | 895c 247c 

  0x000001fb87cbfa3c: ;   {runtime_call UncommonTrapBlob}
  0x000001fb87cbfa3c: c5f8 77e8 

  0x000001fb87cbfa40: ; ImmutableOopMap {rbp=NarrowOop [32]=Oop [40]=NarrowOop [56]=Oop [64]=NarrowOop [68]=NarrowOop [100]=NarrowOop }
                      ;*invokeinterface glBlendFuncSeparate {reexecute=0 rethrow=0 return_oop=0}
                      ; - com.badlogic.gdx.graphics.g2d.SpriteBatch::flush@160 (line 973)
                      ; - com.badlogic.gdx.graphics.g2d.SpriteBatch::switchTexture@1 (line 1073)
                      ; - com.badlogic.gdx.graphics.g2d.SpriteBatch::draw@39 (line 565)
                      ; - com.badlogic.gdx.graphics.g2d.BitmapFontCache::draw@61 (line 249)
  0x000001fb87cbfa40: bc28 7eff | bade ffff | ff48 8b6c | 2420 448b | 5424 2844 | 8954 2420 | 448b 5c24 | 2c44 895c 
  0x000001fb87cbfa60: 2424 4c8b | 5424 584c | 8954 2428 | 4c8b 5424 | 784c 8954 | 2470 4489 | 4424 7844 | 898c 2484 
  0x000001fb87cbfa80: 0000 0089 | 9c24 8800 | 0000 6690 

  0x000001fb87cbfa8c: ;   {runtime_call UncommonTrapBlob}
  0x000001fb87cbfa8c: c5f8 77e8 

  0x000001fb87cbfa90: ; ImmutableOopMap {rbp=Oop [32]=NarrowOop [40]=Oop [64]=NarrowOop [68]=NarrowOop [104]=NarrowOop [112]=Oop [120]=NarrowOop [132]=NarrowOop }
                      ;*invokevirtual limit {reexecute=0 rethrow=0 return_oop=0}
                      ; - com.badlogic.gdx.utils.BufferUtils::copy@11 (line 55)
                      ; - com.badlogic.gdx.graphics.glutils.VertexArray::setVertices@7 (line 93)
                      ; - com.badlogic.gdx.graphics.Mesh::setVertices@7 (line 330)
                      ; - com.badlogic.gdx.graphics.g2d.SpriteBatch::flush@76 (line 964)
                      ; - com.badlogic.gdx.graphics.g2d.SpriteBatch::switchTexture@1 (line 1073)
                      ; - com.badlogic.gdx.graphics.g2d.SpriteBatch::draw@39 (line 565)
                      ; - com.badlogic.gdx.graphics.g2d.BitmapFontCache::draw@61 (line 249)
  0x000001fb87cbfa90: 6c28 7eff | 4c89 5c24 | 4889 4424 | 4044 8944 | 2434 897c | 2430 4489 | 4c24 2c44 | 8954 2428 
  0x000001fb87cbfab0: 4889 7424 | 2041 8bf6 | 448b f348 | 8b7c 2438 | 498b dd49 | 8bd7 c5f8 | 7749 ba00 | f5c8 75f9 
  0x000001fb87cbfad0: 7f00 0041 | ffd2 e914 | fcff ffba | 45ff ffff | 4c8b 5424 | 584c 8954 | 2450 448b | 5424 6844 
  0x000001fb87cbfaf0: 8954 2464 | 4489 4c24 | 6c44 894c | 2478 6690 

  0x000001fb87cbfb00: ;   {runtime_call UncommonTrapBlob}
  0x000001fb87cbfb00: c5f8 77e8 

  0x000001fb87cbfb04: ; ImmutableOopMap {[32]=Oop [40]=NarrowOop [64]=NarrowOop [68]=NarrowOop [80]=Oop [88]=Oop [100]=NarrowOop [108]=NarrowOop [120]=NarrowOop }
                      ;*if_icmple {reexecute=1 rethrow=0 return_oop=0}
                      ; - (reexecute) java.nio.Buffer::position@5 (line 315)
                      ; - java.nio.ShortBuffer::position@2 (line 1516)
                      ; - java.nio.ShortBuffer::position@2 (line 267)
                      ; - com.badlogic.gdx.graphics.g2d.SpriteBatch::flush@90 (line 966)
                      ; - com.badlogic.gdx.graphics.g2d.SpriteBatch::switchTexture@1 (line 1073)
                      ; - com.badlogic.gdx.graphics.g2d.SpriteBatch::draw@39 (line 565)
                      ; - com.badlogic.gdx.graphics.g2d.BitmapFontCache::draw@61 (line 249)
  0x000001fb87cbfb04: f827 7eff | ba45 ffff | ff48 8b6c | 2420 448b | 5424 2844 | 8954 2420 | 448b 5c24 | 2c44 895c 
  0x000001fb87cbfb24: 2424 4c8b | 5424 584c | 8954 2428 | 448b 5424 | 6844 8954 | 2454 4489 | 4c24 6c44 | 894c 2470 
  0x000001fb87cbfb44: 894c 2474 

  0x000001fb87cbfb48: ;   {runtime_call UncommonTrapBlob}
  0x000001fb87cbfb48: c5f8 77e8 

  0x000001fb87cbfb4c: ; ImmutableOopMap {rbp=Oop [32]=NarrowOop [40]=Oop [64]=NarrowOop [68]=NarrowOop [84]=NarrowOop [108]=NarrowOop [112]=NarrowOop }
                      ;*if_icmple {reexecute=1 rethrow=0 return_oop=0}
                      ; - (reexecute) java.nio.Buffer::position@37 (line 317)
                      ; - java.nio.ShortBuffer::position@2 (line 1516)
                      ; - java.nio.ShortBuffer::position@2 (line 267)
                      ; - com.badlogic.gdx.graphics.g2d.SpriteBatch::flush@90 (line 966)
                      ; - com.badlogic.gdx.graphics.g2d.SpriteBatch::switchTexture@1 (line 1073)
                      ; - com.badlogic.gdx.graphics.g2d.SpriteBatch::draw@39 (line 565)
                      ; - com.badlogic.gdx.graphics.g2d.BitmapFontCache::draw@61 (line 249)
  0x000001fb87cbfb4c: b027 7eff | ba45 ffff | ff4c 8b54 | 2458 4c89 | 5424 3844 | 8b5c 2468 | 4489 5c24 | 6444 894c 
  0x000001fb87cbfb6c: 246c 6690 

  0x000001fb87cbfb70: ;   {runtime_call UncommonTrapBlob}
  0x000001fb87cbfb70: c5f8 77e8 

  0x000001fb87cbfb74: ; ImmutableOopMap {[32]=Oop [40]=NarrowOop [56]=Oop [64]=NarrowOop [68]=NarrowOop [100]=NarrowOop [108]=NarrowOop }
                      ;*if_icmple {reexecute=1 rethrow=0 return_oop=0}
                      ; - (reexecute) java.nio.Buffer::limit@5 (line 368)
                      ; - java.nio.ShortBuffer::limit@2 (line 1529)
                      ; - java.nio.ShortBuffer::limit@2 (line 267)
                      ; - com.badlogic.gdx.graphics.g2d.SpriteBatch::flush@97 (line 967)
                      ; - com.badlogic.gdx.graphics.g2d.SpriteBatch::switchTexture@1 (line 1073)
                      ; - com.badlogic.gdx.graphics.g2d.SpriteBatch::draw@39 (line 565)
                      ; - com.badlogic.gdx.graphics.g2d.BitmapFontCache::draw@61 (line 249)
  0x000001fb87cbfb74: 8827 7eff | ba45 ffff | ff48 8b6c | 2420 448b | 5c24 2844 | 895c 2420 | 448b 5424 | 2c44 8954 
  0x000001fb87cbfb94: 2424 4c8b | 5424 584c | 8954 2428 | 4489 4c24 | 7066 6690 

  0x000001fb87cbfba8: ;   {runtime_call UncommonTrapBlob}
  0x000001fb87cbfba8: c5f8 77e8 

  0x000001fb87cbfbac: ; ImmutableOopMap {rbp=Oop [32]=NarrowOop [40]=Oop [64]=NarrowOop [68]=NarrowOop [104]=NarrowOop [112]=NarrowOop }
                      ;*ifge {reexecute=1 rethrow=0 return_oop=0}
                      ; - (reexecute) java.nio.Buffer::limit@14 (line 368)
                      ; - java.nio.ShortBuffer::limit@2 (line 1529)
                      ; - java.nio.ShortBuffer::limit@2 (line 267)
                      ; - com.badlogic.gdx.graphics.g2d.SpriteBatch::flush@97 (line 967)
                      ; - com.badlogic.gdx.graphics.g2d.SpriteBatch::switchTexture@1 (line 1073)
                      ; - com.badlogic.gdx.graphics.g2d.SpriteBatch::draw@39 (line 565)
                      ; - com.badlogic.gdx.graphics.g2d.BitmapFontCache::draw@61 (line 249)
  0x000001fb87cbfbac: 5027 7eff | ba45 ffff | ff48 8b6c | 2420 448b | 5c24 2844 | 895c 2420 | 448b 5424 | 2c44 8954 
  0x000001fb87cbfbcc: 2424 4c8b | 5424 584c | 8954 2428 | 4489 4c24 | 7089 4c24 | 7466 6690 

  0x000001fb87cbfbe4: ;   {runtime_call UncommonTrapBlob}
  0x000001fb87cbfbe4: c5f8 77e8 

  0x000001fb87cbfbe8: ; ImmutableOopMap {rbp=Oop [32]=NarrowOop [40]=Oop [64]=NarrowOop [68]=NarrowOop [104]=NarrowOop [112]=NarrowOop }
                      ;*if_icmple {reexecute=1 rethrow=0 return_oop=0}
                      ; - (reexecute) java.nio.Buffer::limit@55 (line 372)
                      ; - java.nio.ShortBuffer::limit@2 (line 1529)
                      ; - java.nio.ShortBuffer::limit@2 (line 267)
                      ; - com.badlogic.gdx.graphics.g2d.SpriteBatch::flush@97 (line 967)
                      ; - com.badlogic.gdx.graphics.g2d.SpriteBatch::switchTexture@1 (line 1073)
                      ; - com.badlogic.gdx.graphics.g2d.SpriteBatch::draw@39 (line 565)
                      ; - com.badlogic.gdx.graphics.g2d.BitmapFontCache::draw@61 (line 249)
  0x000001fb87cbfbe8: 1427 7eff | ba45 ffff | ff4c 8b54 | 2458 4c89 | 5424 3890 

  0x000001fb87cbfbfc: ;   {runtime_call UncommonTrapBlob}
  0x000001fb87cbfbfc: c5f8 77e8 

  0x000001fb87cbfc00: ; ImmutableOopMap {[32]=Oop [40]=NarrowOop [56]=Oop [64]=NarrowOop [68]=NarrowOop [104]=NarrowOop }
                      ;*ifeq {reexecute=1 rethrow=0 return_oop=0}
                      ; - (reexecute) com.badlogic.gdx.graphics.g2d.SpriteBatch::flush@105 (line 969)
                      ; - com.badlogic.gdx.graphics.g2d.SpriteBatch::switchTexture@1 (line 1073)
                      ; - com.badlogic.gdx.graphics.g2d.SpriteBatch::draw@39 (line 565)
                      ; - com.badlogic.gdx.graphics.g2d.BitmapFontCache::draw@61 (line 249)
  0x000001fb87cbfc00: fc26 7eff | ba45 ffff | ff48 8b6c | 2420 448b | 5c24 2844 | 895c 2420 | 448b 4424 | 2c44 8944 
  0x000001fb87cbfc20: 2424 4c8b | 5c24 584c | 895c 2428 | 448b 5c24 | 6844 895c | 2454 4489 | 5424 6890 

  0x000001fb87cbfc3c: ;   {runtime_call UncommonTrapBlob}
  0x000001fb87cbfc3c: c5f8 77e8 

  0x000001fb87cbfc40: ; ImmutableOopMap {rbp=Oop [32]=NarrowOop [40]=Oop [64]=NarrowOop [68]=NarrowOop [84]=NarrowOop }
                      ;*if_icmpeq {reexecute=1 rethrow=0 return_oop=0}
                      ; - (reexecute) com.badlogic.gdx.graphics.g2d.SpriteBatch::flush@138 (line 973)
                      ; - com.badlogic.gdx.graphics.g2d.SpriteBatch::switchTexture@1 (line 1073)
                      ; - com.badlogic.gdx.graphics.g2d.SpriteBatch::draw@39 (line 565)
                      ; - com.badlogic.gdx.graphics.g2d.BitmapFontCache::draw@61 (line 249)
  0x000001fb87cbfc40: bc26 7eff | ba45 ffff | ff4c 8b54 | 2458 4c89 | 5424 3890 

  0x000001fb87cbfc54: ;   {runtime_call UncommonTrapBlob}
  0x000001fb87cbfc54: c5f8 77e8 

  0x000001fb87cbfc58: ; ImmutableOopMap {rbp=NarrowOop [32]=Oop [40]=NarrowOop [56]=Oop [64]=NarrowOop [68]=NarrowOop [104]=NarrowOop }
                      ;*ifnull {reexecute=1 rethrow=0 return_oop=0}
                      ; - (reexecute) com.badlogic.gdx.graphics.g2d.SpriteBatch::flush@170 (line 976)
                      ; - com.badlogic.gdx.graphics.g2d.SpriteBatch::switchTexture@1 (line 1073)
                      ; - com.badlogic.gdx.graphics.g2d.SpriteBatch::draw@39 (line 565)
                      ; - com.badlogic.gdx.graphics.g2d.BitmapFontCache::draw@61 (line 249)
  0x000001fb87cbfc58: a426 7eff | ba45 ffff | ff4c 8b54 | 2458 4c89 | 5424 3844 | 8984 2488 | 0000 0089 | 9c24 ac00 
  0x000001fb87cbfc78: 0000 6690 

  0x000001fb87cbfc7c: ;   {runtime_call UncommonTrapBlob}
  0x000001fb87cbfc7c: c5f8 77e8 

  0x000001fb87cbfc80: ; ImmutableOopMap {[32]=Oop [40]=NarrowOop [56]=Oop [64]=NarrowOop [68]=NarrowOop [104]=NarrowOop [120]=Oop [128]=Oop [136]=NarrowOop }
                      ;*if_icmple {reexecute=1 rethrow=0 return_oop=0}
                      ; - (reexecute) java.nio.Buffer::limit@5 (line 368)
                      ; - java.nio.ByteBuffer::limit@2 (line 1529)
                      ; - java.nio.MappedByteBuffer::limit@2 (line 330)
                      ; - java.nio.MappedByteBuffer::limit@2 (line 73)
                      ; - com.badlogic.gdx.utils.BufferUtils::copy@11 (line 55)
                      ; - com.badlogic.gdx.graphics.glutils.VertexArray::setVertices@7 (line 93)
                      ; - com.badlogic.gdx.graphics.Mesh::setVertices@7 (line 330)
                      ; - com.badlogic.gdx.graphics.g2d.SpriteBatch::flush@76 (line 964)
                      ; - com.badlogic.gdx.graphics.g2d.SpriteBatch::switchTexture@1 (line 1073)
                      ; - com.badlogic.gdx.graphics.g2d.SpriteBatch::draw@39 (line 565)
                      ; - com.badlogic.gdx.graphics.g2d.BitmapFontCache::draw@61 (line 249)
  0x000001fb87cbfc80: 7c26 7eff | ba45 ffff | ff48 8b6c | 2420 448b | 5424 2844 | 8954 2420 | 448b 5c24 | 2c44 895c 
  0x000001fb87cbfca0: 2424 4c8b | 5424 584c | 8954 2428 | 4c8b 5424 | 784c 8954 | 2470 4489 | 4424 7889 | 9c24 a400 
  0x000001fb87cbfcc0: 0000 6690 

  0x000001fb87cbfcc4: ;   {runtime_call UncommonTrapBlob}
  0x000001fb87cbfcc4: c5f8 77e8 

  0x000001fb87cbfcc8: ; ImmutableOopMap {rbp=Oop [32]=NarrowOop [40]=Oop [64]=NarrowOop [68]=NarrowOop [104]=NarrowOop [112]=Oop [120]=NarrowOop [128]=Oop }
                      ;*ifge {reexecute=1 rethrow=0 return_oop=0}
                      ; - (reexecute) java.nio.Buffer::limit@14 (line 368)
                      ; - java.nio.ByteBuffer::limit@2 (line 1529)
                      ; - java.nio.MappedByteBuffer::limit@2 (line 330)
                      ; - java.nio.MappedByteBuffer::limit@2 (line 73)
                      ; - com.badlogic.gdx.utils.BufferUtils::copy@11 (line 55)
                      ; - com.badlogic.gdx.graphics.glutils.VertexArray::setVertices@7 (line 93)
                      ; - com.badlogic.gdx.graphics.Mesh::setVertices@7 (line 330)
                      ; - com.badlogic.gdx.graphics.g2d.SpriteBatch::flush@76 (line 964)
                      ; - com.badlogic.gdx.graphics.g2d.SpriteBatch::switchTexture@1 (line 1073)
                      ; - com.badlogic.gdx.graphics.g2d.SpriteBatch::draw@39 (line 565)
                      ; - com.badlogic.gdx.graphics.g2d.BitmapFontCache::draw@61 (line 249)
  0x000001fb87cbfcc8: 3426 7eff | ba45 ffff | ff4c 8b54 | 2458 4c89 | 5424 5044 | 8984 2488 | 0000 0089 | 9c24 a800 
  0x000001fb87cbfce8: 0000 6690 

  0x000001fb87cbfcec: ;   {runtime_call UncommonTrapBlob}
  0x000001fb87cbfcec: c5f8 77e8 

  0x000001fb87cbfcf0: ; ImmutableOopMap {[32]=Oop [40]=NarrowOop [64]=NarrowOop [68]=NarrowOop [80]=Oop [88]=Oop [104]=NarrowOop [120]=Oop [128]=Oop [136]=NarrowOop }
                      ;*if_icmple {reexecute=1 rethrow=0 return_oop=0}
                      ; - (reexecute) java.nio.Buffer::limit@55 (line 372)
                      ; - java.nio.ByteBuffer::limit@2 (line 1529)
                      ; - java.nio.MappedByteBuffer::limit@2 (line 330)
                      ; - java.nio.MappedByteBuffer::limit@2 (line 73)
                      ; - com.badlogic.gdx.utils.BufferUtils::copy@11 (line 55)
                      ; - com.badlogic.gdx.graphics.glutils.VertexArray::setVertices@7 (line 93)
                      ; - com.badlogic.gdx.graphics.Mesh::setVertices@7 (line 330)
                      ; - com.badlogic.gdx.graphics.g2d.SpriteBatch::flush@76 (line 964)
                      ; - com.badlogic.gdx.graphics.g2d.SpriteBatch::switchTexture@1 (line 1073)
                      ; - com.badlogic.gdx.graphics.g2d.SpriteBatch::draw@39 (line 565)
                      ; - com.badlogic.gdx.graphics.g2d.BitmapFontCache::draw@61 (line 249)
  0x000001fb87cbfcf0: 0c26 7eff | ba45 ffff | ff4c 8b54 | 2458 4c89 | 5424 3890 

  0x000001fb87cbfd04: ;   {runtime_call UncommonTrapBlob}
  0x000001fb87cbfd04: c5f8 77e8 

  0x000001fb87cbfd08: ; ImmutableOopMap {[32]=Oop [40]=NarrowOop [56]=Oop [64]=NarrowOop [68]=NarrowOop [104]=NarrowOop [120]=Oop [128]=Oop }
                      ;*if_icmple {reexecute=1 rethrow=0 return_oop=0}
                      ; - (reexecute) java.nio.Buffer::position@5 (line 315)
                      ; - java.nio.ByteBuffer::position@2 (line 1516)
                      ; - java.nio.MappedByteBuffer::position@2 (line 321)
                      ; - java.nio.MappedByteBuffer::position@2 (line 73)
                      ; - com.badlogic.gdx.utils.BufferUtils::copy@40 (line 59)
                      ; - com.badlogic.gdx.graphics.glutils.VertexArray::setVertices@7 (line 93)
                      ; - com.badlogic.gdx.graphics.Mesh::setVertices@7 (line 330)
                      ; - com.badlogic.gdx.graphics.g2d.SpriteBatch::flush@76 (line 964)
                      ; - com.badlogic.gdx.graphics.g2d.SpriteBatch::switchTexture@1 (line 1073)
                      ; - com.badlogic.gdx.graphics.g2d.SpriteBatch::draw@39 (line 565)
                      ; - com.badlogic.gdx.graphics.g2d.BitmapFontCache::draw@61 (line 249)
  0x000001fb87cbfd08: f425 7eff | ba45 ffff | ff4c 8b54 | 2458 4c89 | 5424 5090 

  0x000001fb87cbfd1c: ;   {runtime_call UncommonTrapBlob}
  0x000001fb87cbfd1c: c5f8 77e8 

  0x000001fb87cbfd20: ; ImmutableOopMap {[32]=Oop [40]=NarrowOop [64]=NarrowOop [68]=NarrowOop [80]=Oop [88]=Oop [104]=NarrowOop [120]=Oop [128]=Oop }
                      ;*if_icmple {reexecute=1 rethrow=0 return_oop=0}
                      ; - (reexecute) java.nio.Buffer::position@37 (line 317)
                      ; - java.nio.ByteBuffer::position@2 (line 1516)
                      ; - java.nio.MappedByteBuffer::position@2 (line 321)
                      ; - java.nio.MappedByteBuffer::position@2 (line 73)
                      ; - com.badlogic.gdx.utils.BufferUtils::copy@40 (line 59)
                      ; - com.badlogic.gdx.graphics.glutils.VertexArray::setVertices@7 (line 93)
                      ; - com.badlogic.gdx.graphics.Mesh::setVertices@7 (line 330)
                      ; - com.badlogic.gdx.graphics.g2d.SpriteBatch::flush@76 (line 964)
                      ; - com.badlogic.gdx.graphics.g2d.SpriteBatch::switchTexture@1 (line 1073)
                      ; - com.badlogic.gdx.graphics.g2d.SpriteBatch::draw@39 (line 565)
                      ; - com.badlogic.gdx.graphics.g2d.BitmapFontCache::draw@61 (line 249)
  0x000001fb87cbfd20: dc25 7eff | ba45 ffff | ff4c 8b54 | 2458 4c89 | 5424 5044 | 898c 2484 | 0000 0090 

  0x000001fb87cbfd3c: ;   {runtime_call UncommonTrapBlob}
  0x000001fb87cbfd3c: c5f8 77e8 

  0x000001fb87cbfd40: ; ImmutableOopMap {[32]=Oop [40]=NarrowOop [64]=NarrowOop [68]=NarrowOop [80]=Oop [88]=Oop [104]=NarrowOop [120]=Oop [132]=NarrowOop }
                      ;*if_icmple {reexecute=1 rethrow=0 return_oop=0}
                      ; - (reexecute) java.nio.Buffer::position@5 (line 315)
                      ; - java.nio.FloatBuffer::position@2 (line 1516)
                      ; - java.nio.FloatBuffer::position@2 (line 267)
                      ; - com.badlogic.gdx.graphics.glutils.VertexArray::setVertices@15 (line 94)
                      ; - com.badlogic.gdx.graphics.Mesh::setVertices@7 (line 330)
                      ; - com.badlogic.gdx.graphics.g2d.SpriteBatch::flush@76 (line 964)
                      ; - com.badlogic.gdx.graphics.g2d.SpriteBatch::switchTexture@1 (line 1073)
                      ; - com.badlogic.gdx.graphics.g2d.SpriteBatch::draw@39 (line 565)
                      ; - com.badlogic.gdx.graphics.g2d.BitmapFontCache::draw@61 (line 249)
  0x000001fb87cbfd40: bc25 7eff | ba45 ffff | ff48 8b6c | 2420 448b | 5424 2844 | 8954 2420 | 448b 5c24 | 2c44 895c 
  0x000001fb87cbfd60: 2424 4c8b | 5424 584c | 8954 2428 | 4c8b 5424 | 784c 8954 | 2470 4489 | 4c24 7c89 | 8c24 8000 
  0x000001fb87cbfd80: 0000 6690 

  0x000001fb87cbfd84: ;   {runtime_call UncommonTrapBlob}
  0x000001fb87cbfd84: c5f8 77e8 

  0x000001fb87cbfd88: ; ImmutableOopMap {rbp=Oop [32]=NarrowOop [40]=Oop [64]=NarrowOop [68]=NarrowOop [104]=NarrowOop [112]=Oop [124]=NarrowOop }
                      ;*if_icmple {reexecute=1 rethrow=0 return_oop=0}
                      ; - (reexecute) java.nio.Buffer::position@37 (line 317)
                      ; - java.nio.FloatBuffer::position@2 (line 1516)
                      ; - java.nio.FloatBuffer::position@2 (line 267)
                      ; - com.badlogic.gdx.graphics.glutils.VertexArray::setVertices@15 (line 94)
                      ; - com.badlogic.gdx.graphics.Mesh::setVertices@7 (line 330)
                      ; - com.badlogic.gdx.graphics.g2d.SpriteBatch::flush@76 (line 964)
                      ; - com.badlogic.gdx.graphics.g2d.SpriteBatch::switchTexture@1 (line 1073)
                      ; - com.badlogic.gdx.graphics.g2d.SpriteBatch::draw@39 (line 565)
                      ; - com.badlogic.gdx.graphics.g2d.BitmapFontCache::draw@61 (line 249)
  0x000001fb87cbfd88: 7425 7eff | ba45 ffff | ff4c 8b54 | 2458 4c89 | 5424 5044 | 894c 247c 

  0x000001fb87cbfda0: ;   {runtime_call UncommonTrapBlob}
  0x000001fb87cbfda0: c5f8 77e8 

  0x000001fb87cbfda4: ; ImmutableOopMap {[32]=Oop [40]=NarrowOop [64]=NarrowOop [68]=NarrowOop [80]=Oop [88]=Oop [104]=NarrowOop [124]=NarrowOop }
                      ;*if_icmple {reexecute=1 rethrow=0 return_oop=0}
                      ; - (reexecute) java.nio.Buffer::limit@5 (line 368)
                      ; - java.nio.FloatBuffer::limit@2 (line 1529)
                      ; - java.nio.FloatBuffer::limit@2 (line 267)
                      ; - com.badlogic.gdx.graphics.glutils.VertexArray::setVertices@24 (line 95)
                      ; - com.badlogic.gdx.graphics.Mesh::setVertices@7 (line 330)
                      ; - com.badlogic.gdx.graphics.g2d.SpriteBatch::flush@76 (line 964)
                      ; - com.badlogic.gdx.graphics.g2d.SpriteBatch::switchTexture@1 (line 1073)
                      ; - com.badlogic.gdx.graphics.g2d.SpriteBatch::draw@39 (line 565)
                      ; - com.badlogic.gdx.graphics.g2d.BitmapFontCache::draw@61 (line 249)
  0x000001fb87cbfda4: 5825 7eff | ba45 ffff | ff48 8b6c | 2420 448b | 5c24 2844 | 895c 2420 | 448b 5424 | 2c44 8954 
  0x000001fb87cbfdc4: 2424 4c8b | 5424 584c | 8954 2428 | 4489 4c24 | 7466 6690 

  0x000001fb87cbfdd8: ;   {runtime_call UncommonTrapBlob}
  0x000001fb87cbfdd8: c5f8 77e8 

  0x000001fb87cbfddc: ; ImmutableOopMap {rbp=Oop [32]=NarrowOop [40]=Oop [64]=NarrowOop [68]=NarrowOop [104]=NarrowOop [116]=NarrowOop }
                      ;*ifge {reexecute=1 rethrow=0 return_oop=0}
                      ; - (reexecute) java.nio.Buffer::limit@14 (line 368)
                      ; - java.nio.FloatBuffer::limit@2 (line 1529)
                      ; - java.nio.FloatBuffer::limit@2 (line 267)
                      ; - com.badlogic.gdx.graphics.glutils.VertexArray::setVertices@24 (line 95)
                      ; - com.badlogic.gdx.graphics.Mesh::setVertices@7 (line 330)
                      ; - com.badlogic.gdx.graphics.g2d.SpriteBatch::flush@76 (line 964)
                      ; - com.badlogic.gdx.graphics.g2d.SpriteBatch::switchTexture@1 (line 1073)
                      ; - com.badlogic.gdx.graphics.g2d.SpriteBatch::draw@39 (line 565)
                      ; - com.badlogic.gdx.graphics.g2d.BitmapFontCache::draw@61 (line 249)
  0x000001fb87cbfddc: 2025 7eff | ba45 ffff | ff48 8b6c | 2420 448b | 5c24 2844 | 895c 2420 | 448b 5424 | 2c44 8954 
  0x000001fb87cbfdfc: 2424 4c8b | 5424 584c | 8954 2428 | 4489 4c24 | 7489 4c24 | 7866 6690 

  0x000001fb87cbfe14: ;   {runtime_call UncommonTrapBlob}
  0x000001fb87cbfe14: c5f8 77e8 

  0x000001fb87cbfe18: ; ImmutableOopMap {rbp=Oop [32]=NarrowOop [40]=Oop [64]=NarrowOop [68]=NarrowOop [104]=NarrowOop [116]=NarrowOop }
                      ;*if_icmple {reexecute=1 rethrow=0 return_oop=0}
                      ; - (reexecute) java.nio.Buffer::limit@55 (line 372)
                      ; - java.nio.FloatBuffer::limit@2 (line 1529)
                      ; - java.nio.FloatBuffer::limit@2 (line 267)
                      ; - com.badlogic.gdx.graphics.glutils.VertexArray::setVertices@24 (line 95)
                      ; - com.badlogic.gdx.graphics.Mesh::setVertices@7 (line 330)
                      ; - com.badlogic.gdx.graphics.g2d.SpriteBatch::flush@76 (line 964)
                      ; - com.badlogic.gdx.graphics.g2d.SpriteBatch::switchTexture@1 (line 1073)
                      ; - com.badlogic.gdx.graphics.g2d.SpriteBatch::draw@39 (line 565)
                      ; - com.badlogic.gdx.graphics.g2d.BitmapFontCache::draw@61 (line 249)
  0x000001fb87cbfe18: e424 7eff | bac6 ffff | ff48 8b6c | 2420 448b | 4c24 2844 | 894c 2420 | 448b 5c24 | 2c44 895c 
  0x000001fb87cbfe38: 2424 4c8b | 5c24 584c | 895c 2428 | 4489 5424 | 7044 8944 | 2474 6690 

  0x000001fb87cbfe50: ;   {runtime_call UncommonTrapBlob}
  0x000001fb87cbfe50: c5f8 77e8 

  0x000001fb87cbfe54: ; ImmutableOopMap {rbp=Oop [32]=NarrowOop [40]=Oop [64]=NarrowOop [68]=NarrowOop [104]=NarrowOop [112]=NarrowOop [116]=NarrowOop }
                      ;*invokeinterface setVertices {reexecute=0 rethrow=0 return_oop=0}
                      ; - com.badlogic.gdx.graphics.Mesh::setVertices@7 (line 330)
                      ; - com.badlogic.gdx.graphics.g2d.SpriteBatch::flush@76 (line 964)
                      ; - com.badlogic.gdx.graphics.g2d.SpriteBatch::switchTexture@1 (line 1073)
                      ; - com.badlogic.gdx.graphics.g2d.SpriteBatch::draw@39 (line 565)
                      ; - com.badlogic.gdx.graphics.g2d.BitmapFontCache::draw@61 (line 249)
  0x000001fb87cbfe54: a824 7eff | ba45 ffff | ff4c 8b54 | 2458 4c89 | 5424 5044 | 899c 2484 | 0000 0090 

  0x000001fb87cbfe70: ;   {runtime_call UncommonTrapBlob}
  0x000001fb87cbfe70: c5f8 77e8 

  0x000001fb87cbfe74: ; ImmutableOopMap {[32]=Oop [40]=NarrowOop [64]=NarrowOop [68]=NarrowOop [80]=Oop [88]=Oop [104]=NarrowOop [120]=Oop [132]=NarrowOop }
                      ;*if_icmple {reexecute=1 rethrow=0 return_oop=0}
                      ; - (reexecute) java.nio.Buffer::position@5 (line 315)
                      ; - java.nio.FloatBuffer::position@2 (line 1516)
                      ; - java.nio.FloatBuffer::position@2 (line 267)
                      ; - com.badlogic.gdx.graphics.glutils.VertexBufferObject::setVertices@20 (line 143)
                      ; - com.badlogic.gdx.graphics.Mesh::setVertices@7 (line 330)
                      ; - com.badlogic.gdx.graphics.g2d.SpriteBatch::flush@76 (line 964)
                      ; - com.badlogic.gdx.graphics.g2d.SpriteBatch::switchTexture@1 (line 1073)
                      ; - com.badlogic.gdx.graphics.g2d.SpriteBatch::draw@39 (line 565)
                      ; - com.badlogic.gdx.graphics.g2d.BitmapFontCache::draw@61 (line 249)
  0x000001fb87cbfe74: 8824 7eff | ba45 ffff | ff48 8b6c | 2420 448b | 4c24 2844 | 894c 2420 | 448b 4424 | 2c44 8944 
  0x000001fb87cbfe94: 2424 4c8b | 4424 584c | 8944 2428 | 4c8b 4424 | 784c 8944 | 2470 4489 | 5c24 7c44 | 8994 2480 
  0x000001fb87cbfeb4: 0000 0090 

  0x000001fb87cbfeb8: ;   {runtime_call UncommonTrapBlob}
  0x000001fb87cbfeb8: c5f8 77e8 

  0x000001fb87cbfebc: ; ImmutableOopMap {rbp=Oop [32]=NarrowOop [40]=Oop [64]=NarrowOop [68]=NarrowOop [104]=NarrowOop [112]=Oop [124]=NarrowOop }
                      ;*if_icmple {reexecute=1 rethrow=0 return_oop=0}
                      ; - (reexecute) java.nio.Buffer::position@37 (line 317)
                      ; - java.nio.FloatBuffer::position@2 (line 1516)
                      ; - java.nio.FloatBuffer::position@2 (line 267)
                      ; - com.badlogic.gdx.graphics.glutils.VertexBufferObject::setVertices@20 (line 143)
                      ; - com.badlogic.gdx.graphics.Mesh::setVertices@7 (line 330)
                      ; - com.badlogic.gdx.graphics.g2d.SpriteBatch::flush@76 (line 964)
                      ; - com.badlogic.gdx.graphics.g2d.SpriteBatch::switchTexture@1 (line 1073)
                      ; - com.badlogic.gdx.graphics.g2d.SpriteBatch::draw@39 (line 565)
                      ; - com.badlogic.gdx.graphics.g2d.BitmapFontCache::draw@61 (line 249)
  0x000001fb87cbfebc: 4024 7eff | ba45 ffff | ff4c 8b54 | 2458 4c89 | 5424 5044 | 899c 2484 | 0000 0090 

  0x000001fb87cbfed8: ;   {runtime_call UncommonTrapBlob}
  0x000001fb87cbfed8: c5f8 77e8 

  0x000001fb87cbfedc: ; ImmutableOopMap {[32]=Oop [40]=NarrowOop [64]=NarrowOop [68]=NarrowOop [80]=Oop [88]=Oop [104]=NarrowOop [120]=Oop [132]=NarrowOop }
                      ;*if_icmple {reexecute=1 rethrow=0 return_oop=0}
                      ; - (reexecute) java.nio.Buffer::limit@5 (line 368)
                      ; - java.nio.FloatBuffer::limit@2 (line 1529)
                      ; - java.nio.FloatBuffer::limit@2 (line 267)
                      ; - com.badlogic.gdx.graphics.glutils.VertexBufferObject::setVertices@29 (line 144)
                      ; - com.badlogic.gdx.graphics.Mesh::setVertices@7 (line 330)
                      ; - com.badlogic.gdx.graphics.g2d.SpriteBatch::flush@76 (line 964)
                      ; - com.badlogic.gdx.graphics.g2d.SpriteBatch::switchTexture@1 (line 1073)
                      ; - com.badlogic.gdx.graphics.g2d.SpriteBatch::draw@39 (line 565)
                      ; - com.badlogic.gdx.graphics.g2d.BitmapFontCache::draw@61 (line 249)
  0x000001fb87cbfedc: 2024 7eff | ba45 ffff | ff48 8b6c | 2420 448b | 5424 2844 | 8954 2420 | 448b 4424 | 2c44 8944 
  0x000001fb87cbfefc: 2424 4c8b | 5424 584c | 8954 2428 | 4c8b 5424 | 784c 8954 | 2470 4489 | 5c24 7c90 

  0x000001fb87cbff18: ;   {runtime_call UncommonTrapBlob}
  0x000001fb87cbff18: c5f8 77e8 

  0x000001fb87cbff1c: ; ImmutableOopMap {rbp=Oop [32]=NarrowOop [40]=Oop [64]=NarrowOop [68]=NarrowOop [104]=NarrowOop [112]=Oop [124]=NarrowOop }
                      ;*ifge {reexecute=1 rethrow=0 return_oop=0}
                      ; - (reexecute) java.nio.Buffer::limit@14 (line 368)
                      ; - java.nio.FloatBuffer::limit@2 (line 1529)
                      ; - java.nio.FloatBuffer::limit@2 (line 267)
                      ; - com.badlogic.gdx.graphics.glutils.VertexBufferObject::setVertices@29 (line 144)
                      ; - com.badlogic.gdx.graphics.Mesh::setVertices@7 (line 330)
                      ; - com.badlogic.gdx.graphics.g2d.SpriteBatch::flush@76 (line 964)
                      ; - com.badlogic.gdx.graphics.g2d.SpriteBatch::switchTexture@1 (line 1073)
                      ; - com.badlogic.gdx.graphics.g2d.SpriteBatch::draw@39 (line 565)
                      ; - com.badlogic.gdx.graphics.g2d.BitmapFontCache::draw@61 (line 249)
  0x000001fb87cbff1c: e023 7eff | ba45 ffff | ff48 8b6c | 2420 448b | 4424 2844 | 8944 2420 | 448b 4c24 | 2c44 894c 
  0x000001fb87cbff3c: 2424 4c8b | 4424 584c | 8944 2428 | 4c8b 4424 | 784c 8944 | 2470 4489 | 5c24 7c44 | 8994 2480 
  0x000001fb87cbff5c: 0000 0090 

  0x000001fb87cbff60: ;   {runtime_call UncommonTrapBlob}
  0x000001fb87cbff60: c5f8 77e8 

  0x000001fb87cbff64: ; ImmutableOopMap {rbp=Oop [32]=NarrowOop [40]=Oop [64]=NarrowOop [68]=NarrowOop [104]=NarrowOop [112]=Oop [124]=NarrowOop }
                      ;*if_icmple {reexecute=1 rethrow=0 return_oop=0}
                      ; - (reexecute) java.nio.Buffer::limit@55 (line 372)
                      ; - java.nio.FloatBuffer::limit@2 (line 1529)
                      ; - java.nio.FloatBuffer::limit@2 (line 267)
                      ; - com.badlogic.gdx.graphics.glutils.VertexBufferObject::setVertices@29 (line 144)
                      ; - com.badlogic.gdx.graphics.Mesh::setVertices@7 (line 330)
                      ; - com.badlogic.gdx.graphics.g2d.SpriteBatch::flush@76 (line 964)
                      ; - com.badlogic.gdx.graphics.g2d.SpriteBatch::switchTexture@1 (line 1073)
                      ; - com.badlogic.gdx.graphics.g2d.SpriteBatch::draw@39 (line 565)
                      ; - com.badlogic.gdx.graphics.g2d.BitmapFontCache::draw@61 (line 249)
  0x000001fb87cbff64: 9823 7eff | bade ffff | ff49 8bed | 895c 2428 | 4489 7424 | 2c48 ff74 | 2438 488f | 4424 3044 
  0x000001fb87cbff84: 8954 2438 | 897c 243c | 4489 5c24 | 4066 6690 

  0x000001fb87cbff94: ;   {runtime_call UncommonTrapBlob}
  0x000001fb87cbff94: c5f8 77e8 

  0x000001fb87cbff98: ; ImmutableOopMap {rbp=Oop [40]=NarrowOop [48]=Oop [60]=NarrowOop [64]=NarrowOop }
                      ;*checkcast {reexecute=0 rethrow=0 return_oop=0}
                      ; - com.badlogic.gdx.graphics.g2d.BitmapFontCache::draw@46 (line 249)
  0x000001fb87cbff98: 6423 7eff | baf6 ffff | ff66 6690 

  0x000001fb87cbffa4: ;   {runtime_call UncommonTrapBlob}
  0x000001fb87cbffa4: c5f8 77e8 

  0x000001fb87cbffa8: ; ImmutableOopMap {}
                      ;*invokevirtual getRegions {reexecute=0 rethrow=0 return_oop=0}
                      ; - com.badlogic.gdx.graphics.g2d.BitmapFontCache::draw@4 (line 245)
  0x000001fb87cbffa8: 5423 7eff | baf6 ffff | ff66 6690 

  0x000001fb87cbffb4: ;   {runtime_call UncommonTrapBlob}
  0x000001fb87cbffb4: c5f8 77e8 

  0x000001fb87cbffb8: ; ImmutableOopMap {}
                      ;*arraylength {reexecute=0 rethrow=0 return_oop=0}
                      ; - com.badlogic.gdx.graphics.g2d.BitmapFontCache::draw@14 (line 246)
  0x000001fb87cbffb8: 4423 7eff | baf6 ffff | ff41 8bea 

  0x000001fb87cbffc4: ;   {runtime_call UncommonTrapBlob}
  0x000001fb87cbffc4: c5f8 77e8 

  0x000001fb87cbffc8: ; ImmutableOopMap {}
                      ;*iaload {reexecute=0 rethrow=0 return_oop=0}
                      ; - com.badlogic.gdx.graphics.g2d.BitmapFontCache::draw@28 (line 247)
  0x000001fb87cbffc8: 3423 7eff | baf6 ffff | ff41 8bea 

  0x000001fb87cbffd4: ;   {runtime_call UncommonTrapBlob}
  0x000001fb87cbffd4: c5f8 77e8 

  0x000001fb87cbffd8: ; ImmutableOopMap {}
                      ;*aaload {reexecute=0 rethrow=0 return_oop=0}
                      ; - com.badlogic.gdx.graphics.g2d.BitmapFontCache::draw@37 (line 248)
  0x000001fb87cbffd8: 2423 7eff | baf6 ffff | ff41 8bea 

  0x000001fb87cbffe4: ;   {runtime_call UncommonTrapBlob}
  0x000001fb87cbffe4: c5f8 77e8 

  0x000001fb87cbffe8: ; ImmutableOopMap {}
                      ;*aaload {reexecute=0 rethrow=0 return_oop=0}
                      ; - com.badlogic.gdx.utils.Array::get@52 (line 156)
                      ; - com.badlogic.gdx.graphics.g2d.BitmapFontCache::draw@43 (line 249)
  0x000001fb87cbffe8: 1423 7eff | baf4 ffff | ff49 8bed | 895c 2428 | 4489 7424 | 2c48 ff74 | 2438 488f | 4424 3044 
  0x000001fb87cc0008: 8954 2438 | 897c 243c 

  0x000001fb87cc0010: ;   {runtime_call UncommonTrapBlob}
  0x000001fb87cc0010: c5f8 77e8 

  0x000001fb87cc0014: ; ImmutableOopMap {rbp=Oop [40]=NarrowOop [48]=Oop [60]=NarrowOop }
                      ;*checkcast {reexecute=0 rethrow=0 return_oop=0}
                      ; - com.badlogic.gdx.graphics.g2d.BitmapFontCache::draw@46 (line 249)
  0x000001fb87cc0014: e822 7eff | baf6 ffff | ff66 6690 

  0x000001fb87cc0020: ;   {runtime_call UncommonTrapBlob}
  0x000001fb87cc0020: c5f8 77e8 

  0x000001fb87cc0024: ; ImmutableOopMap {}
                      ;*arraylength {reexecute=0 rethrow=0 return_oop=0}
                      ; - com.badlogic.gdx.graphics.g2d.SpriteBatch::draw@22 (line 562)
                      ; - com.badlogic.gdx.graphics.g2d.BitmapFontCache::draw@61 (line 249)
  0x000001fb87cc0024: d822 7eff | baf6 ffff | ff89 4c24 | 2044 8944 | 2424 6690 

  0x000001fb87cc0038: ;   {runtime_call UncommonTrapBlob}
  0x000001fb87cc0038: c5f8 77e8 

  0x000001fb87cc003c: ; ImmutableOopMap {rbp=NarrowOop }
                      ;*invokestatic arraycopy {reexecute=0 rethrow=0 return_oop=0}
                      ; - com.badlogic.gdx.graphics.g2d.SpriteBatch::draw@88 (line 575)
                      ; - com.badlogic.gdx.graphics.g2d.BitmapFontCache::draw@61 (line 249)
  0x000001fb87cc003c: c022 7eff | baf6 ffff | ff8b 6c24 | 2c66 6690 

  0x000001fb87cc004c: ;   {runtime_call UncommonTrapBlob}
  0x000001fb87cc004c: c5f8 77e8 

  0x000001fb87cc0050: ; ImmutableOopMap {rbp=NarrowOop }
                      ;*invokestatic arraycopy {reexecute=0 rethrow=0 return_oop=0}
                      ; - com.badlogic.gdx.graphics.g2d.SpriteBatch::draw@88 (line 575)
                      ; - com.badlogic.gdx.graphics.g2d.BitmapFontCache::draw@61 (line 249)
  0x000001fb87cc0050: ac22 7eff | eb00 488b | d0eb 1748 | 8bd0 eb12 | 488b d0eb | 0d48 8bd0 | eb08 488b | d0eb 0348 
  0x000001fb87cc0070: 8bd0 c5f8 | 7748 81c4 | c000 0000 

  0x000001fb87cc007c: ;   {runtime_call _rethrow_Java}
  0x000001fb87cc007c: 5de9 7e1e | 89ff baf6 | ffff ff90 

  0x000001fb87cc0088: ;   {runtime_call UncommonTrapBlob}
  0x000001fb87cc0088: c5f8 77e8 

  0x000001fb87cc008c: ; ImmutableOopMap {}
                      ;*invokevirtual getWidth {reexecute=0 rethrow=0 return_oop=0}
                      ; - com.badlogic.gdx.graphics.g2d.SpriteBatch::switchTexture@12 (line 1075)
                      ; - com.badlogic.gdx.graphics.g2d.SpriteBatch::draw@39 (line 565)
                      ; - com.badlogic.gdx.graphics.g2d.BitmapFontCache::draw@61 (line 249)
  0x000001fb87cc008c: 7022 7eff | baf6 ffff | ff66 6690 

  0x000001fb87cc0098: ;   {runtime_call UncommonTrapBlob}
  0x000001fb87cc0098: c5f8 77e8 

  0x000001fb87cc009c: ; ImmutableOopMap {}
                      ;*invokeinterface getWidth {reexecute=0 rethrow=0 return_oop=0}
                      ; - com.badlogic.gdx.graphics.Texture::getWidth@4 (line 196)
                      ; - com.badlogic.gdx.graphics.g2d.SpriteBatch::switchTexture@12 (line 1075)
                      ; - com.badlogic.gdx.graphics.g2d.SpriteBatch::draw@39 (line 565)
                      ; - com.badlogic.gdx.graphics.g2d.BitmapFontCache::draw@61 (line 249)
  0x000001fb87cc009c: 6022 7eff | baf6 ffff | ff66 6690 

  0x000001fb87cc00a8: ;   {runtime_call UncommonTrapBlob}
  0x000001fb87cc00a8: c5f8 77e8 

  0x000001fb87cc00ac: ; ImmutableOopMap {}
                      ;*invokevirtual bind {reexecute=0 rethrow=0 return_oop=0}
                      ; - com.badlogic.gdx.graphics.g2d.SpriteBatch::flush@58 (line 962)
                      ; - com.badlogic.gdx.graphics.g2d.SpriteBatch::switchTexture@1 (line 1073)
                      ; - com.badlogic.gdx.graphics.g2d.SpriteBatch::draw@39 (line 565)
                      ; - com.badlogic.gdx.graphics.g2d.BitmapFontCache::draw@61 (line 249)
  0x000001fb87cc00ac: 5022 7eff | baf6 ffff | ff41 8be9 | 4489 5424 | 2066 6690 

  0x000001fb87cc00c0: ;   {runtime_call UncommonTrapBlob}
  0x000001fb87cc00c0: c5f8 77e8 

  0x000001fb87cc00c4: ; ImmutableOopMap {}
                      ;*invokeinterface glBindTexture {reexecute=0 rethrow=0 return_oop=0}
                      ; - com.badlogic.gdx.graphics.GLTexture::bind@11 (line 73)
                      ; - com.badlogic.gdx.graphics.g2d.SpriteBatch::flush@58 (line 962)
                      ; - com.badlogic.gdx.graphics.g2d.SpriteBatch::switchTexture@1 (line 1073)
                      ; - com.badlogic.gdx.graphics.g2d.SpriteBatch::draw@39 (line 565)
                      ; - com.badlogic.gdx.graphics.g2d.BitmapFontCache::draw@61 (line 249)
  0x000001fb87cc00c4: 3822 7eff | baf6 ffff | ff41 8be8 

  0x000001fb87cc00d0: ;   {runtime_call UncommonTrapBlob}
  0x000001fb87cc00d0: c5f8 77e8 

  0x000001fb87cc00d4: ; ImmutableOopMap {rbp=NarrowOop }
                      ;*invokevirtual setVertices {reexecute=0 rethrow=0 return_oop=0}
                      ; - com.badlogic.gdx.graphics.g2d.SpriteBatch::flush@76 (line 964)
                      ; - com.badlogic.gdx.graphics.g2d.SpriteBatch::switchTexture@1 (line 1073)
                      ; - com.badlogic.gdx.graphics.g2d.SpriteBatch::draw@39 (line 565)
                      ; - com.badlogic.gdx.graphics.g2d.BitmapFontCache::draw@61 (line 249)
  0x000001fb87cc00d4: 2822 7eff | baf6 ffff | ff41 8be8 

  0x000001fb87cc00e0: ;   {runtime_call UncommonTrapBlob}
  0x000001fb87cc00e0: c5f8 77e8 

  0x000001fb87cc00e4: ; ImmutableOopMap {rbp=NarrowOop }
                      ;*invokeinterface setVertices {reexecute=0 rethrow=0 return_oop=0}
                      ; - com.badlogic.gdx.graphics.Mesh::setVertices@7 (line 330)
                      ; - com.badlogic.gdx.graphics.g2d.SpriteBatch::flush@76 (line 964)
                      ; - com.badlogic.gdx.graphics.g2d.SpriteBatch::switchTexture@1 (line 1073)
                      ; - com.badlogic.gdx.graphics.g2d.SpriteBatch::draw@39 (line 565)
                      ; - com.badlogic.gdx.graphics.g2d.BitmapFontCache::draw@61 (line 249)
  0x000001fb87cc00e4: 1822 7eff | baf6 ffff | ff66 6690 

  0x000001fb87cc00f0: ;   {runtime_call UncommonTrapBlob}
  0x000001fb87cc00f0: c5f8 77e8 

  0x000001fb87cc00f4: ; ImmutableOopMap {}
                      ;*invokeinterface getBuffer {reexecute=0 rethrow=0 return_oop=0}
                      ; - com.badlogic.gdx.graphics.Mesh::getIndicesBuffer@5 (line 971)
                      ; - com.badlogic.gdx.graphics.g2d.SpriteBatch::flush@82 (line 965)
                      ; - com.badlogic.gdx.graphics.g2d.SpriteBatch::switchTexture@1 (line 1073)
                      ; - com.badlogic.gdx.graphics.g2d.SpriteBatch::draw@39 (line 565)
                      ; - com.badlogic.gdx.graphics.g2d.BitmapFontCache::draw@61 (line 249)
  0x000001fb87cc00f4: 0822 7eff | baf6 ffff | ff66 6690 

  0x000001fb87cc0100: ;   {runtime_call UncommonTrapBlob}
  0x000001fb87cc0100: c5f8 77e8 

  0x000001fb87cc0104: ; ImmutableOopMap {}
                      ;*invokevirtual position {reexecute=0 rethrow=0 return_oop=0}
                      ; - com.badlogic.gdx.graphics.g2d.SpriteBatch::flush@90 (line 966)
                      ; - com.badlogic.gdx.graphics.g2d.SpriteBatch::switchTexture@1 (line 1073)
                      ; - com.badlogic.gdx.graphics.g2d.SpriteBatch::draw@39 (line 565)
                      ; - com.badlogic.gdx.graphics.g2d.BitmapFontCache::draw@61 (line 249)
  0x000001fb87cc0104: f821 7eff | baf6 ffff | ff66 6690 

  0x000001fb87cc0110: ;   {runtime_call UncommonTrapBlob}
  0x000001fb87cc0110: c5f8 77e8 

  0x000001fb87cc0114: ; ImmutableOopMap {}
                      ;*invokeinterface glEnable {reexecute=0 rethrow=0 return_oop=0}
                      ; - com.badlogic.gdx.graphics.g2d.SpriteBatch::flush@128 (line 972)
                      ; - com.badlogic.gdx.graphics.g2d.SpriteBatch::switchTexture@1 (line 1073)
                      ; - com.badlogic.gdx.graphics.g2d.SpriteBatch::draw@39 (line 565)
                      ; - com.badlogic.gdx.graphics.g2d.BitmapFontCache::draw@61 (line 249)
  0x000001fb87cc0114: e821 7eff | baf6 ffff | ff41 8bea | 895c 2420 | 4489 4c24 | 2444 895c | 2428 6690 

  0x000001fb87cc0130: ;   {runtime_call UncommonTrapBlob}
  0x000001fb87cc0130: c5f8 77e8 

  0x000001fb87cc0134: ; ImmutableOopMap {}
                      ;*invokeinterface glBlendFuncSeparate {reexecute=0 rethrow=0 return_oop=0}
                      ; - com.badlogic.gdx.graphics.g2d.SpriteBatch::flush@160 (line 973)
                      ; - com.badlogic.gdx.graphics.g2d.SpriteBatch::switchTexture@1 (line 1073)
                      ; - com.badlogic.gdx.graphics.g2d.SpriteBatch::draw@39 (line 565)
                      ; - com.badlogic.gdx.graphics.g2d.BitmapFontCache::draw@61 (line 249)
  0x000001fb87cc0134: c821 7eff | baf4 ffff | ff48 8b6c | 2420 448b | 5c24 2844 | 895c 2420 | 448b 5424 | 2c44 8954 
  0x000001fb87cc0154: 2424 4c8b | 5424 584c | 8954 2428 | 4c8b 5424 | 784c 8954 | 2470 4489 | 4424 7890 

  0x000001fb87cc0170: ;   {runtime_call UncommonTrapBlob}
  0x000001fb87cc0170: c5f8 77e8 

  0x000001fb87cc0174: ; ImmutableOopMap {rbp=Oop [32]=NarrowOop [40]=Oop [64]=NarrowOop [68]=NarrowOop [104]=NarrowOop [112]=Oop [120]=NarrowOop }
                      ;*instanceof {reexecute=0 rethrow=0 return_oop=0}
                      ; - com.badlogic.gdx.utils.BufferUtils::copy@1 (line 54)
                      ; - com.badlogic.gdx.graphics.glutils.VertexArray::setVertices@7 (line 93)
                      ; - com.badlogic.gdx.graphics.Mesh::setVertices@7 (line 330)
                      ; - com.badlogic.gdx.graphics.g2d.SpriteBatch::flush@76 (line 964)
                      ; - com.badlogic.gdx.graphics.g2d.SpriteBatch::switchTexture@1 (line 1073)
                      ; - com.badlogic.gdx.graphics.g2d.SpriteBatch::draw@39 (line 565)
                      ; - com.badlogic.gdx.graphics.g2d.BitmapFontCache::draw@61 (line 249)
  0x000001fb87cc0174: 8821 7eff | baf6 ffff | ff66 6690 

  0x000001fb87cc0180: ;   {runtime_call UncommonTrapBlob}
  0x000001fb87cc0180: c5f8 77e8 

  0x000001fb87cc0184: ; ImmutableOopMap {}
                      ;*invokevirtual position {reexecute=0 rethrow=0 return_oop=0}
                      ; - com.badlogic.gdx.graphics.glutils.VertexArray::setVertices@15 (line 94)
                      ; - com.badlogic.gdx.graphics.Mesh::setVertices@7 (line 330)
                      ; - com.badlogic.gdx.graphics.g2d.SpriteBatch::flush@76 (line 964)
                      ; - com.badlogic.gdx.graphics.g2d.SpriteBatch::switchTexture@1 (line 1073)
                      ; - com.badlogic.gdx.graphics.g2d.SpriteBatch::draw@39 (line 565)
                      ; - com.badlogic.gdx.graphics.g2d.BitmapFontCache::draw@61 (line 249)
  0x000001fb87cc0184: 7821 7eff | baf6 ffff | ff66 6690 

  0x000001fb87cc0190: ;   {runtime_call UncommonTrapBlob}
  0x000001fb87cc0190: c5f8 77e8 

  0x000001fb87cc0194: ; ImmutableOopMap {}
                      ;*invokevirtual position {reexecute=0 rethrow=0 return_oop=0}
                      ; - com.badlogic.gdx.graphics.glutils.VertexBufferObject::setVertices@20 (line 143)
                      ; - com.badlogic.gdx.graphics.Mesh::setVertices@7 (line 330)
                      ; - com.badlogic.gdx.graphics.g2d.SpriteBatch::flush@76 (line 964)
                      ; - com.badlogic.gdx.graphics.g2d.SpriteBatch::switchTexture@1 (line 1073)
                      ; - com.badlogic.gdx.graphics.g2d.SpriteBatch::draw@39 (line 565)
                      ; - com.badlogic.gdx.graphics.g2d.BitmapFontCache::draw@61 (line 249)
  0x000001fb87cc0194: 6821 7eff 

  0x000001fb87cc0198: ;   {internal_word}
  0x000001fb87cc0198: 49ba 82f6 | cb87 fb01 | 0000 4d89 | 9760 0300 

  0x000001fb87cc01a8: ;   {runtime_call SafepointBlob}
  0x000001fb87cc01a8: 00e9 5232 | 7eff f4f4 | f4f4 f4f4 | f4f4 f4f4 | f4f4 f4f4 | f4f4 f4f4 
[Stub Code]
  0x000001fb87cc01c0: ;   {no_reloc}
  0x000001fb87cc01c0: 48bb 0000 | 0000 0000 

  0x000001fb87cc01c8: ;   {runtime_call}
  0x000001fb87cc01c8: 0000 e9fb 

  0x000001fb87cc01cc: ;   {static_stub}
  0x000001fb87cc01cc: ffff ff48 | bb00 0000 | 0000 0000 

  0x000001fb87cc01d8: ;   {runtime_call}
  0x000001fb87cc01d8: 00e9 fbff 

  0x000001fb87cc01dc: ;   {static_stub}
  0x000001fb87cc01dc: ffff 48bb | 0000 0000 | 0000 0000 

  0x000001fb87cc01e8: ;   {runtime_call}
  0x000001fb87cc01e8: e9fb ffff 

  0x000001fb87cc01ec: ;   {static_stub}
  0x000001fb87cc01ec: ff48 bb00 | 0000 0000 

  0x000001fb87cc01f4: ;   {runtime_call}
  0x000001fb87cc01f4: 0000 00e9 | fbff ffff 

  0x000001fb87cc01fc: ;   {static_stub}
  0x000001fb87cc01fc: 48bb 0000 | 0000 0000 

  0x000001fb87cc0204: ;   {runtime_call}
  0x000001fb87cc0204: 0000 e9fb 

  0x000001fb87cc0208: ;   {static_stub}
  0x000001fb87cc0208: ffff ff48 | bb00 0000 | 0000 0000 

  0x000001fb87cc0214: ;   {runtime_call}
  0x000001fb87cc0214: 00e9 fbff 

  0x000001fb87cc0218: ;   {static_stub}
  0x000001fb87cc0218: ffff 48bb | 0000 0000 | 0000 0000 

  0x000001fb87cc0224: ;   {runtime_call}
  0x000001fb87cc0224: e9fb ffff 

  0x000001fb87cc0228: ;   {runtime_call ExceptionBlob}
  0x000001fb87cc0228: ffe9 522b | 88ff e800 | 0000 0048 | 832c 2405 

  0x000001fb87cc0238: ;   {runtime_call DeoptimizationBlob}
  0x000001fb87cc0238: e963 247e | fff4 f4f4 
[/MachCode]


Compiled method (c2)  305169 2377       4       io.github.universityTycoon.MainScreen::draw (1221 bytes)
 total in heap  [0x000001fb87d6f990,0x000001fb87d8ca50] = 118976
 relocation     [0x000001fb87d6fae8,0x000001fb87d70910] = 3624
 constants      [0x000001fb87d70920,0x000001fb87d709a0] = 128
 main code      [0x000001fb87d709a0,0x000001fb87d80180] = 63456
 stub code      [0x000001fb87d80180,0x000001fb87d807e0] = 1632
 oops           [0x000001fb87d807e0,0x000001fb87d80b58] = 888
 metadata       [0x000001fb87d80b58,0x000001fb87d810f0] = 1432
 scopes data    [0x000001fb87d810f0,0x000001fb87d88e28] = 32056
 scopes pcs     [0x000001fb87d88e28,0x000001fb87d8b738] = 10512
 dependencies   [0x000001fb87d8b738,0x000001fb87d8b818] = 224
 handler table  [0x000001fb87d8b818,0x000001fb87d8c838] = 4128
 nul chk table  [0x000001fb87d8c838,0x000001fb87d8ca50] = 536


[Constant Pool]
             Address          hex4                    hex8      
  0x000001fb87d70920:   0x40e00000      0x4180000040e00000      
  0x000001fb87d70924:   0x41800000                              
  0x000001fb87d70928:   0x40000000      0x4101999a40000000      
  0x000001fb87d7092c:   0x4101999a                              
  0x000001fb87d70930:   0x3fc00000      0x3f4000003fc00000      
  0x000001fb87d70934:   0x3f400000                              
  0x000001fb87d70938:   0xbf000000      0x40f33333bf000000      
  0x000001fb87d7093c:   0x40f33333                              
  0x000001fb87d70940:   0x41080000      0x410e666641080000      
  0x000001fb87d70944:   0x410e6666                              
  0x000001fb87d70948:   0x40b9999a      0x410f333340b9999a      
  0x000001fb87d7094c:   0x410f3333                              
  0x000001fb87d70950:   0x3d4ccccd      0x415266663d4ccccd      
  0x000001fb87d70954:   0x41526666                              
  0x000001fb87d70958:   0x410b3333      0x4104cccd410b3333      
  0x000001fb87d7095c:   0x4104cccd                              
  0x000001fb87d70960:   0x3c23d70a      0x3ffd70a43c23d70a      
  0x000001fb87d70964:   0x3ffd70a4                              
  0x000001fb87d70968:   0x3fb0a3d7      0x3f8a3d713fb0a3d7      
  0x000001fb87d7096c:   0x3f8a3d71                              
  0x000001fb87d70970:   0x3f47ae14      0x3ef5c28f3f47ae14      
  0x000001fb87d70974:   0x3ef5c28f                              
  0x000001fb87d70978:   0x3fd70a3d      0x44c440003fd70a3d      
  0x000001fb87d7097c:   0x44c44000                              
  0x000001fb87d70980:   0x446d0000      0x44870000446d0000      
  0x000001fb87d70984:   0x44870000                              
  0x000001fb87d70988:   0x40a00000      0x446d800040a00000      
  0x000001fb87d7098c:   0x446d8000                              
  0x000001fb87d70990:   0x44f00000      0x4080000044f00000      
  0x000001fb87d70994:   0x40800000                              
  0x000001fb87d70998:   0x44c40000      0x411828f644c40000      
  0x000001fb87d7099c:   0x411828f6                              

[MachCode]
[Entry Point]
  # {method} {0x000001fbd76a4008} 'draw' '()V' in 'io/github/universityTycoon/MainScreen'
  #           [sp+0xc0]  (sp of caller)
  0x000001fb87d709a0: ;   {no_reloc}
  0x000001fb87d709a0: 448b 5208 | 49bb 0000 | 0096 fb01 | 0000 4d03 | d349 3bc2 

  0x000001fb87d709b4: ;   {runtime_call ic_miss_stub}
  0x000001fb87d709b4: 0f85 c6c0 | 72ff 6690 | 0f1f 4000 
[Verified Entry Point]
  0x000001fb87d709c0: 8984 2400 | 90ff ff55 | 4881 ecb0 | 0000 004c | 8bc2 8b6a | 1445 0fb6 | 54ec 3845 | 85d2 0f85 
  0x000001fb87d709e0: 40a7 0000 | 4589 64ec 

  0x000001fb87d709e8: ;   {oop(a 'java/lang/Class'{0x000000070ad59ae8} = 'com/badlogic/gdx/Gdx')}
  0x000001fb87d709e8: 2c49 bae8 | 9ad5 0a07 | 0000 0045 | 8b9a 8800 | 0000 478b 

  0x000001fb87d709fc: ;   {metadata('com/badlogic/gdx/backends/lwjgl3/Lwjgl3GL20')}
  0x000001fb87d709fc: 54dc 0841 | 81fa 882c | 0301 0f85 | 6092 0000 | 4889 5424 | 284d 8d14 | ec4c 8954 | 2420 4d8b 
  0x000001fb87d70a1c: 9788 0200 | 004d 8b12 | 4c89 5424 | 3033 d290 

  0x000001fb87d70a2c: ;   {static_call}
  0x000001fb87d70a2c: c5f8 77e8 

  0x000001fb87d70a30: ; ImmutableOopMap {rbp=NarrowOop [32]=Oop [40]=Oop [48]=Oop }
                      ;*invokestatic glDepthMask {reexecute=0 rethrow=0 return_oop=0}
                      ; - org.lwjgl.opengl.GL11::glDepthMask@1 (line 1780)
                      ; - com.badlogic.gdx.backends.lwjgl3.Lwjgl3GL20::glDepthMask@1 (line 255)
                      ; - com.badlogic.gdx.graphics.g2d.SpriteBatch::begin@26 (line 179)
                      ; - io.github.universityTycoon.MainScreen::draw@4 (line 242)
  0x000001fb87d70a30: 0c6c efff | 458b 54ec | 5845 85d2 | 0f85 faa6 | 0000 458b | 5cec 5447 | 0fb6 54dc 

  0x000001fb87d70a4c: ;   {oop(a 'java/lang/Class'{0x000000070ad59ae8} = 'com/badlogic/gdx/Gdx')}
  0x000001fb87d70a4c: 1d49 b8e8 | 9ad5 0a07 | 0000 0045 | 8b80 8c00 | 0000 4585 | d20f 85f1 | a600 0043 | 8b54 dc0c 
  0x000001fb87d70a6c: ; implicit exception: dispatches to 0x000001fb87d7f864
  0x000001fb87d70a6c: 478b 54c4 

  0x000001fb87d70a70: ;   {metadata('com/badlogic/gdx/backends/lwjgl3/Lwjgl3GL20')}
  0x000001fb87d70a70: 0841 81fa | 882c 0301 | 0f85 0692 | 0000 6690 

  0x000001fb87d70a80: ;   {static_call}
  0x000001fb87d70a80: c5f8 77e8 

  0x000001fb87d70a84: ; ImmutableOopMap {rbp=NarrowOop [32]=Oop [40]=Oop [48]=Oop }
                      ;*invokestatic glUseProgram {reexecute=0 rethrow=0 return_oop=0}
                      ; - org.lwjgl.opengl.GL20::glUseProgram@1 (line 398)
                      ; - com.badlogic.gdx.backends.lwjgl3.Lwjgl3GL20::glUseProgram@1 (line 773)
                      ; - com.badlogic.gdx.graphics.glutils.ShaderProgram::bind@13 (line 705)
                      ; - com.badlogic.gdx.graphics.g2d.SpriteBatch::begin@52 (line 183)
                      ; - io.github.universityTycoon.MainScreen::draw@4 (line 242)
  0x000001fb87d70a84: 382d f0ff | 488b 5424 | 2066 6690 

  0x000001fb87d70a90: ;   {optimized virtual_call}
  0x000001fb87d70a90: c5f8 77e8 

  0x000001fb87d70a94: ; ImmutableOopMap {rbp=NarrowOop [32]=Oop [40]=Oop [48]=Oop }
                      ;*invokevirtual setupMatrices {reexecute=0 rethrow=0 return_oop=0}
                      ; - com.badlogic.gdx.graphics.g2d.SpriteBatch::begin@56 (line 184)
                      ; - io.github.universityTycoon.MainScreen::draw@4 (line 242)
  0x000001fb87d70a94: a8a7 f7ff | 41c6 44ec 

  0x000001fb87d70a9c: ;   {oop(a 'java/lang/Class'{0x000000070ad59ae8} = 'com/badlogic/gdx/Gdx')}
  0x000001fb87d70a9c: 3801 49ba | e89a d50a | 0700 0000 | 458b 8288 

  0x000001fb87d70aac: ;   {oop(a 'com/badlogic/gdx/graphics/Color'{0x000000070ac01770})}
  0x000001fb87d70aac: 0000 0049 | ba70 17c0 | 0a07 0000 | 00c4 c17a | 1042 0cc4 | c17a 105a | 18c4 c17a | 1052 14c4 
  0x000001fb87d70acc: c17a 104a | 1047 8b54 

  0x000001fb87d70ad4: ;   {metadata('com/badlogic/gdx/backends/lwjgl3/Lwjgl3GL20')}
  0x000001fb87d70ad4: c408 4181 | fa88 2c03 | 010f 85c1 | 9100 0090 

  0x000001fb87d70ae4: ;   {static_call}
  0x000001fb87d70ae4: c5f8 77e8 

  0x000001fb87d70ae8: ; ImmutableOopMap {[40]=Oop [48]=Oop }
                      ;*invokestatic glClearColor {reexecute=0 rethrow=0 return_oop=0}
                      ; - org.lwjgl.opengl.GL11::glClearColor@4 (line 1022)
                      ; - com.badlogic.gdx.backends.lwjgl3.Lwjgl3GL20::glClearColor@5 (line 154)
                      ; - com.badlogic.gdx.utils.ScreenUtils::clear@7 (line 68)
                      ; - com.badlogic.gdx.utils.ScreenUtils::clear@7 (line 59)
                      ; - com.badlogic.gdx.utils.ScreenUtils::clear@17 (line 41)
                      ; - io.github.universityTycoon.MainScreen::draw@10 (line 244)
  0x000001fb87d70ae8: 5420 f2ff 

  0x000001fb87d70aec: ;   {oop(a 'java/lang/Class'{0x000000070ad59ae8} = 'com/badlogic/gdx/Gdx')}
  0x000001fb87d70aec: 49ba e89a | d50a 0700 | 0000 458b | 9a88 0000 | 0047 8b54 

  0x000001fb87d70b00: ;   {metadata('com/badlogic/gdx/backends/lwjgl3/Lwjgl3GL20')}
  0x000001fb87d70b00: dc08 4181 | fa88 2c03 | 010f 85c5 | 9100 00ba | 0040 0000 

  0x000001fb87d70b14: ;   {static_call}
  0x000001fb87d70b14: c5f8 77e8 

  0x000001fb87d70b18: ; ImmutableOopMap {[40]=Oop [48]=Oop }
                      ;*invokestatic glClear {reexecute=0 rethrow=0 return_oop=0}
                      ; - org.lwjgl.opengl.GL11::glClear@1 (line 992)
                      ; - com.badlogic.gdx.backends.lwjgl3.Lwjgl3GL20::glClear@1 (line 150)
                      ; - com.badlogic.gdx.utils.ScreenUtils::clear@61 (line 72)
                      ; - com.badlogic.gdx.utils.ScreenUtils::clear@7 (line 59)
                      ; - com.badlogic.gdx.utils.ScreenUtils::clear@17 (line 41)
                      ; - io.github.universityTycoon.MainScreen::draw@10 (line 244)
  0x000001fb87d70b18: 2424 f2ff | 4c8b 5424 | 2845 8b5a | 2045 85db | 0f84 168e | 0000 498b | ea4b 8d14 | dc45 33c0 
  0x000001fb87d70b38: ;   {optimized virtual_call}
  0x000001fb87d70b38: c5f8 77e8 

  0x000001fb87d70b3c: ; ImmutableOopMap {rbp=Oop [48]=Oop }
                      ;*invokevirtual apply {reexecute=0 rethrow=0 return_oop=0}
                      ; - com.badlogic.gdx.utils.viewport.Viewport::apply@2 (line 43)
                      ; - io.github.universityTycoon.MainScreen::draw@17 (line 245)
  0x000001fb87d70b3c: 40c2 72ff | 448b 5520 

  0x000001fb87d70b44: ; implicit exception: dispatches to 0x000001fb87d7f8a8
  0x000001fb87d70b44: 478b 5cd4 | 2447 8b4c | dc30 8b7d | 1445 0fb6 | 54fc 3845 | 85d2 0f84 | 20a6 0000 | 458b 44fc 
  0x000001fb87d70b64: 0c49 8d1c | fc45 85c0 | 0f84 5204 | 0000 458b | 5cfc 344d | 63d0 41c1 | f81f 4d69 | d267 6666 
  0x000001fb87d70b84: 6649 c1fa | 2345 8bd2 | 452b d045 | 3bd3 0f8f | 016e 0000 | 41ff 44fc | 3045 8b5c | fc44 41ff 
  0x000001fb87d70ba4: 44fc 2c43 | 8b4c dc0c | 478b 44dc 

  0x000001fb87d70bb0: ;   {oop(a 'java/lang/Class'{0x000000070ad59ae8} = 'com/badlogic/gdx/Gdx')}
  0x000001fb87d70bb0: 1049 bbe8 | 9ad5 0a07 | 0000 0045 | 8b9b 8800 | 0000 438b | 74dc 0841 | 8bd2 c1e2 | 0241 d1e2 
  0x000001fb87d70bd0: ;   {metadata('com/badlogic/gdx/backends/lwjgl3/Lwjgl3GL20')}
  0x000001fb87d70bd0: 4403 d281 | fe88 2c03 | 010f 855f | 9e00 0044 | 8954 2440 | 4889 5c24 | 3889 7c24 | 2844 894c 
  0x000001fb87d70bf0: 242c 4889 | 6c24 208b | d166 6690 

  0x000001fb87d70bfc: ;   {static_call}
  0x000001fb87d70bfc: c5f8 77e8 

  0x000001fb87d70c00: ; ImmutableOopMap {rbp=Oop [32]=Oop [40]=NarrowOop [44]=NarrowOop [48]=Oop [56]=Oop }
                      ;*invokestatic glBindTexture {reexecute=0 rethrow=0 return_oop=0}
                      ; - org.lwjgl.opengl.GL11::glBindTexture@2 (line 854)
                      ; - com.badlogic.gdx.backends.lwjgl3.Lwjgl3GL20::glBindTexture@2 (line 92)
                      ; - com.badlogic.gdx.graphics.GLTexture::bind@11 (line 73)
                      ; - com.badlogic.gdx.graphics.g2d.SpriteBatch::flush@58 (line 962)
                      ; - com.badlogic.gdx.graphics.g2d.SpriteBatch::setProjectionMatrix@8 (line 1049)
                      ; - io.github.universityTycoon.MainScreen::draw@34 (line 246)
  0x000001fb87d70c00: 7cc7 72ff | 8b4c 2428 | 418b 5ccc | 3c45 8b5c | cc40 418b | 74cc 0c45 | 8b4c dc10 

  0x000001fb87d70c1c: ; implicit exception: dispatches to 0x000001fb87d7fadc
  0x000001fb87d70c1c: 478b 54cc | 0849 8d3c | dc49 8bd3 | 48c1 e203 | 448b c641 | c1e0 024b 

  0x000001fb87d70c34: ;   {metadata('com/badlogic/gdx/graphics/glutils/VertexBufferObject')}
  0x000001fb87d70c34: 8d2c cc41 | 81fa 10e8 | 0801 0f84 | 2c01 0000 

  0x000001fb87d70c44: ;   {metadata('com/badlogic/gdx/graphics/glutils/VertexArray')}
  0x000001fb87d70c44: 4181 fab0 | 1c08 010f | 850b ac00 | 0044 8b55 | 1847 8b4c 

  0x000001fb87d70c58: ;   {metadata('java/nio/DirectByteBuffer')}
  0x000001fb87d70c58: d408 4181 | f9d0 571c | 000f 852d | ac00 004f | 8d0c d445 | 8b51 2045 | 3bc2 0f8f | 6faf 0000 
  0x000001fb87d70c78: 4585 c00f | 8c9f af00 | 0045 8b51 | 1845 3bd0 | 0f8f 6a7e | 0000 4589 | 411c 458b | 510c 453b 
  0x000001fb87d70c98: d00f 8fb5 | af00 004c | 894c 2458 | 4889 7c24 | 5089 7424 | 4889 5c24 | 444d 8bc1 | 448b ce33 
  0x000001fb87d70cb8: ff66 6690 

  0x000001fb87d70cbc: ;   {static_call}
  0x000001fb87d70cbc: c5f8 77e8 

  0x000001fb87d70cc0: ; ImmutableOopMap {rbp=Oop [32]=Oop [40]=NarrowOop [44]=NarrowOop [48]=Oop [56]=Oop [68]=NarrowOop [80]=Oop [88]=Oop }
                      ;*invokestatic copyJni {reexecute=0 rethrow=0 return_oop=0}
                      ; - com.badlogic.gdx.utils.BufferUtils::copy@35 (line 58)
                      ; - com.badlogic.gdx.graphics.glutils.VertexArray::setVertices@7 (line 93)
                      ; - com.badlogic.gdx.graphics.Mesh::setVertices@7 (line 330)
                      ; - com.badlogic.gdx.graphics.g2d.SpriteBatch::flush@76 (line 964)
                      ; - com.badlogic.gdx.graphics.g2d.SpriteBatch::setProjectionMatrix@8 (line 1049)
                      ; - io.github.universityTycoon.MainScreen::draw@34 (line 246)
  0x000001fb87d70cc0: bcc6 72ff | 4c8b 5424 | 5845 8b5a | 1c45 85db | 0f8c b6af | 0000 458b | 420c 4585 | c00f 8fe1 
  0x000001fb87d70ce0: af00 0045 | 8962 1844 | 8b55 1447 | 8b4c d41c | 4585 c90f | 8c03 b000 | 0047 8b44 | d40c 4585 
  0x000001fb87d70d00: c00f 8f2d | b000 0047 | 8964 d418 | 478b 4cd4 | 2044 8b5c | 2448 453b | d90f 8f4d | b000 0045 
  0x000001fb87d70d20: 85db 0f8c | 84b0 0000 | 4789 5cd4 | 1c45 3bc3 | 0f8e 2e01 | 0000 ba45 | ffff ff48 | 8b6c 2420 
  0x000001fb87d70d40: 448b 4c24 | 2c44 894c | 2424 8b4c | 2440 894c | 242c 448b | 4c24 4444 | 894c 2434 | 4489 5424 
  0x000001fb87d70d60: 3c44 8944 | 2440 6690 

  0x000001fb87d70d68: ;   {runtime_call UncommonTrapBlob}
  0x000001fb87d70d68: c5f8 77e8 

  0x000001fb87d70d6c: ; ImmutableOopMap {rbp=Oop [36]=NarrowOop [40]=NarrowOop [52]=NarrowOop [60]=NarrowOop }
                      ;*if_icmple {reexecute=1 rethrow=0 return_oop=0}
                      ; - (reexecute) java.nio.Buffer::limit@55 (line 372)
                      ; - java.nio.FloatBuffer::limit@2 (line 1529)
                      ; - java.nio.FloatBuffer::limit@2 (line 267)
                      ; - com.badlogic.gdx.graphics.glutils.VertexArray::setVertices@24 (line 95)
                      ; - com.badlogic.gdx.graphics.Mesh::setVertices@7 (line 330)
                      ; - com.badlogic.gdx.graphics.g2d.SpriteBatch::flush@76 (line 964)
                      ; - com.badlogic.gdx.graphics.g2d.SpriteBatch::setProjectionMatrix@8 (line 1049)
                      ; - io.github.universityTycoon.MainScreen::draw@34 (line 246)
  0x000001fb87d70d6c: 9015 73ff | 448b 5520 | c645 1501 

  0x000001fb87d70d78: ; implicit exception: dispatches to 0x000001fb87d7fb5c
  0x000001fb87d70d78: 438b 44d4 

  0x000001fb87d70d7c: ;   {metadata('java/nio/DirectByteBuffer')}
  0x000001fb87d70d7c: 0881 f8d0 | 571c 000f | 8513 a700 | 004f 8d0c | d445 8b51 | 2045 3bc2 | 0f8f 26ab | 0000 4585 
  0x000001fb87d70d9c: c00f 8c55 | ab00 0045 | 8b51 1845 | 3bd0 0f8f | 0379 0000 | 4589 411c | 458b 510c | 453b d00f 
  0x000001fb87d70dbc: 8f6b ab00 | 004c 894c | 2458 4889 | 7c24 5089 | 7424 4889 | 5c24 444d | 8bc1 448b | ce33 ff90 
  0x000001fb87d70ddc: ;   {static_call}
  0x000001fb87d70ddc: c5f8 77e8 

  0x000001fb87d70de0: ; ImmutableOopMap {rbp=Oop [32]=Oop [40]=NarrowOop [44]=NarrowOop [48]=Oop [56]=Oop [68]=NarrowOop [80]=Oop [88]=Oop }
                      ;*invokestatic copyJni {reexecute=0 rethrow=0 return_oop=0}
                      ; - com.badlogic.gdx.utils.BufferUtils::copy@35 (line 58)
                      ; - com.badlogic.gdx.graphics.glutils.VertexBufferObject::setVertices@12 (line 142)
                      ; - com.badlogic.gdx.graphics.Mesh::setVertices@7 (line 330)
                      ; - com.badlogic.gdx.graphics.g2d.SpriteBatch::flush@76 (line 964)
                      ; - com.badlogic.gdx.graphics.g2d.SpriteBatch::setProjectionMatrix@8 (line 1049)
                      ; - io.github.universityTycoon.MainScreen::draw@34 (line 246)
  0x000001fb87d70de0: 9cc5 72ff | 4c8b 5424 | 5845 8b5a | 1c45 85db | 0f8c 6eab | 0000 458b | 420c 4585 | c00f 8f99 
  0x000001fb87d70e00: ab00 0045 | 8962 1844 | 8b55 1c47 | 8b4c d41c | 4585 c90f | 8cbb ab00 | 0047 8b4c | d40c 4585 
  0x000001fb87d70e20: c90f 8fe5 | ab00 0047 | 8964 d418 | 438b 4cd4 | 2044 8b5c | 2448 443b | d90f 8f05 | ac00 0045 
  0x000001fb87d70e40: 85db 0f8c | 28ac 0000 | 4789 5cd4 | 1c45 3bcb | 0f8f 42ac | 0000 440f | b655 1645 | 85d2 0f85 
  0x000001fb87d70e60: 64ac 0000 | 448b 4424 | 4447 8b54 | c414 478b 

  0x000001fb87d70e70: ;   {metadata('com/badlogic/gdx/graphics/glutils/IndexArray')}
  0x000001fb87d70e70: 4cd4 0841 | 81f9 b01f | 0801 0f85 | e89b 0000 | 49c1 e203 | 458b 4a10 

  0x000001fb87d70e88: ; implicit exception: dispatches to 0x000001fb87d7fb00
  0x000001fb87d70e88: 478b 5ccc | 1c45 85db | 0f8c 9aa7 | 0000 478b | 54cc 0c45 | 85d2 0f8f | c0a7 0000 | 4789 64cc 
  0x000001fb87d70ea8: 1843 8b5c | cc20 448b | 5c24 4044 | 3bdb 0f8f | dca7 0000 | 4585 db0f | 8c0f a800 | 0047 895c 
  0x000001fb87d70ec8: cc1c 453b | d30f 8f25 | a800 008b | 4c24 2845 | 0fb6 54cc | 3945 85d2 | 0f85 36a8 

  0x000001fb87d70ee4: ;   {oop(a 'java/lang/Class'{0x000000070ad59ae8} = 'com/badlogic/gdx/Gdx')}
  0x000001fb87d70ee4: 0000 49ba | e89a d50a | 0700 0000 | 458b 9288 | 0000 0047 | 8b4c d408 

  0x000001fb87d70efc: ;   {metadata('com/badlogic/gdx/backends/lwjgl3/Lwjgl3GL20')}
  0x000001fb87d70efc: 4181 f988 | 2c03 010f | 8583 9b00 | 00ba e20b | 0000 488b | 6c24 3890 

  0x000001fb87d70f14: ;   {static_call}
  0x000001fb87d70f14: c5f8 77e8 

  0x000001fb87d70f18: ; ImmutableOopMap {rbp=Oop [32]=Oop [40]=NarrowOop [44]=NarrowOop [48]=Oop [56]=Oop [68]=NarrowOop [80]=Oop }
                      ;*invokestatic glEnable {reexecute=0 rethrow=0 return_oop=0}
                      ; - org.lwjgl.opengl.GL11::glEnable@1 (line 724)
                      ; - com.badlogic.gdx.backends.lwjgl3.Lwjgl3GL20::glEnable@1 (line 306)
                      ; - com.badlogic.gdx.graphics.g2d.SpriteBatch::flush@128 (line 972)
                      ; - com.badlogic.gdx.graphics.g2d.SpriteBatch::setProjectionMatrix@8 (line 1049)
                      ; - io.github.universityTycoon.MainScreen::draw@34 (line 246)
  0x000001fb87d70f18: 64c4 72ff | 8b5c 2428 | 418b 54dc | 1883 faff | 0f84 0ea8 | 0000 418b 

  0x000001fb87d70f30: ;   {oop(a 'java/lang/Class'{0x000000070ad59ae8} = 'com/badlogic/gdx/Gdx')}
  0x000001fb87d70f30: 7cdc 2449 | bae8 9ad5 | 0a07 0000 | 0045 8b9a | 8800 0000 | 458b 44dc | 1c45 8b4c | dc20 478b 
  0x000001fb87d70f50: ;   {metadata('com/badlogic/gdx/backends/lwjgl3/Lwjgl3GL20')}
  0x000001fb87d70f50: 54dc 0841 | 81fa 882c | 0301 0f85 | 509b 0000 

  0x000001fb87d70f60: ;   {static_call}
  0x000001fb87d70f60: c5f8 77e8 

  0x000001fb87d70f64: ; ImmutableOopMap {rbp=Oop [32]=Oop [40]=NarrowOop [44]=NarrowOop [48]=Oop [56]=Oop [68]=NarrowOop [80]=Oop }
                      ;*invokestatic glBlendFuncSeparate {reexecute=0 rethrow=0 return_oop=0}
                      ; - org.lwjgl.opengl.GL14::glBlendFuncSeparate@4 (line 783)
                      ; - com.badlogic.gdx.backends.lwjgl3.Lwjgl3GL20::glBlendFuncSeparate@5 (line 112)
                      ; - com.badlogic.gdx.graphics.g2d.SpriteBatch::flush@160 (line 973)
                      ; - com.badlogic.gdx.graphics.g2d.SpriteBatch::setProjectionMatrix@8 (line 1049)
                      ; - io.github.universityTycoon.MainScreen::draw@34 (line 246)
  0x000001fb87d70f64: 18c4 72ff | 448b 5424 | 2847 8b5c | d458 4585 | db0f 85e1 | a700 0044 | 8b44 2444 | 430f b64c 
  0x000001fb87d70f84: c40c 478b | 54d4 544d | 8bc2 49c1 | e003 488b | 5424 5041 | b904 0000 | 0033 ff8b | 7424 4090 
  0x000001fb87d70fa4: ;   {optimized virtual_call}
  0x000001fb87d70fa4: c5f8 77e8 

  0x000001fb87d70fa8: ; ImmutableOopMap {rbp=Oop [32]=Oop [40]=NarrowOop [44]=NarrowOop [48]=Oop [56]=Oop }
                      ;*invokevirtual render {reexecute=0 rethrow=0 return_oop=0}
                      ; - com.badlogic.gdx.graphics.Mesh::render@10 (line 589)
                      ; - com.badlogic.gdx.graphics.g2d.SpriteBatch::flush@187 (line 976)
                      ; - com.badlogic.gdx.graphics.g2d.SpriteBatch::setProjectionMatrix@8 (line 1049)
                      ; - io.github.universityTycoon.MainScreen::draw@34 (line 246)
  0x000001fb87d70fa8: d4bd 72ff | 8b7c 2428 | 4589 64fc | 0c48 8b6c | 2420 448b | 4c24 2c48 | 8b5c 2438 | 458b 54fc 
  0x000001fb87d70fc8: 4c47 8b5c | d40c 478b | 44cc 0c47 | 8b4c dc0c 

  0x000001fb87d70fd8: ; implicit exception: dispatches to 0x000001fb87d7f908
  0x000001fb87d70fd8: 438b 54c4 | 0c41 3bd1 | 0f82 068d | 0000 4585 | c976 254f | 8d14 dc4b | 8d54 dc10 | 4f8d 14c4 
  0x000001fb87d70ff8: 4b8d 4cc4 | 104d 63c1 | c5f8 7749 | bae0 3c48 | 87fb 0100 | 0041 ffd2 | 450f b65c | fc38 4585 
  0x000001fb87d71018: db0f 847d | a100 0048 | 8bd3 6690 

  0x000001fb87d71024: ;   {optimized virtual_call}
  0x000001fb87d71024: c5f8 77e8 

  0x000001fb87d71028: ; ImmutableOopMap {rbp=Oop [48]=Oop }
                      ;*invokevirtual setupMatrices {reexecute=0 rethrow=0 return_oop=0}
                      ; - com.badlogic.gdx.graphics.g2d.SpriteBatch::setProjectionMatrix@28 (line 1051)
                      ; - io.github.universityTycoon.MainScreen::draw@34 (line 246)
  0x000001fb87d71028: 14a2 f7ff | 448b 5d4c | 4585 db0f | 841b 8900 | 0043 c744 | dc18 0000 | 403f 448b | 4d14 448b 
  0x000001fb87d71048: 4528 43c7 | 44dc 1400 | 00c0 3f43 | c744 dc0c | 0000 00bf | 43c7 44dc | 109a 9901 | 4145 85c9 
  0x000001fb87d71068: 0f84 f688 | 0000 49c1 | e003 4b8d 

  0x000001fb87d71074: ;   {section_word}
  0x000001fb87d71074: 14cc c5fa | 100d aaf8 

  0x000001fb87d7107c: ;   {section_word}
  0x000001fb87d7107c: ffff c5fa | 101d 9af8 

  0x000001fb87d71084: ;   {section_word}
  0x000001fb87d71084: ffff c5fa | 1015 96f8 | ffff c5f8 | 57c0 6690 

  0x000001fb87d71094: ;   {optimized virtual_call}
  0x000001fb87d71094: c5f8 77e8 

  0x000001fb87d71098: ; ImmutableOopMap {rbp=Oop [48]=Oop }
                      ;*invokevirtual draw {reexecute=0 rethrow=0 return_oop=0}
                      ; - io.github.universityTycoon.MainScreen::draw@72 (line 250)
  0x000001fb87d71098: a436 f7ff | 448b 5d10 

  0x000001fb87d710a0: ; implicit exception: dispatches to 0x000001fb87d7f920
  0x000001fb87d710a0: 470f b65c | dc3c 4585 | db0f 8555 | 9b00 0044 | 8b55 2c44 | 8b4d 1445 | 85c9 0f84 | b488 0000 
  0x000001fb87d710c0: 4d8b c249 

  0x000001fb87d710c4: ;   {section_word}
  0x000001fb87d710c4: c1e0 03c5 | fa10 0569 

  0x000001fb87d710cc: ;   {section_word}
  0x000001fb87d710cc: f8ff ffc5 | fa10 0d55 

  0x000001fb87d710d4: ;   {section_word}
  0x000001fb87d710d4: f8ff ffc5 | fa10 1551 

  0x000001fb87d710dc: ;   {section_word}
  0x000001fb87d710dc: f8ff ffc5 | fa10 1d4d | f8ff ff4b | 8d14 cc90 

  0x000001fb87d710ec: ;   {optimized virtual_call}
  0x000001fb87d710ec: c5f8 77e8 

  0x000001fb87d710f0: ; ImmutableOopMap {rbp=Oop [48]=Oop }
                      ;*invokevirtual draw {reexecute=0 rethrow=0 return_oop=0}
                      ; - io.github.universityTycoon.MainScreen::draw@105 (line 252)
  0x000001fb87d710f0: 4c36 f7ff | 488b d590 

  0x000001fb87d710f8: ;   {optimized virtual_call}
  0x000001fb87d710f8: c5f8 77e8 

  0x000001fb87d710fc: ; ImmutableOopMap {rbp=Oop [48]=Oop }
                      ;*invokevirtual drawMapObjects {reexecute=0 rethrow=0 return_oop=0}
                      ; - io.github.universityTycoon.MainScreen::draw@135 (line 259)
  0x000001fb87d710fc: 4077 f2ff | 448b 5d68 | 448b 5514 

  0x000001fb87d71108: ;   {oop(a 'java/lang/Class'{0x000000070ac01790} = 'io/github/universityTycoon/GameModel')}
  0x000001fb87d71108: 49b8 9017 | c00a 0700 | 0000 458b | 4870 4585 | c90f 8465 | 8800 004b 

  0x000001fb87d71120: ;   {section_word}
  0x000001fb87d71120: 8d14 ccc5 | fa10 0511 

  0x000001fb87d71128: ;   {section_word}
  0x000001fb87d71128: f8ff ffc5 | fa10 0d0d | f8ff ffc5 | fa11 4c24 | 244d 8bc2 | 49c1 e003 | 4d8b cb49 | c1e1 0390 
  0x000001fb87d71148: ;   {optimized virtual_call}
  0x000001fb87d71148: c5f8 77e8 

  0x000001fb87d7114c: ; ImmutableOopMap {rbp=Oop [48]=Oop }
                      ;*invokevirtual draw {reexecute=0 rethrow=0 return_oop=1}
                      ; - io.github.universityTycoon.MainScreen::draw@155 (line 262)
  0x000001fb87d7114c: 107b f4ff | 488b fd44 

  0x000001fb87d71154: ;   {oop(a 'java/lang/Class'{0x000000070ac01790} = 'io/github/universityTycoon/GameModel')}
  0x000001fb87d71154: 8b4d 1449 | ba90 17c0 | 0a07 0000 | 0045 8b42 | 7049 8bb7 | 0801 0000 | 4c8b d649 | 83c2 184d 
  0x000001fb87d71174: 3b97 1801 | 0000 0f83 | 8175 0000 | 4d89 9708 | 0100 0041 | 0f18 8200 | 0100 0048 | c706 0100 
  0x000001fb87d71194: 0000 410f | 1882 4001 

  0x000001fb87d7119c: ;   {metadata('java/lang/Object'[])}
  0x000001fb87d7119c: 0000 c746 | 0828 1500 | 0041 0f18 | 8280 0100 | 00c7 460c | 0100 0000 | 4c89 6610 | 448b 5710 
  0x000001fb87d711bc: ; implicit exception: dispatches to 0x000001fb87d7f930
  0x000001fb87d711bc: c481 7a10 | 4cd4 3849 | 8b97 0801 | 0000 4c8b | d249 83c2 | 104d 3b97 | 1801 0000 | 0f83 5b75 
  0x000001fb87d711dc: 0000 4d89 | 9708 0100 | 0041 0f18 | 8200 0100 | 0048 c702 | 0100 0000 

  0x000001fb87d711f4: ;   {metadata('java/lang/Float')}
  0x000001fb87d711f4: c742 0810 | 1a04 00c5 | fa11 4a0c | 488b de48 | 83c3 1041 | 807f 3800 | 0f85 ac64 | 0000 4c8b 
  0x000001fb87d71214: db48 8bca | 4933 cb4c | 8bd2 49c1 | ea03 4489 | 1348 c1e9 

  0x000001fb87d71228: ;   {oop(a 'java/lang/Class'{0x000000070ac722d8} = 'java/util/Locale')}
  0x000001fb87d71228: 1548 bdd8 | 22c7 0a07 | 0000 0048 | 85c9 741a | 49c1 eb09 | 48b9 00e0 | daf6 fb01 | 0000 4903 
  0x000001fb87d71248: cb80 3904 | 0f85 b865 | 0000 4d8b | 9f08 0100 | 004d 8bd3 | 4983 c220 | 4d3b 9718 | 0100 000f 
  0x000001fb87d71268: 8317 7500 | 004d 8997 | 0801 0000 | 410f 1882 | 0001 0000 | 49c7 0301 

  0x000001fb87d71280: ;   {metadata('java/util/Formatter')}
  0x000001fb87d71280: 0000 0041 | c743 0810 | 3311 0045 | 8963 0c4d | 8963 104d | 8963 188b | 8dd4 0000 | 0085 c90f 
  0x000001fb87d712a0: 840f 9f00 | 0049 8b9f | 0801 0000 | 4c8b d349 | 83c2 1849 | 8d2c cc4d | 3b97 1801 | 0000 0f83 
  0x000001fb87d712c0: 0475 0000 | 4d89 9708 | 0100 0041 | 0f18 8200 | 0100 0048 | c703 0100 

  0x000001fb87d712d8: ;   {metadata('java/lang/StringBuilder')}
  0x000001fb87d712d8: 0000 c743 | 0870 f400 | 0044 8963 | 0c4c 8963 | 1049 8b87 | 0801 0000 | 4c8b d049 | 83c2 204d 
  0x000001fb87d712f8: 3b97 1801 | 0000 0f83 | 1975 0000 | 4d89 9708 | 0100 0041 | 0f18 8200 | 0100 0048 | c700 0100 
  0x000001fb87d71318: 0000 410f | 1882 4001 

  0x000001fb87d71320: ;   {metadata({type array byte})}
  0x000001fb87d71320: 0000 c740 | 0838 6700 | 0041 0f18 | 8280 0100 | 00c7 400c | 1000 0000 | 4c89 6010 | 4c89 6018 
  0x000001fb87d71340: 4889 7c24 | 2844 894c | 2438 4489 | 4424 3c48 | 8974 2440 | 4c89 5c24 | 4889 4c24 | 2048 895c 
  0x000001fb87d71360: 2450 4c8b | 4424 5049 | 8bd8 48c1 | eb03 4c8b | d849 c1eb | 0345 8958 | 144c 8bd0 | 4d8b d84d 
  0x000001fb87d71380: 33d3 49c1 | ea15 befe | ff00 004d | 85d2 741a | 49c1 eb09 | 48b9 00e0 | daf6 fb01 | 0000 4903 
  0x000001fb87d713a0: cb80 3904 | 0f85 bb64 | 0000 4c8b | 5c24 5045 | 8863 1041 | 807f 3800 | 0f85 3663 | 0000 4c8b 
  0x000001fb87d713c0: 4424 4841 | 8958 1066 | 4189 700c | 4d8b d34d | 8bd8 4d33 | d349 c1ea | 154d 85d2 | 741a 49c1 
  0x000001fb87d713e0: eb09 48b9 | 00e0 daf6 | fb01 0000 | 4903 cb80 | 3904 0f85 | b664 0000 | 4180 7f38 | 000f 8537 
  0x000001fb87d71400: 6300 0044 | 8b54 2420 | 4589 5014 | 4c8b d54d | 8bd8 4d33 | d349 c1ea | 154d 85d2 | 741a 49c1 
  0x000001fb87d71420: eb09 48b9 | 00e0 daf6 | fb01 0000 | 4903 cb80 | 3904 0f85 | c564 0000 | 458b 5814 | 4d8b d04d 
  0x000001fb87d71440: 8bc3 49c1 | e003 498b 

  0x000001fb87d71448: ;   {oop("%.2f"{0x0000000715c87888})}
  0x000001fb87d71448: d249 b988 | 78c8 1507 | 0000 0048 | 8b7c 2440 

  0x000001fb87d71458: ;   {optimized virtual_call}
  0x000001fb87d71458: c5f8 77e8 

  0x000001fb87d7145c: ; ImmutableOopMap {[40]=Oop [48]=Oop [56]=NarrowOop [60]=NarrowOop }
                      ;*invokevirtual format {reexecute=0 rethrow=0 return_oop=1}
                      ; - java.util.Formatter::format@7 (line 2625)
                      ; - java.lang.String::format@9 (line 4147)
                      ; - io.github.universityTycoon.MainScreen::draw@186 (line 263)
  0x000001fb87d7145c: 0036 fcff 

  0x000001fb87d71460: ; implicit exception: dispatches to 0x000001fb87d7f940
  0x000001fb87d71460: 448b 5810 

  0x000001fb87d71464: ; implicit exception: dispatches to 0x000001fb87d7fb40
  0x000001fb87d71464: 478b 54dc 

  0x000001fb87d71468: ;   {metadata('java/lang/StringBuilder')}
  0x000001fb87d71468: 0841 81fa | 70f4 0000 | 0f85 9e88 | 0000 4f8d | 04dc 450f | be58 1045 | 85db 0f85 | 9097 0000 
  0x000001fb87d71488: 458b 500c | 4585 d20f | 843d 7200 | 0045 8b58 | 1444 895c | 2448 498b | 9f08 0100 | 004c 8bdb 
  0x000001fb87d714a8: 4983 c318 | 4d3b 9f18 | 0100 000f | 835b 7500 | 004d 899f | 0801 0000 | 410f 1883 | 0001 0000 
  0x000001fb87d714c8: 48c7 0301 

  0x000001fb87d714cc: ;   {metadata('java/lang/String')}
  0x000001fb87d714cc: 0000 00c7 | 4308 70e9 | 0000 4489 | 630c 4c89 | 6310 4585 | d20f 8c59 | 9d00 0041 | 81fa 0000 
  0x000001fb87d714ec: 1000 0f87 | 6c86 0000 | 4d63 da44 | 8b44 2448 

  0x000001fb87d714fc: ; implicit exception: dispatches to 0x000001fb87d7f990
  0x000001fb87d714fc: 478b 4cc4 | 0c45 3bca | 418b ea41 | 0f4c e944 | 3bcd 0f82 | 5489 0000 | 443b d50f | 824b 8900 
  0x000001fb87d7151c: 0049 83c3 | 174d 8bc3 | 4983 e0f8 | 4181 fa00 | 0010 000f | 8702 7500 | 004d 8baf | 0801 0000 
  0x000001fb87d7153c: 4d8b cd4d | 03c8 4d3b | 8f18 0100 | 000f 83e8 | 7400 004d | 898f 0801 | 0000 410f | 1881 0001 
  0x000001fb87d7155c: 0000 49c7 | 4500 0100 | 0000 410f | 1881 4001 

  0x000001fb87d7156c: ;   {metadata({type array byte})}
  0x000001fb87d7156c: 0000 41c7 | 4508 3867 | 0000 4589 | 550c 410f | 1881 8001 | 0000 498b | d548 83c2 | 1049 c1eb 
  0x000001fb87d7158c: 0349 8bf5 | 48c1 ee03 | 85ed 0f84 | cc85 0000 | 498b cb45 | 8bca 448b | 5c24 4849 | c1e3 0344 
  0x000001fb87d715ac: 8b54 2448 | 4f8d 54d4 | 1041 3be9 | 0f8c b361 | 0000 4983 | c0f0 49c1 | e803 498b | cac5 f877 
  0x000001fb87d715cc: 49ba 6040 | 4887 fb01 | 0000 41ff | d241 807f | 3800 7500 | 8973 144d | 8bd5 4c8b | db4d 33d3 
  0x000001fb87d715ec: 49c1 ea15 | 4d85 d274 | 1b49 c1eb | 0949 b800 | e0da f6fb | 0100 004d | 03c3 4180 | 3804 0f85 
  0x000001fb87d7160c: 3c63 0000 | 4488 6310 | 448b 5b14 | 4585 db0f | 84b3 8500 | 004d 8bcb | 49c1 e103 | 458b 510c 
  0x000001fb87d7162c: 4489 5424 | 5445 85d2 | 0f86 f286 | 0000 440f | be5b 1041 | 8bcb 41d3 | fa4d 63c2 | 4983 c014 
  0x000001fb87d7164c: 4183 fb01 | 0f84 869b | 0000 458b | d045 85d2 | 0f8c 3896 | 0000 498b | c848 c1f9 | 208b c941 
  0x000001fb87d7166c: d3e2 4585 | d20f 8c91 | 9b00 0041 | 81fa 0000 | 1000 0f87 | 1883 0000 | 4963 ca41 | 81fa 0000 
  0x000001fb87d7168c: 1000 0f87 | c971 0000 | 498b bf08 | 0100 0048 | 83c1 1748 | 83e1 f848 | 8bd7 4803 | d149 3b97 
  0x000001fb87d716ac: 1801 0000 | 0f83 a771 | 0000 4989 | 9708 0100 | 000f 1882 | 0001 0000 | 48c7 0701 | 0000 000f 
  0x000001fb87d716cc: 1882 4001 

  0x000001fb87d716d0: ;   {metadata({type array byte})}
  0x000001fb87d716d0: 0000 c747 | 0838 6700 | 0044 8957 | 0c0f 1882 | 8001 0000 | 4585 db0f | 85db 9500 | 0044 8b5c 
  0x000001fb87d716f0: 2454 4183 | c314 453b | d30f 825d | 8600 0044 | 8b5c 2454 | 4585 db76 | 2741 8bda | 488b d748 
  0x000001fb87d71710: 83c2 2449 | 83c1 1049 | 8bc9 4d63 | c3c5 f877 | 49ba 403a | 4887 fb01 | 0000 41ff | d244 8bd3 
  0x000001fb87d71730: 4183 fa14 | 0f82 5686 | 0000 488b | d748 83c2 | 1048 8bef 

  0x000001fb87d71744: ;   {oop([B{0x0000000715c393c8})}
  0x000001fb87d71744: 48b9 c893 | c315 0700 | 0000 4883 | c110 41b8 | 1400 0000 | c5f8 7749 | ba60 3948 | 87fb 0100 
  0x000001fb87d71764: 0041 ffd2 | 4d8b 8f08 | 0100 004d | 8bd1 4983 | c218 4d3b | 9718 0100 | 000f 8325 | 7100 004d 
  0x000001fb87d71784: 8997 0801 | 0000 410f | 1882 0001 | 0000 49c7 | 0101 0000 

  0x000001fb87d71798: ;   {metadata('java/lang/String')}
  0x000001fb87d71798: 0041 c741 | 0870 e900 | 0045 8961 | 0c45 8961 | 104c 8bdd | 49c1 eb03 | 4589 5914 | 448b 5c24 
  0x000001fb87d717b8: 3c45 85db | 0f84 e281 | 0000 448b | 5424 384d | 8bc2 49c1 

  0x000001fb87d717cc: ;   {section_word}
  0x000001fb87d717cc: e003 c5fa | 1005 72f1 

  0x000001fb87d717d4: ;   {section_word}
  0x000001fb87d717d4: ffff c5fa | 1015 66f1 | ffff c5fa | 1154 2438 | 4b8d 14dc | c5f8 28ca 

  0x000001fb87d717ec: ;   {optimized virtual_call}
  0x000001fb87d717ec: c5f8 77e8 

  0x000001fb87d717f0: ; ImmutableOopMap {[40]=Oop [48]=Oop }
                      ;*invokevirtual draw {reexecute=0 rethrow=0 return_oop=1}
                      ; - io.github.universityTycoon.MainScreen::draw@200 (line 263)
  0x000001fb87d717f0: 8cb5 72ff 

  0x000001fb87d717f4: ;   {oop(a 'java/lang/Class'{0x000000070ac01790} = 'io/github/universityTycoon/GameModel')}
  0x000001fb87d717f4: 49ba 9017 | c00a 0700 | 0000 458b | 5274 488b | 6c24 2844 | 8b45 1444 | 8b5d 6c45 | 85d2 0f84 
  0x000001fb87d71814: a081 0000 | 4b8d 14d4 

  0x000001fb87d7181c: ;   {section_word}
  0x000001fb87d7181c: c5fa 1005 | 2cf1 ffff 

  0x000001fb87d71824: ;   {section_word}
  0x000001fb87d71824: c5fa 100d | 20f1 ffff | 49c1 e003 | 4d8b cb49 | c1e1 0390 

  0x000001fb87d71838: ;   {optimized virtual_call}
  0x000001fb87d71838: c5f8 77e8 

  0x000001fb87d7183c: ; ImmutableOopMap {rbp=Oop [40]=Oop [48]=Oop }
                      ;*invokevirtual draw {reexecute=0 rethrow=0 return_oop=1}
                      ; - io.github.universityTycoon.MainScreen::draw@221 (line 264)
  0x000001fb87d7183c: 40b5 72ff | 4c8b 4424 | 2845 8b58 | 1047 8b54 | dc30 418b 

  0x000001fb87d71850: ;   {oop(a 'java/lang/Class'{0x000000070ac01790} = 'io/github/universityTycoon/GameModel')}
  0x000001fb87d71850: 4814 49bb | 9017 c00a | 0700 0000 | 458b 5b74 | 4585 d20f | 8c97 9400 | 0041 8bea | f7dd 83fd 
  0x000001fb87d71870: f60f 8e5a | 1e00 0041 | b901 0000 | 0044 895c | 2448 894c | 243c 48ff | 7424 2848 | 8f44 2440 
  0x000001fb87d71890: 498b 8f08 | 0100 004d | 63c1 4983 | c013 458b | d844 895c | 244c 4963 | db4c 8bdb | 4983 c317 
  0x000001fb87d718b0: 4983 e3f8 | 4c8b c94d | 03cb 4d3b | 8f18 0100 | 000f 83fd | 6f00 004d | 898f 0801 | 0000 410f 
  0x000001fb87d718d0: 1881 0001 | 0000 48c7 | 0101 0000 | 0041 0f18 | 8140 0100 

  0x000001fb87d718e4: ;   {metadata({type array byte})}
  0x000001fb87d718e4: 00c7 4108 | 3867 0000 | 448b 5c24 | 4c44 8959 | 0c41 0f18 | 8180 0100 | 0048 894c | 2450 8b4c 
  0x000001fb87d71904: 244c ffc9 | 448b cd41 | c1f9 1f83 | fd9c 0f8e | 5355 0000 | 448b 4424 | 4c41 ba01 | 0000 00bb 
  0x000001fb87d71924: 0200 0000 | 41bb 0600 | 0000 4489 | 9424 8800 | 0000 899c | 248c 0000 | 0044 895c | 2478 4c63 
  0x000001fb87d71944: d54d 69d2 | 6766 6666 | 49c1 fa22 | 458b d245 | 2bd1 458b | ca41 c1e1 | 0341 8bda | d1e3 4103 
  0x000001fb87d71964: d92b dd83 | c330 3b4c | 244c 0f83 | 5c80 0000 | 4c8b 5c24 | 5041 885c | 0b10 4585 | d20f 8c7d 
  0x000001fb87d71984: 1e00 0048 | 63d9 4883 | c3ed 448b | db45 85db | 0f8c 0e84 | 0000 458b | d341 83c2 | 1344 8b4c 
  0x000001fb87d719a4: 244c 453b | ca0f 82f9 | 8300 004c | 8b54 2450 | 4b8d 541a 

  0x000001fb87d719b8: ;   {oop([B{0x0000000715c39338})}
  0x000001fb87d719b8: 1048 b938 | 93c3 1507 | 0000 0048 | 83c1 1041 | b813 0000 | 00c5 f877 | 49ba 403a | 4887 fb01 
  0x000001fb87d719d8: 0000 41ff | d248 85db | 0f85 3a93 | 0000 4d8b | 8f08 0100 | 004d 8bd1 | 4983 c218 | 4d3b 9718 
  0x000001fb87d719f8: 0100 000f | 83f8 6e00 | 004d 8997 | 0801 0000 | 410f 1882 | 0001 0000 | 49c7 0101 

  0x000001fb87d71a14: ;   {metadata('java/lang/String')}
  0x000001fb87d71a14: 0000 0041 | c741 0870 | e900 0045 | 8961 0c4d | 8961 104c | 8b54 2450 | 4d8b da49 | c1eb 0345 
  0x000001fb87d71a34: 8959 1444 | 8b54 2448 | 4585 d20f | 84d3 7f00 | 0044 8b5c | 243c 4d8b | c349 c1e0 

  0x000001fb87d71a50: ;   {section_word}
  0x000001fb87d71a50: 03c5 fa10 | 0dfb eeff | ffc5 fa11 | 4c24 3c4b | 8d14 d4c5 | f828 c1c5 | fa10 4c24 | 3866 6690 
  0x000001fb87d71a70: ;   {optimized virtual_call}
  0x000001fb87d71a70: c5f8 77e8 

  0x000001fb87d71a74: ; ImmutableOopMap {[48]=Oop [64]=Oop }
                      ;*invokevirtual draw {reexecute=0 rethrow=0 return_oop=1}
                      ; - io.github.universityTycoon.MainScreen::draw@250 (line 268)
  0x000001fb87d71a74: e871 f4ff | 4c8b 5c24 | 4045 8b53 | 1047 8b54 | d434 458b | 5b14 4489 

  0x000001fb87d71a8c: ;   {oop(a 'java/lang/Class'{0x000000070ac01790} = 'io/github/universityTycoon/GameModel')}
  0x000001fb87d71a8c: 5c24 3849 | bb90 17c0 | 0a07 0000 | 0045 8b43 | 7444 8944 | 2448 4585 | d20f 8ca9 | 9200 0041 
  0x000001fb87d71aac: 8bea f7dd | 83fd f60f | 8e2c 1c00 | 0041 b801 | 0000 004d | 8b8f 0801 | 0000 4d63 | c049 83c0 
  0x000001fb87d71acc: 1445 8bd8 | 4489 5c24 | 4c49 63db | 4c8b db49 | 83c3 1749 | 83e3 f849 | 8bc9 4903 | cb49 3b8f 
  0x000001fb87d71aec: 1801 0000 | 0f83 226e | 0000 4989 | 8f08 0100 | 000f 1881 | 0001 0000 | 49c7 0101 | 0000 000f 
  0x000001fb87d71b0c: 1881 4001 

  0x000001fb87d71b10: ;   {metadata({type array byte})}
  0x000001fb87d71b10: 0000 41c7 | 4108 3867 | 0000 448b | 5c24 4c45 | 8959 0c0f | 1881 8001 | 0000 4c89 | 4c24 508b 
  0x000001fb87d71b30: 4c24 4cff | c944 8bd5 | 41c1 fa1f | 83fd 9c0f | 8eed 5300 | 008b 7c24 | 4c41 b830 | 0000 0044 
  0x000001fb87d71b50: 8984 2490 | 0000 004c | 63dd 4d69 | db67 6666 | 6649 c1fb | 2245 8bcb | 452b ca45 | 8bd1 41c1 
  0x000001fb87d71b70: e203 458b | d941 d1e3 | 4503 da44 | 2bdd 4183 | c330 3b4c | 244c 0f83 | a47e 0000 | 4c8b 5424 
  0x000001fb87d71b90: 5045 885c | 0a10 4585 | c90f 8c8d | 1c00 0048 | 63d9 4883 | c3ec 448b | d345 85d2 | 0f8c 2682 
  0x000001fb87d71bb0: 0000 458b | da41 83c3 | 1444 8b4c | 244c 453b | cb0f 8211 | 8200 004c | 8b5c 2450 | 4b8d 5413 
  0x000001fb87d71bd0: ;   {oop([B{0x0000000715c39278})}
  0x000001fb87d71bd0: 1048 b978 | 92c3 1507 | 0000 0048 | 83c1 1041 | b814 0000 | 00c5 f877 | 49ba 403a | 4887 fb01 
  0x000001fb87d71bf0: 0000 41ff | d248 85db | 0f85 7291 | 0000 4d8b | 8f08 0100 | 004d 8bd1 | 4983 c218 | 4d3b 9718 
  0x000001fb87d71c10: 0100 000f | 8334 6d00 | 004d 8997 | 0801 0000 | 410f 1882 | 0001 0000 | 49c7 0101 

  0x000001fb87d71c2c: ;   {metadata('java/lang/String')}
  0x000001fb87d71c2c: 0000 0041 | c741 0870 | e900 0045 | 8961 0c4d | 8961 104c | 8b54 2450 | 4d8b da49 | c1eb 0345 
  0x000001fb87d71c4c: 8959 1444 | 8b54 2448 | 4585 d20f | 841b 7e00 | 0044 8b5c | 2438 4d8b | c349 c1e0 

  0x000001fb87d71c68: ;   {section_word}
  0x000001fb87d71c68: 03c5 fa10 | 0de7 ecff | ff4b 8d14 | d4c5 fa10 | 4424 3c90 

  0x000001fb87d71c7c: ;   {optimized virtual_call}
  0x000001fb87d71c7c: c5f8 77e8 

  0x000001fb87d71c80: ; ImmutableOopMap {[48]=Oop [64]=Oop }
                      ;*invokevirtual draw {reexecute=0 rethrow=0 return_oop=1}
                      ; - io.github.universityTycoon.MainScreen::draw@279 (line 269)
  0x000001fb87d71c80: dc6f f4ff | 4c8b 5424 | 4045 8b5a | 1047 8b5c | dc28 458b | 4214 4489 

  0x000001fb87d71c98: ;   {oop(a 'java/lang/Class'{0x000000070ac01790} = 'io/github/universityTycoon/GameModel')}
  0x000001fb87d71c98: 4424 3849 | ba90 17c0 | 0a07 0000 | 0045 8b52 | 7444 8954 | 2448 4585 | db0f 8ced | 9000 0041 
  0x000001fb87d71cb8: 8beb f7dd | 83fd f60f | 8e34 1a00 | 0041 ba01 | 0000 004d | 8b8f 0801 | 0000 4d63 | d249 83c2 
  0x000001fb87d71cd8: 1541 8bca | 894c 244c | 4c63 c149 | 8bd8 4883 | c317 4883 | e3f8 498b | c948 03cb | 493b 8f18 
  0x000001fb87d71cf8: 0100 000f | 836b 6c00 | 0049 898f | 0801 0000 | 0f18 8100 | 0100 0049 | c701 0100 | 0000 0f18 
  0x000001fb87d71d18: 8140 0100 

  0x000001fb87d71d1c: ;   {metadata({type array byte})}
  0x000001fb87d71d1c: 0041 c741 | 0838 6700 | 0044 8b54 | 244c 4589 | 510c 0f18 | 8180 0100 | 004c 894c | 2450 448b 
  0x000001fb87d71d3c: 4c24 4c41 | ffc9 448b | d541 c1fa | 1f83 fd9c | 0f8e 9052 | 0000 8b4c | 244c 4c63 | dd4d 69db 
  0x000001fb87d71d5c: 6766 6666 | 49c1 fb22 | 418b db41 | 2bda 448b | d341 c1e2 | 0344 8bdb | 41d1 e345 | 03da 442b 
  0x000001fb87d71d7c: dd41 83c3 | 3044 3b4c | 244c 0f83 | 047d 0000 | 4c8b 5424 | 5047 885c | 0a10 85db | 0f8c b01a 
  0x000001fb87d71d9c: 0000 4963 | d948 83c3 | eb44 8bd3 | 4585 d20f | 8c57 8000 | 0045 8bda | 4183 c315 | 448b 4c24 
  0x000001fb87d71dbc: 4c45 3bcb | 0f82 4280 | 0000 4c8b | 5c24 504b | 8d54 1310 

  0x000001fb87d71dd0: ;   {oop([B{0x0000000715c391b8})}
  0x000001fb87d71dd0: 48b9 b891 | c315 0700 | 0000 4883 | c110 41b8 | 1500 0000 | c5f8 7749 | ba40 3a48 | 87fb 0100 
  0x000001fb87d71df0: 0041 ffd2 | 4885 db0f | 85c3 8f00 | 004d 8b8f | 0801 0000 | 4d8b d149 | 83c2 184d | 3b97 1801 
  0x000001fb87d71e10: 0000 0f83 | 896b 0000 | 4d89 9708 | 0100 0041 | 0f18 8200 | 0100 0049 | c701 0100 

  0x000001fb87d71e2c: ;   {metadata('java/lang/String')}
  0x000001fb87d71e2c: 0000 41c7 | 4108 70e9 | 0000 4589 | 610c 4d89 | 6110 4c8b | 5424 5049 | c1ea 0345 | 8951 1444 
  0x000001fb87d71e4c: 8b54 2448 | 4585 d20f | 847f 7c00 | 0044 8b5c | 2438 4d8b | c349 c1e0 | 034b 8d14 | d4c5 fa10 
  0x000001fb87d71e6c: 4424 3cc5 | fa10 4c24 | 2466 6690 

  0x000001fb87d71e78: ;   {optimized virtual_call}
  0x000001fb87d71e78: c5f8 77e8 

  0x000001fb87d71e7c: ; ImmutableOopMap {[48]=Oop [64]=Oop }
                      ;*invokevirtual draw {reexecute=0 rethrow=0 return_oop=1}
                      ; - io.github.universityTycoon.MainScreen::draw@308 (line 270)
  0x000001fb87d71e7c: e06d f4ff | 4c8b 5424 | 4045 8b5a | 1047 8b5c | dc2c 458b | 5214 4489 

  0x000001fb87d71e94: ;   {oop(a 'java/lang/Class'{0x000000070ac01790} = 'io/github/universityTycoon/GameModel')}
  0x000001fb87d71e94: 5424 3849 | ba90 17c0 | 0a07 0000 | 0045 8b42 | 7444 8944 | 2448 4585 | db0f 8c41 | 8f00 0041 
  0x000001fb87d71eb4: 8beb f7dd | 83fd f60f | 8e4c 1800 | 0041 ba01 | 0000 004d | 8b8f 0801 | 0000 4d63 | d249 83c2 
  0x000001fb87d71ed4: 1945 8bc2 | 4489 4424 | 244d 63c0 | 498b d848 | 83c3 1748 | 83e3 f849 | 8bc9 4803 | cb49 3b8f 
  0x000001fb87d71ef4: 1801 0000 | 0f83 c26a | 0000 4989 | 8f08 0100 | 000f 1881 | 0001 0000 | 49c7 0101 | 0000 000f 
  0x000001fb87d71f14: 1881 4001 

  0x000001fb87d71f18: ;   {metadata({type array byte})}
  0x000001fb87d71f18: 0000 41c7 | 4108 3867 | 0000 448b | 5424 2445 | 8951 0c0f | 1881 8001 | 0000 4c89 | 4c24 5044 
  0x000001fb87d71f38: 8b4c 2424 | 41ff c944 | 8bd5 41c1 | fa1f 83fd | 9c0f 8e3d | 5100 008b | 4c24 244c | 63dd 4d69 
  0x000001fb87d71f58: db67 6666 | 6649 c1fb | 2241 8bdb | 412b da44 | 8bd3 41c1 | e203 448b | db41 d1e3 | 4503 da44 
  0x000001fb87d71f78: 2bdd 4183 | c330 443b | 4c24 240f | 8367 7b00 | 004c 8b54 | 2450 4788 | 5c0a 1085 | db0f 8cd8 
  0x000001fb87d71f98: 1800 0049 | 63d9 4883 | c3e7 448b | d345 85d2 | 0f8c 8a7e | 0000 458b | c241 83c0 | 1944 8b5c 
  0x000001fb87d71fb8: 2424 453b | d80f 8275 | 7e00 004c | 8b5c 2450 | 4b8d 5413 

  0x000001fb87d71fcc: ;   {oop([B{0x0000000715c390f0})}
  0x000001fb87d71fcc: 1048 b9f0 | 90c3 1507 | 0000 0048 | 83c1 1041 | b819 0000 | 00c5 f877 | 49ba 403a | 4887 fb01 
  0x000001fb87d71fec: 0000 41ff | d248 85db | 0f85 168e | 0000 4d8b | 8f08 0100 | 004d 8bd1 | 4983 c218 | 4d3b 9718 
  0x000001fb87d7200c: 0100 000f | 83e0 6900 | 004d 8997 | 0801 0000 | 410f 1882 | 0001 0000 | 49c7 0101 

  0x000001fb87d72028: ;   {metadata('java/lang/String')}
  0x000001fb87d72028: 0000 0041 | c741 0870 | e900 0045 | 8961 0c4d | 8961 104c | 8b54 2450 | 49c1 ea03 | 4589 5114 
  0x000001fb87d72048: 448b 5c24 | 4845 85db | 0f84 e27a | 0000 448b | 5424 384d | 8bc2 49c1 

  0x000001fb87d72060: ;   {section_word}
  0x000001fb87d72060: e003 c5fa | 100d f2e8 | ffff 4b8d | 14dc c5fa | 1044 243c 

  0x000001fb87d72074: ;   {optimized virtual_call}
  0x000001fb87d72074: c5f8 77e8 

  0x000001fb87d72078: ; ImmutableOopMap {[48]=Oop [64]=Oop }
                      ;*invokevirtual draw {reexecute=0 rethrow=0 return_oop=1}
                      ; - io.github.universityTycoon.MainScreen::draw@337 (line 271)
  0x000001fb87d72078: e46b f4ff | 4c8b 5424 | 4045 8b52 | 1445 85d2 | 0f84 c27a | 0000 4b8d | 14d4 6690 

  0x000001fb87d72094: ;   {optimized virtual_call}
  0x000001fb87d72094: c5f8 77e8 

  0x000001fb87d72098: ; ImmutableOopMap {[48]=Oop [64]=Oop }
                      ;*invokevirtual end {reexecute=0 rethrow=0 return_oop=0}
                      ; - io.github.universityTycoon.MainScreen::draw@345 (line 273)
  0x000001fb87d72098: 8429 f9ff | 488b 5424 | 4066 6690 

  0x000001fb87d720a4: ;   {optimized virtual_call}
  0x000001fb87d720a4: c5f8 77e8 

  0x000001fb87d720a8: ; ImmutableOopMap {[48]=Oop [64]=Oop }
                      ;*invokevirtual drawBuildingMenu {reexecute=0 rethrow=0 return_oop=0}
                      ; - io.github.universityTycoon.MainScreen::draw@349 (line 278)
  0x000001fb87d720a8: 54b5 0300 | 4c8b 5424 | 4041 8b6a | 1445 0fb6 | 54ec 3845 | 85d2 0f85 | b491 0000 | 4589 64ec 
  0x000001fb87d720c8: ;   {oop(a 'java/lang/Class'{0x000000070ad59ae8} = 'com/badlogic/gdx/Gdx')}
  0x000001fb87d720c8: 2c49 bae8 | 9ad5 0a07 | 0000 0045 | 8b9a 8800 | 0000 478b 

  0x000001fb87d720dc: ;   {metadata('com/badlogic/gdx/backends/lwjgl3/Lwjgl3GL20')}
  0x000001fb87d720dc: 54dc 0841 | 81fa 882c | 0301 0f85 | ac7d 0000 | 4d8d 14ec | 4c89 5424 | 2033 d290 

  0x000001fb87d720f8: ;   {static_call}
  0x000001fb87d720f8: c5f8 77e8 

  0x000001fb87d720fc: ; ImmutableOopMap {rbp=NarrowOop [32]=Oop [48]=Oop [64]=Oop }
                      ;*invokestatic glDepthMask {reexecute=0 rethrow=0 return_oop=0}
                      ; - org.lwjgl.opengl.GL11::glDepthMask@1 (line 1780)
                      ; - com.badlogic.gdx.backends.lwjgl3.Lwjgl3GL20::glDepthMask@1 (line 255)
                      ; - com.badlogic.gdx.graphics.g2d.SpriteBatch::begin@26 (line 179)
                      ; - io.github.universityTycoon.MainScreen::draw@356 (line 282)
  0x000001fb87d720fc: 4055 efff | 458b 54ec | 5845 85d2 | 0f85 7e91 | 0000 458b | 4cec 5447 | 0fb6 5ccc 

  0x000001fb87d72118: ;   {oop(a 'java/lang/Class'{0x000000070ad59ae8} = 'com/badlogic/gdx/Gdx')}
  0x000001fb87d72118: 1d49 bae8 | 9ad5 0a07 | 0000 0045 | 8b92 8c00 | 0000 4585 | db0f 856d | 9100 0043 | 8b54 cc0c 
  0x000001fb87d72138: ; implicit exception: dispatches to 0x000001fb87d7f9f0
  0x000001fb87d72138: 478b 5cd4 

  0x000001fb87d7213c: ;   {metadata('com/badlogic/gdx/backends/lwjgl3/Lwjgl3GL20')}
  0x000001fb87d7213c: 0841 81fb | 882c 0301 | 0f85 627d | 0000 6690 

  0x000001fb87d7214c: ;   {static_call}
  0x000001fb87d7214c: c5f8 77e8 

  0x000001fb87d72150: ; ImmutableOopMap {rbp=NarrowOop [32]=Oop [48]=Oop [64]=Oop }
                      ;*invokestatic glUseProgram {reexecute=0 rethrow=0 return_oop=0}
                      ; - org.lwjgl.opengl.GL20::glUseProgram@1 (line 398)
                      ; - com.badlogic.gdx.backends.lwjgl3.Lwjgl3GL20::glUseProgram@1 (line 773)
                      ; - com.badlogic.gdx.graphics.glutils.ShaderProgram::bind@13 (line 705)
                      ; - com.badlogic.gdx.graphics.g2d.SpriteBatch::begin@52 (line 183)
                      ; - io.github.universityTycoon.MainScreen::draw@356 (line 282)
  0x000001fb87d72150: 6c16 f0ff | 488b 5424 | 2066 6690 

  0x000001fb87d7215c: ;   {optimized virtual_call}
  0x000001fb87d7215c: c5f8 77e8 

  0x000001fb87d72160: ; ImmutableOopMap {rbp=NarrowOop [32]=Oop [48]=Oop [64]=Oop }
                      ;*invokevirtual setupMatrices {reexecute=0 rethrow=0 return_oop=0}
                      ; - com.badlogic.gdx.graphics.g2d.SpriteBatch::begin@56 (line 184)
                      ; - io.github.universityTycoon.MainScreen::draw@356 (line 282)
  0x000001fb87d72160: dc90 f7ff | 41c6 44ec | 3801 4c8b | 5c24 4045 | 8b53 4847 | 8b44 d410 | 4c89 5c24 | 3845 8b5b 
  0x000001fb87d72180: 1444 895c 

  0x000001fb87d72184: ;   {oop(a 'java/lang/Class'{0x000000070ac01790} = 'io/github/universityTycoon/GameModel')}
  0x000001fb87d72184: 242c 49ba | 9017 c00a | 0700 0000 | 458b 5278 | 4489 5424 | 2847 8b4c | c414 478b | 54cc 0c45 
  0x000001fb87d721a4: 85d2 0f86 | 187d 0000 | 430f be4c | c410 894c | 2440 458b | da41 d3fb | 4963 db48 | 83c3 0f83 
  0x000001fb87d721c4: f901 0f84 | f090 0000 | 448b db45 | 85db 0f8c | 6c8c 0000 | 488b cb48 | c1f9 208b | c941 d3e3 
  0x000001fb87d721e4: 4489 5c24 | 4445 85db | 0f8c fa90 | 0000 4181 | fb00 0010 | 000f 87e5 | 7900 004d | 63db 8b7c 
  0x000001fb87d72204: 2444 81ff | 0000 1000 | 0f87 7c68 | 0000 498b | bf08 0100 | 0049 83c3 | 1749 83e3 | f848 8bcf 
  0x000001fb87d72224: 4903 cb49 | 3b8f 1801 | 0000 0f83 | 5a68 0000 | 4989 8f08 | 0100 000f | 1881 0001 | 0000 48c7 
  0x000001fb87d72244: 0701 0000 | 000f 1881 | 4001 0000 

  0x000001fb87d72250: ;   {metadata({type array byte})}
  0x000001fb87d72250: c747 0838 | 6700 0044 | 8b5c 2444 | 4489 5f0c | 0f18 8180 | 0100 0048 | 897c 2448 | 448b 5c24 
  0x000001fb87d72270: 4045 85db | 0f85 028c | 0000 8b7c | 2444 458b | da41 83c3 | 0f41 3bfb | 0f82 5a7c | 0000 4585 
  0x000001fb87d72290: d276 2548 | 8b54 2448 | 4883 c21f | 4f8d 1ccc | 4b8d 4ccc | 104d 63c2 | c5f8 7749 | ba40 3a48 
  0x000001fb87d722b0: 87fb 0100 | 0041 ffd2 | 83ff 0f0f | 8263 7c00 | 0048 8b54 | 2448 4883 

  0x000001fb87d722c8: ;   {oop([B{0x0000000715c39060})}
  0x000001fb87d722c8: c210 48b9 | 6090 c315 | 0700 0000 | 4883 c110 | 41b8 0f00 | 0000 c5f8 | 7749 ba60 | 3948 87fb 
  0x000001fb87d722e8: 0100 0041 | ffd2 4d8b | 8f08 0100 | 004d 8bd1 | 4983 c218 | 4d3b 9718 | 0100 000f | 83ce 6700 
  0x000001fb87d72308: 004d 8997 | 0801 0000 | 410f 1882 | 0001 0000 | 49c7 0101 

  0x000001fb87d7231c: ;   {metadata('java/lang/String')}
  0x000001fb87d7231c: 0000 0041 | c741 0870 | e900 0045 | 8961 0c45 | 8961 104c | 8b54 2448 | 4d8b da49 | c1eb 0345 
  0x000001fb87d7233c: 8959 1444 | 8b5c 2428 | 4585 db0f | 849f 7800 | 0044 8b54 | 242c 4d8b | c249 c1e0 

  0x000001fb87d72358: ;   {section_word}
  0x000001fb87d72358: 03c5 fa10 | 05ff e5ff | ffc5 fa11 

  0x000001fb87d72364: ;   {section_word}
  0x000001fb87d72364: 4424 40c5 | fa10 0df5 | e5ff ffc5 | fa11 4c24 | 204b 8d14 | dc66 6690 

  0x000001fb87d7237c: ;   {optimized virtual_call}
  0x000001fb87d7237c: c5f8 77e8 

  0x000001fb87d72380: ; ImmutableOopMap {[48]=Oop [56]=Oop }
                      ;*invokevirtual draw {reexecute=0 rethrow=0 return_oop=1}
                      ; - io.github.universityTycoon.MainScreen::draw@384 (line 285)
  0x000001fb87d72380: dc68 f4ff | 4c8b 5424 | 3845 8b52 | 4847 8b5c | d40c 4183 | fb04 0f83 | 6878 0000 | 4c8b 5424 
  0x000001fb87d723a0: 3845 8b52 | 1444 8954 

  0x000001fb87d723a8: ;   {oop(a 'java/lang/Class'{0x000000070ac01790} = 'io/github/universityTycoon/GameModel')}
  0x000001fb87d723a8: 242c 49ba | 9017 c00a | 0700 0000 | 458b 4278 | 4489 4424 

  0x000001fb87d723bc: ;   {section_word}
  0x000001fb87d723bc: 28c5 fa10 | 05b3 e5ff 

  0x000001fb87d723c4: ;   {section_word}
  0x000001fb87d723c4: ffc5 fa10 | 159b e5ff 

  0x000001fb87d723cc: ;   {section_word}
  0x000001fb87d723cc: ffc5 fa10 | 0d97 e5ff 

  0x000001fb87d723d4: ;   {section_word}
  0x000001fb87d723d4: ffc5 fa10 | 2593 e5ff 

  0x000001fb87d723dc: ;   {section_word}
  0x000001fb87d723dc: ffc5 fa10 | 1d8f e5ff | ff44 8b54 | 242c 49c1 | e203 4c89 

  0x000001fb87d723f0: ;   {oop([I{0x0000000715c28ba0})}
  0x000001fb87d723f0: 5424 4849 | baa0 8bc2 | 1507 0000 | 0047 8b5c | 9a10 4183 | fb01 0f85 | e314 0000 | c5fa 115c 
  0x000001fb87d72410: 245c c5fa | 1164 2458 | c5fa 114c | 2454 c5fa | 1154 2450 | c5fa 1144 | 2444 6690 

  0x000001fb87d7242c: ;   {static_call}
  0x000001fb87d7242c: c5f8 77e8 

  0x000001fb87d72430: ; ImmutableOopMap {[40]=NarrowOop [44]=NarrowOop [48]=Oop [56]=Oop [72]=Oop }
                      ;*invokestatic getBuildingCapacity {reexecute=0 rethrow=0 return_oop=0}
                      ; - io.github.universityTycoon.MainScreen::draw@435 (line 289)
  0x000001fb87d72430: cceb 0100 | c4c1 797e | c245 8bda | 4181 e300 | 0000 8045 | 85db 0f85 | f48e 0000 | 418b ea81 
  0x000001fb87d72450: e5ff ff7f | 0041 c1ea | 1745 0fb6 | d241 81fa | ff00 0000 | 0f84 068f | 0000 4585 | d20f 8411 
  0x000001fb87d72470: 8f00 004c | 8b5c 2430 | 418b 4b44 | 4183 c281 | 4489 5424 | 6081 cd00 | 0080 0085 | c90f 84a2 
  0x000001fb87d72490: 5000 0045 | 8b54 cc14 

  0x000001fb87d72498: ; implicit exception: dispatches to 0x000001fb87d7fa84
  0x000001fb87d72498: 478b 44d4 | 0c45 8bc8 | 41ff c941 | 81e1 7fb8 | 0c70 4585 | c00f 86c1 | 7e00 0049 | c1e2 0347 
  0x000001fb87d724b8: 8b54 8a10 | 4585 d20f | 844c 5000 | 0047 8b44 

  0x000001fb87d724c8: ;   {oop(a 'jdk/internal/math/FloatingDecimal$1'{0x000000070ae85eb0})}
  0x000001fb87d724c8: d40c 4181 | f8d6 0b5d | e10f 85bd | 7f00 004b | 8d04 d444 | 8b50 1c49 | 8bc2 48c1 | e003 448b 
  0x000001fb87d724e8: ;   {metadata('jdk/internal/math/FloatingDecimal$BinaryToASCIIBuffer')}
  0x000001fb87d724e8: 5808 4181 | fb98 0629 | 000f 8559 | d200 0048 | 8944 2420 | 4488 6018 | 4c63 cd49 | c1e1 1d48 
  0x000001fb87d72508: 8bd0 448b | 4424 60bf | 1800 0000 | 8bb4 2488 | 0000 0090 

  0x000001fb87d7251c: ;   {optimized virtual_call}
  0x000001fb87d7251c: c5f8 77e8 

  0x000001fb87d72520: ; ImmutableOopMap {[32]=Oop [40]=NarrowOop [44]=NarrowOop [48]=Oop [56]=Oop [72]=Oop }
                      ;*invokevirtual dtoa {reexecute=0 rethrow=0 return_oop=0}
                      ; - jdk.internal.math.FloatingDecimal::getBinaryToASCIIConverter@157 (line 1825)
                      ; - jdk.internal.math.FloatingDecimal::toJavaFormatString@1 (line 80)
                      ; - java.lang.Float::toString@1 (line 226)
                      ; - java.lang.String::valueOf@1 (line 4357)
                      ; - java.lang.invoke.LambdaForm$DMH/0x000001fb97095800::invokeStatic@10
                      ; - java.lang.invoke.LambdaForm$MH/0x000001fb97097000::invoke@15
                      ; - java.lang.invoke.LambdaForm$MH/0x000001fb97097400::linkToTargetMethod@5
                      ; - io.github.universityTycoon.MainScreen::draw@438 (line 289)
  0x000001fb87d72520: 5c17 0200 | 4c8b 5424 | 2045 8b42 

  0x000001fb87d7252c: ;   {metadata('jdk/internal/math/FloatingDecimal$BinaryToASCIIBuffer')}
  0x000001fb87d7252c: 0841 81f8 | 9806 2900 | 0f85 117d | 0000 498b | ea45 8b5a | 204d 8bc3 | 49c1 e003 | 498b d290 
  0x000001fb87d7254c: ;   {optimized virtual_call}
  0x000001fb87d7254c: c5f8 77e8 

  0x000001fb87d72550: ; ImmutableOopMap {rbp=Oop [40]=NarrowOop [44]=NarrowOop [48]=Oop [56]=Oop [72]=Oop }
                      ;*invokevirtual getChars {reexecute=0 rethrow=0 return_oop=0}
                      ; - jdk.internal.math.FloatingDecimal$BinaryToASCIIBuffer::toJavaFormatString@5 (line 301)
                      ; - jdk.internal.math.FloatingDecimal::toJavaFormatString@4 (line 80)
                      ; - java.lang.Float::toString@1 (line 226)
                      ; - java.lang.String::valueOf@1 (line 4357)
                      ; - java.lang.invoke.LambdaForm$DMH/0x000001fb97095800::invokeStatic@10
                      ; - java.lang.invoke.LambdaForm$MH/0x000001fb97097000::invoke@15
                      ; - java.lang.invoke.LambdaForm$MH/0x000001fb97097400::linkToTargetMethod@5
                      ; - io.github.universityTycoon.MainScreen::draw@438 (line 289)
  0x000001fb87d72550: 8c4d 0200 | 8944 2460 | 448b 5d20 | 4489 5c24 | 6447 8b54 | dc0c 4489 | 5424 6885 | c00f 8c39 
  0x000001fb87d72570: 8900 0044 | 8b5c 2468 | 442b d845 | 85db 0f8c | 148e 0000 | 85c0 0f84 | 154d 0000 | 81f8 0000 
  0x000001fb87d72590: 1000 0f87 | 4c7f 0000 | 4c63 d044 | 8b44 2464 | 4b8d 2cc4 | 81f8 0000 | 1000 0f87 | 1567 0000 
  0x000001fb87d725b0: 4d8b 8708 | 0100 0049 | 83c2 1749 | 83e2 f84d | 8bd8 4d03 | da4d 3b9f | 1801 0000 | 0f83 f366 
  0x000001fb87d725d0: 0000 4d89 | 9f08 0100 | 0041 0f18 | 8300 0100 | 0049 c700 | 0100 0000 | 410f 1883 | 4001 0000 
  0x000001fb87d725f0: ;   {metadata({type array byte})}
  0x000001fb87d725f0: 41c7 4008 | 3867 0000 | 4189 400c | 410f 1883 | 8001 0000 | 448b 5424 | 6044 8b5c | 2468 453b 
  0x000001fb87d72610: da0f 821d | 7f00 0049 | 8bf8 4883 | c710 448b | 4c24 644b | 8d74 cc10 | 418b d252 | 8bc2 b900 
  0x000001fb87d72630: ff00 ff83 | e2f0 83e0 | 0f85 d20f | 8445 0000 | 00c5 f96e | c1c5 f970 | c000 c5e1 | efdb 488d 
  0x000001fb87d72650: 3456 488d | 3c17 48f7 | dac5 fa6f | 0c56 c5e1 | ebd9 c5fa | 6f54 5610 | c5e1 ebda | c4e2 7917 
  0x000001fb87d72670: d80f 856b | 0000 00c5 | f167 cac5 | fa7f 0c17 | 4883 c210 | 75d3 8bd0 | 83e2 f883 | e007 85d2 
  0x000001fb87d72690: 7428 c5f9 | 6ec1 c5f9 | 70c0 00c5 | e9ef d2c5 | fa6f 0ec4 | e279 17c8 | 7538 c5f1 | 67ca c5f9 
  0x000001fb87d726b0: d60f 4883 | c610 4883 | c708 8bd0 | 85d2 741f | 488d 3456 | 488d 3c17 | 48f7 da0f | b704 56f7 
  0x000001fb87d726d0: c000 ff00 | 0075 0b88 | 0417 48ff | c275 ec58 | eb06 33c0 | 4883 c408 | 413b c20f | 85b7 8900 
  0x000001fb87d726f0: 004d 8bd0 | 49c1 ea03 | 478b 5cd4 | 0c4d 63c3 | 4c89 4424 | 6049 8bd8 | 4883 c311 | 448b cb44 
  0x000001fb87d72710: 894c 2468 | 4585 c90f | 8cbf 8700 | 0041 81f9 | 0000 1000 | 0f87 2a78 | 0000 4d63 | c14b 8d2c 
  0x000001fb87d72730: d441 81f9 | 0000 1000 | 0f87 c363 | 0000 498b | 8f08 0100 | 0049 83c0 | 1749 83e0 | f84c 8bc9 
  0x000001fb87d72750: 4d03 c84d | 3b8f 1801 | 0000 0f83 | a163 0000 | 4d89 8f08 | 0100 0041 | 0f18 8100 | 0100 0048 
  0x000001fb87d72770: c701 0100 | 0000 410f | 1881 4001 

  0x000001fb87d7277c: ;   {metadata({type array byte})}
  0x000001fb87d7277c: 0000 c741 | 0838 6700 | 0044 8b44 | 2468 4489 | 410c 410f | 1881 8001 | 0000 4889 | 4c24 7045 
  0x000001fb87d7279c: 8bc3 4183 | c011 8b5c | 2468 413b | d80f 82c9 | 7a00 0045 | 85db 7623 | 4b8d 4cd4 | 1048 8b54 
  0x000001fb87d727bc: 2470 4883 | c221 4c8b | 4424 60c5 | f877 49ba | 403a 4887 | fb01 0000 | 41ff d283 | fb11 0f82 
  0x000001fb87d727dc: d47a 0000 | 488b 5424 | 7048 83c2 

  0x000001fb87d727e8: ;   {oop([B{0x0000000715c38fd0})}
  0x000001fb87d727e8: 1048 b9d0 | 8fc3 1507 | 0000 0048 | 83c1 1041 | b811 0000 | 00c5 f877 | 49ba 6039 | 4887 fb01 
  0x000001fb87d72808: 0000 41ff | d24d 8b8f | 0801 0000 | 4d8b d149 | 83c2 184d | 3b97 1801 | 0000 0f83 | 1263 0000 
  0x000001fb87d72828: 4d89 9708 | 0100 0041 | 0f18 8200 | 0100 0049 | c701 0100 

  0x000001fb87d7283c: ;   {metadata('java/lang/String')}
  0x000001fb87d7283c: 0000 41c7 | 4108 70e9 | 0000 4589 | 610c 4589 | 6110 4c8b | 5424 7049 | c1ea 0345 | 8951 1444 
  0x000001fb87d7285c: 8b54 2428 | 4585 d20f | 84f3 7600 | 004b 8d14 | d44c 8b44 | 2448 c5fa | 1044 2440 | c5fa 104c 
  0x000001fb87d7287c: 2444 6690 

  0x000001fb87d72880: ;   {optimized virtual_call}
  0x000001fb87d72880: c5f8 77e8 

  0x000001fb87d72884: ; ImmutableOopMap {[48]=Oop [56]=Oop }
                      ;*invokevirtual draw {reexecute=0 rethrow=0 return_oop=1}
                      ; - io.github.universityTycoon.MainScreen::draw@449 (line 289)
  0x000001fb87d72884: d863 f4ff | 4c8b 5424 | 3845 8b52 | 1444 8954 

  0x000001fb87d72894: ;   {oop(a 'java/lang/Class'{0x000000070ac01790} = 'io/github/universityTycoon/GameModel')}
  0x000001fb87d72894: 242c 49ba | 9017 c00a | 0700 0000 | 458b 5a78 | 4489 5c24 | 2866 6690 

  0x000001fb87d728ac: ;   {static_call}
  0x000001fb87d728ac: c5f8 77e8 

  0x000001fb87d728b0: ; ImmutableOopMap {[40]=NarrowOop [44]=NarrowOop [48]=Oop [56]=Oop }
                      ;*invokestatic getSatisfactionBonus {reexecute=0 rethrow=0 return_oop=0}
                      ; - io.github.universityTycoon.MainScreen::draw@460 (line 290)
  0x000001fb87d728b0: cc70 0500 | c4c1 797e | c245 8bc2 | 4181 e000 | 0000 8045 | 85c0 0f85 | fc8a 0000 | 418b ea81 
  0x000001fb87d728d0: e5ff ff7f | 0041 c1ea | 1745 0fb6 | d241 81fa | ff00 0000 | 0f84 0e8b | 0000 4585 | d20f 8419 
  0x000001fb87d728f0: 8b00 004c | 8b5c 2430 | 458b 5b44 | 4183 c281 | 4489 5424 | 3081 cd00 | 0080 0045 | 85db 0f84 
  0x000001fb87d72910: 5d4c 0000 | 478b 54dc | 1447 8b44 | d40c 458b | c841 ffc9 | 4181 e17f | b80c 7045 | 85c0 0f86 
  0x000001fb87d72930: e07a 0000 | 49c1 e203 | 478b 548a | 1045 85d2 | 0f84 074c | 0000 478b 

  0x000001fb87d72948: ;   {oop(a 'jdk/internal/math/FloatingDecimal$1'{0x000000070ae85eb0})}
  0x000001fb87d72948: 44d4 0c41 | 81f8 d60b | 5de1 0f85 | 647b 0000 | 4b8d 04d4 | 448b 501c | 498b c248 | c1e0 0344 
  0x000001fb87d72968: ;   {metadata('jdk/internal/math/FloatingDecimal$BinaryToASCIIBuffer')}
  0x000001fb87d72968: 8b58 0841 | 81fb 9806 | 2900 0f85 | 34ce 0000 | 4889 4424 | 2044 8860 | 184c 63cd | 49c1 e11d 
  0x000001fb87d72988: 488b d044 | 8b44 2430 | bf18 0000 | 008b b424 | 8800 0000 

  0x000001fb87d7299c: ;   {optimized virtual_call}
  0x000001fb87d7299c: c5f8 77e8 

  0x000001fb87d729a0: ; ImmutableOopMap {[32]=Oop [40]=NarrowOop [44]=NarrowOop [56]=Oop }
                      ;*invokevirtual dtoa {reexecute=0 rethrow=0 return_oop=0}
                      ; - jdk.internal.math.FloatingDecimal::getBinaryToASCIIConverter@157 (line 1825)
                      ; - jdk.internal.math.FloatingDecimal::toJavaFormatString@1 (line 80)
                      ; - java.lang.Float::toString@1 (line 226)
                      ; - java.lang.String::valueOf@1 (line 4357)
                      ; - java.lang.invoke.LambdaForm$DMH/0x000001fb97095800::invokeStatic@10
                      ; - java.lang.invoke.LambdaForm$MH/0x000001fb97097000::invoke@15
                      ; - java.lang.invoke.LambdaForm$MH/0x000001fb97097400::linkToTargetMethod@5
                      ; - io.github.universityTycoon.MainScreen::draw@463 (line 290)
  0x000001fb87d729a0: dc12 0200 | 4c8b 5424 | 2045 8b42 

  0x000001fb87d729ac: ;   {metadata('jdk/internal/math/FloatingDecimal$BinaryToASCIIBuffer')}
  0x000001fb87d729ac: 0841 81f8 | 9806 2900 | 0f85 2a79 | 0000 498b | ea45 8b5a | 204d 8bc3 | 49c1 e003 | 498b d290 
  0x000001fb87d729cc: ;   {optimized virtual_call}
  0x000001fb87d729cc: c5f8 77e8 

  0x000001fb87d729d0: ; ImmutableOopMap {rbp=Oop [40]=NarrowOop [44]=NarrowOop [56]=Oop }
                      ;*invokevirtual getChars {reexecute=0 rethrow=0 return_oop=0}
                      ; - jdk.internal.math.FloatingDecimal$BinaryToASCIIBuffer::toJavaFormatString@5 (line 301)
                      ; - jdk.internal.math.FloatingDecimal::toJavaFormatString@4 (line 80)
                      ; - java.lang.Float::toString@1 (line 226)
                      ; - java.lang.String::valueOf@1 (line 4357)
                      ; - java.lang.invoke.LambdaForm$DMH/0x000001fb97095800::invokeStatic@10
                      ; - java.lang.invoke.LambdaForm$MH/0x000001fb97097000::invoke@15
                      ; - java.lang.invoke.LambdaForm$MH/0x000001fb97097400::linkToTargetMethod@5
                      ; - io.github.universityTycoon.MainScreen::draw@463 (line 290)
  0x000001fb87d729d0: 0c49 0200 | 8944 2430 | 448b 5d20 | 4489 5c24 | 3447 8b54 | dc0c 4489 | 5424 4485 | c00f 8c19 
  0x000001fb87d729f0: 8500 0045 | 8bda 442b | d845 85db | 0f8c 1e8a | 0000 85c0 | 0f84 a248 | 0000 81f8 | 0000 1000 
  0x000001fb87d72a10: 0f87 d67a | 0000 4c63 | d044 8b5c | 2434 4b8d | 2cdc 81f8 | 0000 1000 | 0f87 b662 | 0000 4d8b 
  0x000001fb87d72a30: 9f08 0100 | 0049 83c2 | 1749 83e2 | f84d 8bc3 | 4d03 c24d | 3b87 1801 | 0000 0f83 | 9462 0000 
  0x000001fb87d72a50: 4d89 8708 | 0100 0041 | 0f18 8000 | 0100 0049 | c703 0100 | 0000 410f | 1880 4001 

  0x000001fb87d72a6c: ;   {metadata({type array byte})}
  0x000001fb87d72a6c: 0000 41c7 | 4308 3867 | 0000 4189 | 430c 410f | 1880 8001 | 0000 448b | 5424 3044 | 8b4c 2444 
  0x000001fb87d72a8c: 453b ca0f | 82db 7a00 | 0044 8b44 | 2434 4b8d | 74c4 1049 | 8bfb 4883 | c710 418b | d252 8bc2 
  0x000001fb87d72aac: b900 ff00 | ff83 e2f0 | 83e0 0f85 | d20f 8445 | 0000 00c5 | f96e d9c5 | f970 db00 | c5e9 efd2 
  0x000001fb87d72acc: 488d 3456 | 488d 3c17 | 48f7 dac5 | fa6f 0456 | c5e9 ebd0 | c5fa 6f4c | 5610 c5e9 | ebd1 c4e2 
  0x000001fb87d72aec: 7917 d30f | 856b 0000 | 00c5 f967 | c1c5 fa7f | 0417 4883 | c210 75d3 | 8bd0 83e2 | f883 e007 
  0x000001fb87d72b0c: 85d2 7428 | c5f9 6ed9 | c5f9 70db | 00c5 f1ef | c9c5 fa6f | 06c4 e279 | 17c3 7538 | c5f9 67c1 
  0x000001fb87d72b2c: c5f9 d607 | 4883 c610 | 4883 c708 | 8bd0 85d2 | 741f 488d | 3456 488d | 3c17 48f7 | da0f b704 
  0x000001fb87d72b4c: 56f7 c000 | ff00 0075 | 0b88 0417 | 48ff c275 | ec58 eb06 | 33c0 4883 | c408 413b | c20f 856d 
  0x000001fb87d72b6c: 8500 004d | 8bd3 49c1 | ea03 458b | ca47 8b54 | cc0c 4d63 | da4c 895c | 2430 498b | cb48 83c1 
  0x000001fb87d72b8c: 1a44 8bc1 | 4489 4424 | 4445 85c0 | 0f8c 9e83 | 0000 4181 | f800 0010 | 000f 87c9 | 7300 004d 
  0x000001fb87d72bac: 63d8 4b8d | 2ccc 4181 | f800 0010 | 000f 879d | 5f00 0049 | 8b9f 0801 | 0000 4983 | c317 4983 
  0x000001fb87d72bcc: e3f8 4c8b | c34d 03c3 | 4d3b 8718 | 0100 000f | 837b 5f00 | 004d 8987 | 0801 0000 | 410f 1880 
  0x000001fb87d72bec: 0001 0000 | 48c7 0301 | 0000 0041 | 0f18 8040 

  0x000001fb87d72bfc: ;   {metadata({type array byte})}
  0x000001fb87d72bfc: 0100 00c7 | 4308 3867 | 0000 8b4c | 2444 894b | 0c41 0f18 | 8080 0100 | 0044 894c | 2448 4889 
  0x000001fb87d72c1c: 5c24 6045 | 8bda 4183 | c31a 8b7c | 2444 413b | fb0f 82dd | 7600 0045 | 85d2 7626 | 448b 5c24 
  0x000001fb87d72c3c: 484b 8d4c | dc10 488b | d348 83c2 | 2a4c 8b44 | 2430 c5f8 | 7749 ba40 | 3a48 87fb | 0100 0041 
  0x000001fb87d72c5c: ffd2 83ff | 1a0f 82e1 | 7600 0048 | 8bd3 4883 

  0x000001fb87d72c6c: ;   {oop([B{0x0000000715c38f08})}
  0x000001fb87d72c6c: c210 48b9 | 088f c315 | 0700 0000 | 4883 c110 | 41b8 1a00 | 0000 c5f8 | 7749 ba60 | 3948 87fb 
  0x000001fb87d72c8c: 0100 0041 | ffd2 4d8b | 8f08 0100 | 004d 8bd1 | 4983 c218 | 4d3b 9718 | 0100 000f | 83e4 5e00 
  0x000001fb87d72cac: 004d 8997 | 0801 0000 | 410f 1882 | 0001 0000 | 49c7 0101 

  0x000001fb87d72cc0: ;   {metadata('java/lang/String')}
  0x000001fb87d72cc0: 0000 0041 | c741 0870 | e900 0045 | 8961 0c45 | 8961 104c | 8b54 2460 | 49c1 ea03 | 4589 5114 
  0x000001fb87d72ce0: 448b 5424 | 2845 85d2 | 0f84 8e72 | 0000 448b | 5c24 2c4d | 8bc3 49c1 | e003 4b8d | 14d4 c5fa 
  0x000001fb87d72d00: 1044 2440 | c5fa 104c | 2450 6690 

  0x000001fb87d72d0c: ;   {optimized virtual_call}
  0x000001fb87d72d0c: c5f8 77e8 

  0x000001fb87d72d10: ; ImmutableOopMap {[56]=Oop }
                      ;*invokevirtual draw {reexecute=0 rethrow=0 return_oop=1}
                      ; - io.github.universityTycoon.MainScreen::draw@474 (line 290)
  0x000001fb87d72d10: 4c5f f4ff | 4c8b 5424 | 3845 8b52 | 1444 8954 

  0x000001fb87d72d20: ;   {oop(a 'java/lang/Class'{0x000000070ac01790} = 'io/github/universityTycoon/GameModel')}
  0x000001fb87d72d20: 2430 49ba | 9017 c00a | 0700 0000 | 458b 5a78 | 4489 5c24 | 3466 6690 

  0x000001fb87d72d38: ;   {static_call}
  0x000001fb87d72d38: c5f8 77e8 

  0x000001fb87d72d3c: ; ImmutableOopMap {[48]=NarrowOop [52]=NarrowOop [56]=Oop }
                      ;*invokestatic getRentPricePPM {reexecute=0 rethrow=0 return_oop=0}
                      ; - io.github.universityTycoon.MainScreen::draw@485 (line 291)
  0x000001fb87d72d3c: c0e5 0100 | 85c0 0f8c | 2482 0000 | 8be8 f7dd | 83fd f60f | 8ecc 0900 | 0041 bb01 | 0000 004d 
  0x000001fb87d72d5c: 8b8f 0801 | 0000 4d63 | c349 83c0 | 1045 8bd0 | 4489 5424 | 2449 63da | 4c8b d349 | 83c2 1749 
  0x000001fb87d72d7c: 83e2 f84d | 8bd9 4d03 | da4d 3b9f | 1801 0000 | 0f83 1e5e | 0000 4d89 | 9f08 0100 | 0041 0f18 
  0x000001fb87d72d9c: 8300 0100 | 0049 c701 | 0100 0000 | 410f 1883 | 4001 0000 

  0x000001fb87d72db0: ;   {metadata({type array byte})}
  0x000001fb87d72db0: 41c7 4108 | 3867 0000 | 448b 4424 | 2445 8941 | 0c41 0f18 | 8380 0100 | 004c 894c | 2460 448b 
  0x000001fb87d72dd0: 4c24 2441 | ffc9 8bd5 | c1fa 1f83 | fd9c 0f8e | 5343 0000 | 448b 5424 | 2441 b80b | 0000 00bb 
  0x000001fb87d72df0: 0300 0000 | 41bb 0700 | 0000 4489 | 4424 4889 | 5c24 4c44 | 895c 2444 | 4c63 dd4d | 69db 6766 
  0x000001fb87d72e10: 6666 49c1 | fb22 458b | c344 2bc2 | 458b d841 | c1e3 0341 | 8bd8 d1e3 | 4103 db2b | dd83 c330 
  0x000001fb87d72e30: 443b 4c24 | 240f 8359 | 7100 004c | 8b5c 2460 | 4388 5c0b | 1045 85c0 | 0f8c 4f0a | 0000 4963 
  0x000001fb87d72e50: d948 83c3 | f044 8bd3 | 4585 d20f | 8c3b 7500 | 0045 8bda | 4183 c310 | 448b 4424 | 2445 3bc3 
  0x000001fb87d72e70: 0f82 2675 | 0000 4c8b | 5c24 604b | 8d54 1310 

  0x000001fb87d72e80: ;   {oop([B{0x0000000715c38e50})}
  0x000001fb87d72e80: 48b9 508e | c315 0700 | 0000 4883 | c110 41b8 | 1000 0000 | c5f8 7749 | ba40 3a48 | 87fb 0100 
  0x000001fb87d72ea0: 0041 ffd2 | 4885 db0f | 85e3 8000 | 004d 8b8f | 0801 0000 | 4d8b d149 | 83c2 184d | 3b97 1801 
  0x000001fb87d72ec0: 0000 0f83 | 1d5d 0000 | 4d89 9708 | 0100 0041 | 0f18 8200 | 0100 0049 | c701 0100 

  0x000001fb87d72edc: ;   {metadata('java/lang/String')}
  0x000001fb87d72edc: 0000 41c7 | 4108 70e9 | 0000 4589 | 610c 4d89 | 6110 4c8b | 5424 604d | 8bda 49c1 | eb03 4589 
  0x000001fb87d72efc: 5914 448b | 5c24 3445 | 85db 0f84 | d070 0000 | 448b 5424 | 304d 8bc2 | 49c1 e003 | 4b8d 14dc 
  0x000001fb87d72f1c: c5fa 1044 | 2440 c5fa | 104c 2454 

  0x000001fb87d72f28: ;   {optimized virtual_call}
  0x000001fb87d72f28: c5f8 77e8 

  0x000001fb87d72f2c: ; ImmutableOopMap {[56]=Oop }
                      ;*invokevirtual draw {reexecute=0 rethrow=0 return_oop=1}
                      ; - io.github.universityTycoon.MainScreen::draw@499 (line 291)
  0x000001fb87d72f2c: 305d f4ff | 4c8b 5424 | 3845 8b5a | 1444 895c 

  0x000001fb87d72f3c: ;   {oop(a 'java/lang/Class'{0x000000070ac01790} = 'io/github/universityTycoon/GameModel')}
  0x000001fb87d72f3c: 2430 49ba | 9017 c00a | 0700 0000 | 458b 5278 | 4489 5424 | 3466 6690 

  0x000001fb87d72f54: ;   {static_call}
  0x000001fb87d72f54: c5f8 77e8 

  0x000001fb87d72f58: ; ImmutableOopMap {[48]=NarrowOop [52]=NarrowOop [56]=Oop }
                      ;*invokestatic getCommonRoomsCount {reexecute=0 rethrow=0 return_oop=0}
                      ; - io.github.universityTycoon.MainScreen::draw@510 (line 292)
  0x000001fb87d72f58: a4e6 0100 | 85c0 0f8c | 7480 0000 | 8be8 f7dd | 83fd f60f | 8ec4 0700 | 0041 ba01 | 0000 0044 
  0x000001fb87d72f78: 8954 2478 | 4d8b 8708 | 0100 004c | 6354 2478 | 4983 c218 | 458b ca44 | 894c 2424 | 4963 d14c 
  0x000001fb87d72f98: 8bda 4983 | c317 4983 | e3f8 4d8b | c84d 03cb | 4d3b 8f18 | 0100 000f | 834f 5c00 | 004d 898f 
  0x000001fb87d72fb8: 0801 0000 | 410f 1881 | 0001 0000 | 49c7 0001 | 0000 0041 | 0f18 8140 

  0x000001fb87d72fd0: ;   {metadata({type array byte})}
  0x000001fb87d72fd0: 0100 0041 | c740 0838 | 6700 0044 | 8b5c 2424 | 4589 580c | 410f 1881 | 8001 0000 | 4c89 4424 
  0x000001fb87d72ff0: 508b 4c24 | 24ff c98b | ddc1 fb1f | 83fd 9c0f | 8ef5 4100 | 0044 8b54 | 2424 4c63 | dd4d 69db 
  0x000001fb87d73010: 6766 6666 | 49c1 fb22 | 458b cb44 | 2bcb 458b | d941 c1e3 | 0341 8bd9 | d1e3 4103 | db2b dd83 
  0x000001fb87d73030: c330 3b4c | 2424 0f83 | b86f 0000 | 4c8b 5c24 | 5041 885c | 0b10 4585 | c90f 8c78 | 0800 0048 
  0x000001fb87d73050: 63d9 4883 | c3e8 448b | d345 85d2 | 0f8c 7673 | 0000 458b | da41 83c3 | 1844 8b4c | 2424 453b 
  0x000001fb87d73070: cb0f 8261 | 7300 004c | 8b5c 2450 | 4b8d 5413 

  0x000001fb87d73080: ;   {oop([B{0x0000000715c38d90})}
  0x000001fb87d73080: 1048 b990 | 8dc3 1507 | 0000 0048 | 83c1 1041 | b818 0000 | 00c5 f877 | 49ba 403a | 4887 fb01 
  0x000001fb87d730a0: 0000 41ff | d248 85db | 0f85 4e7f | 0000 4d8b | 8f08 0100 | 004d 8bd1 | 4983 c218 | 4d3b 9718 
  0x000001fb87d730c0: 0100 000f | 8370 5b00 | 004d 8997 | 0801 0000 | 410f 1882 | 0001 0000 | 49c7 0101 

  0x000001fb87d730dc: ;   {metadata('java/lang/String')}
  0x000001fb87d730dc: 0000 0041 | c741 0870 | e900 0045 | 8961 0c4d | 8961 104c | 8b54 2450 | 4d8b da49 | c1eb 0345 
  0x000001fb87d730fc: 8959 1444 | 8b54 2434 | 4585 d20f | 842f 6f00 | 0044 8b5c | 2430 4d8b | c349 c1e0 | 034b 8d14 
  0x000001fb87d7311c: d4c5 fa10 | 4424 40c5 | fa10 4c24 | 5866 6690 

  0x000001fb87d7312c: ;   {optimized virtual_call}
  0x000001fb87d7312c: c5f8 77e8 

  0x000001fb87d73130: ; ImmutableOopMap {[56]=Oop }
                      ;*invokevirtual draw {reexecute=0 rethrow=0 return_oop=1}
                      ; - io.github.universityTycoon.MainScreen::draw@524 (line 292)
  0x000001fb87d73130: 2c5b f4ff | 4c8b 5424 | 3845 8b5a | 1444 895c 

  0x000001fb87d73140: ;   {oop(a 'java/lang/Class'{0x000000070ac01790} = 'io/github/universityTycoon/GameModel')}
  0x000001fb87d73140: 242c 49ba | 9017 c00a | 0700 0000 | 458b 5278 | 4489 5424 | 2866 6690 

  0x000001fb87d73158: ;   {static_call}
  0x000001fb87d73158: c5f8 77e8 

  0x000001fb87d7315c: ; ImmutableOopMap {[40]=NarrowOop [44]=NarrowOop [56]=Oop }
                      ;*invokestatic getConstructionGameTime {reexecute=0 rethrow=0 return_oop=1}
                      ; - io.github.universityTycoon.MainScreen::draw@535 (line 294)
  0x000001fb87d7315c: 206b 0500 | 4885 c00f | 84eb 6e00 | 0048 8bd0 

  0x000001fb87d7316c: ;   {optimized virtual_call}
  0x000001fb87d7316c: c5f8 77e8 

  0x000001fb87d73170: ; ImmutableOopMap {[40]=NarrowOop [44]=NarrowOop [56]=Oop }
                      ;*invokevirtual getSeconds {reexecute=0 rethrow=0 return_oop=0}
                      ; - io.github.universityTycoon.MainScreen::draw@538 (line 294)
  0x000001fb87d73170: 4cdf f1ff | 4c8b d848 | b857 2951 | cea0 c845 | 1849 f7eb | 49c1 fb3f | 48c1 fa0d | 4c8b d24d 
  0x000001fb87d73190: 2bd3 4c89 | 5424 304d | 85d2 0f8c | a47e 0000 | 4c2b da49 | 83fb f60f | 8e38 0300 | 0041 b801 
  0x000001fb87d731b0: 0000 004d | 8baf 0801 | 0000 4963 | d841 83c0 | 1444 8944 | 2420 488b | eb48 83c5 | 0f4c 8bd3 
  0x000001fb87d731d0: 4983 c22b | 4983 e2f8 | 4d8b c54d | 03c2 4d3b | 8718 0100 | 000f 836d | 5a00 004d | 8987 0801 
  0x000001fb87d731f0: 0000 410f | 1880 0001 | 0000 49c7 | 4500 0100 | 0000 410f | 1880 4001 

  0x000001fb87d73208: ;   {metadata({type array byte})}
  0x000001fb87d73208: 0000 41c7 | 4508 3867 | 0000 448b | 5424 2045 | 8955 0c41 | 0f18 8080 | 0100 008b | cd44 8bc1 
  0x000001fb87d73228: 4183 c005 | 448b 4c24 | 2045 3bc8 | 0f82 0272 | 0000 4863 | f141 c644 | 3514 7341 | c644 3513 
  0x000001fb87d73248: 7941 c644 | 3512 6141 | c644 3511 | 6441 c644 | 3510 2049 | 81fb 0000 | 0080 0f8e | f081 0000 
  0x000001fb87d73268: 418b fb44 | 8bd1 41ff | ca44 8bdf | 41c1 fb1f | 83ff 9c0f | 8eb1 0300 | 0049 8bdd | 4c63 c74d 
  0x000001fb87d73288: 69c0 6766 | 6666 49c1 | f822 458b | c845 2bcb | 458b c141 | c1e0 0341 | 8bd1 d1e2 | 4103 d02b 
  0x000001fb87d732a8: d783 c230 | 443b 5424 | 200f 83ad | 6d00 0042 | 8854 1310 | 4585 c97d | 2244 8b9c | 2490 0000 
  0x000001fb87d732c8: 0045 2bd9 | 448b d141 | 83c2 fe44 | 3b54 2420 | 0f83 6674 | 0000 4488 | 5c0b 0e49 | 63fa 4883 
  0x000001fb87d732e8: c7f1 448b | df45 85db | 0f8c 6671 | 0000 458b | c341 83c0 | 0f44 8b4c | 2420 453b | c80f 8251 
  0x000001fb87d73308: 7100 004a | 8d54 1b10 

  0x000001fb87d73310: ;   {oop([B{0x0000000715c38c80})}
  0x000001fb87d73310: 48b9 808c | c315 0700 | 0000 4883 | c110 41b8 | 0f00 0000 | c5f8 7749 | ba40 3a48 | 87fb 0100 
  0x000001fb87d73330: 0041 ffd2 | 4885 ff0f | 8533 7d00 | 004d 8b8f | 0801 0000 | 4d8b d149 | 83c2 184d | 3b97 1801 
  0x000001fb87d73350: 0000 0f83 | 3659 0000 | 4d89 9708 | 0100 0041 | 0f18 8200 | 0100 0049 | c701 0100 

  0x000001fb87d7336c: ;   {metadata('java/lang/String')}
  0x000001fb87d7336c: 0000 41c7 | 4108 70e9 | 0000 4589 | 610c 4d89 | 6110 4c8b | d349 c1ea | 0345 8951 | 1444 8b54 
  0x000001fb87d7338c: 2428 4585 | d20f 84fd | 6c00 0044 | 8b44 242c | 49c1 e003 | 4b8d 14d4 | c5fa 1044 | 2440 c5fa 
  0x000001fb87d733ac: 104c 245c 

  0x000001fb87d733b0: ;   {optimized virtual_call}
  0x000001fb87d733b0: c5f8 77e8 

  0x000001fb87d733b4: ; ImmutableOopMap {[56]=Oop }
                      ;*invokevirtual draw {reexecute=0 rethrow=0 return_oop=1}
                      ; - io.github.universityTycoon.MainScreen::draw@556 (line 294)
  0x000001fb87d733b4: a858 f4ff | 488b 6c24 | 3844 0fb6 | 5d0d 4585 | db0f 8561 | 7f00 0044 | 8b5d 1445 | 85db 0f84 
  0x000001fb87d733d4: 4468 0000 | 4b8d 14dc 

  0x000001fb87d733dc: ;   {optimized virtual_call}
  0x000001fb87d733dc: c5f8 77e8 

  0x000001fb87d733e0: ; ImmutableOopMap {rbp=Oop }
                      ;*invokevirtual end {reexecute=0 rethrow=0 return_oop=0}
                      ; - io.github.universityTycoon.MainScreen::draw@1144 (line 332)
  0x000001fb87d733e0: 3c16 f9ff | 448b 5518 | 4585 d20f | 843b 6800 | 004b 8d14 

  0x000001fb87d733f4: ;   {oop(a 'com/badlogic/gdx/graphics/glutils/ShapeRenderer$ShapeType'{0x0000000715c27e48})}
  0x000001fb87d733f4: d449 b848 | 7ec2 1507 | 0000 0090 

  0x000001fb87d73400: ;   {optimized virtual_call}
  0x000001fb87d73400: c5f8 77e8 

  0x000001fb87d73404: ; ImmutableOopMap {rbp=Oop }
                      ;*invokevirtual begin {reexecute=0 rethrow=0 return_oop=0}
                      ; - io.github.universityTycoon.MainScreen::draw@1154 (line 337)
  0x000001fb87d73404: d8fb fbff | 448b 5d18 | 4585 db0f | 8427 6800 | 004b 8d14 

  0x000001fb87d73418: ;   {section_word}
  0x000001fb87d73418: dcc5 fa10 | 055b d5ff 

  0x000001fb87d73420: ;   {section_word}
  0x000001fb87d73420: ffc5 fa10 | 0d57 d5ff 

  0x000001fb87d73428: ;   {section_word}
  0x000001fb87d73428: ffc5 fa10 | 1d53 d5ff 

  0x000001fb87d73430: ;   {section_word}
  0x000001fb87d73430: ffc5 fa10 | 254f d5ff | ffc5 f828 

  0x000001fb87d7343c: ;   {oop(a 'com/badlogic/gdx/graphics/Color'{0x000000070ac01770})}
  0x000001fb87d7343c: d049 b870 | 17c0 0a07 

  0x000001fb87d73444: ;   {oop(a 'com/badlogic/gdx/graphics/Color'{0x000000070ac01770})}
  0x000001fb87d73444: 0000 0049 | b970 17c0 | 0a07 0000 | 0066 6690 

  0x000001fb87d73454: ;   {optimized virtual_call}
  0x000001fb87d73454: c5f8 77e8 

  0x000001fb87d73458: ; ImmutableOopMap {rbp=Oop }
                      ;*invokevirtual rectLine {reexecute=0 rethrow=0 return_oop=0}
                      ; - io.github.universityTycoon.MainScreen::draw@1182 (line 338)
  0x000001fb87d73458: e41b feff | 448b 5d18 | 4585 db0f | 84e3 6700 | 004b 8d14 

  0x000001fb87d7346c: ;   {section_word}
  0x000001fb87d7346c: dcc5 fa10 | 0523 d5ff 

  0x000001fb87d73474: ;   {section_word}
  0x000001fb87d73474: ffc5 fa10 | 0d0f d5ff 

  0x000001fb87d7347c: ;   {section_word}
  0x000001fb87d7347c: ffc5 fa10 | 150b d5ff 

  0x000001fb87d73484: ;   {section_word}
  0x000001fb87d73484: ffc5 fa10 | 2507 d5ff | ffc5 f828 

  0x000001fb87d73490: ;   {oop(a 'com/badlogic/gdx/graphics/Color'{0x000000070ac01770})}
  0x000001fb87d73490: d949 b870 | 17c0 0a07 

  0x000001fb87d73498: ;   {oop(a 'com/badlogic/gdx/graphics/Color'{0x000000070ac01770})}
  0x000001fb87d73498: 0000 0049 | b970 17c0 | 0a07 0000 | 0066 6690 

  0x000001fb87d734a8: ;   {optimized virtual_call}
  0x000001fb87d734a8: c5f8 77e8 

  0x000001fb87d734ac: ; ImmutableOopMap {rbp=Oop }
                      ;*invokevirtual rectLine {reexecute=0 rethrow=0 return_oop=0}
                      ; - io.github.universityTycoon.MainScreen::draw@1210 (line 339)
  0x000001fb87d734ac: 901b feff | 448b 5d18 | 4585 db0f | 849f 6700 | 004b 8d14 | dc66 6690 

  0x000001fb87d734c4: ;   {optimized virtual_call}
  0x000001fb87d734c4: c5f8 77e8 

  0x000001fb87d734c8: ; ImmutableOopMap {}
                      ;*invokevirtual end {reexecute=0 rethrow=0 return_oop=0}
                      ; - io.github.universityTycoon.MainScreen::draw@1217 (line 340)
  0x000001fb87d734c8: 74e4 0100 | c5f8 7748 | 81c4 b000 

  0x000001fb87d734d4: ;   {poll_return}
  0x000001fb87d734d4: 0000 5d49 | 3ba7 4803 | 0000 0f87 | 78cc 0000 | c349 83fb | 9c7e 0b41 | b802 0000 | 00e9 bdfc 
  0x000001fb87d734f4: ffff 4981 | fb18 fcff | ff7e 0b41 | b803 0000 | 00e9 a9fc | ffff 4981 | fbf0 d8ff | ff7e 2244 
  0x000001fb87d73514: 8b44 244c | eb13 448b | 4424 4c44 | 8944 2444 | 448b 4424 | 4441 83c0 | 0241 ffc0 | e97e fcff 
  0x000001fb87d73534: ff49 81fb | 6079 feff | 7e18 448b | 5424 4c44 | 8954 2444 | 448b 4424 | 4441 83c0 | 02e9 5dfc 
  0x000001fb87d73554: ffff 4981 | fbc0 bdf0 | ff7f bb49 | 81fb 8069 | 67ff 7e0e | 448b 4424 | 4c41 83c0 | 04e9 3dfc 
  0x000001fb87d73574: ffff 4981 | fb00 1f0a | fa7e 0b44 | 8b44 244c | 4183 c004 | eba3 4981 | fb00 3665 | c47f b549 
  0x000001fb87d73594: ba00 1cf4 | abfd ffff | ff4d 3bda | 0f8f 7eff | ffff 49ba | 0018 89b7 | e8ff ffff | 4d3b da7e 
  0x000001fb87d735b4: 0a44 8b44 | 2448 e9f4 | fbff ff49 | ba00 f05a | 2b17 ffff | ff4d 3bda | 7e0b 41b8 | 0b00 0000 
  0x000001fb87d735d4: e954 ffff | ff49 ba00 | 608d b1e7 | f6ff ff4d | 3bda 7e0b | 41ba 0b00 | 0000 e950 | ffff ff49 
  0x000001fb87d735f4: ba00 c085 | ef0c a5ff | ff4d 3bda | 7e0b 41b8 | 0b00 0000 | e912 ffff | ff49 ba00 | 8039 5b81 
  0x000001fb87d73614: 72fc ff4d | 3bda 7e0b | 41b8 0b00 | 0000 e946 | ffff ff41 | b80b 0000 | 00e9 52ff | ffff 4c63 
  0x000001fb87d73634: c74d 69c0 | 1f85 eb51 | 49c1 f825 | 418b d041 | 2bd3 446b | da64 442b | df41 83fb | 640f 8399 
  0x000001fb87d73654: 8400 004d 

  0x000001fb87d73658: ;   {oop([B{0x000000070ac06480})}
  0x000001fb87d73658: 63c3 49b9 | 8064 c00a | 0700 0000 | 430f be7c | 0110 443b | 5424 200f | 83bb 8400 | 0041 887c 
  0x000001fb87d73678: ;   {oop([B{0x000000070ac064f8})}
  0x000001fb87d73678: 350f 49ba | f864 c00a | 0700 0000 | 470f be5c | 0210 448b | c941 83c1 | fe44 3b4c | 2420 0f83 
  0x000001fb87d73698: 7a81 0000 | 4d8b 9750 | 0300 0049 | 63c1 4588 

  0x000001fb87d736a8: ; ImmutableOopMap {r13=Oop [40]=NarrowOop [44]=NarrowOop [56]=Oop }
                      ;*goto {reexecute=1 rethrow=0 return_oop=0}
                      ; - (reexecute) java.lang.Long::getChars@140 (line 564)
                      ; - java.lang.StringConcatHelper::prepend@12 (line 318)
                      ; - java.lang.StringConcatHelper::prepend@3 (line 336)
                      ; - java.lang.invoke.DirectMethodHandle$Holder::invokeStatic@17
                      ; - java.lang.invoke.LambdaForm$MH/0x000001fb97097c00::invoke@28
                      ; - java.lang.invoke.LambdaForm$MH/0x000001fb97099000::invoke@54
                      ; - java.lang.invoke.Invokers$Holder::linkToTargetMethod@5
                      ; - io.github.universityTycoon.MainScreen::draw@545 (line 294)
                      ;   {poll}
  0x000001fb87d736a8: 5c05 1041 | 8502 458b | d141 ffca | 448b da41 | c1fb 1f83 | fa9c 0f8e | 8a00 0000 | 498b dd41 
  0x000001fb87d736c8: 8bc9 8bfa | e9b3 fbff | ff83 fd9c | 0f8e dd3b | 0000 41b9 | 0200 0000 | e998 e1ff | ff83 fd9c 
  0x000001fb87d736e8: 0f8e e33b | 0000 41b8 | 0200 0000 | e9c6 e3ff | ff83 fd9c | 0f8e e93b | 0000 41ba | 0200 0000 
  0x000001fb87d73708: e9be e5ff | ff83 fd9c | 0f8e ef3b | 0000 41ba | 0200 0000 | e9a6 e7ff | ff83 fd9c | 0f8e f53b 
  0x000001fb87d73728: 0000 41bb | 0200 0000 | e926 f6ff | ff83 fd9c | 0f8e fb3b | 0000 41ba | 0200 0000 | 4489 5424 
  0x000001fb87d73748: 78e9 2ef8 | ffff 4863 | ea4c 69c5 | 1f85 eb51 | 49c1 f825 | 458b c045 | 2bc3 416b | f864 448b 
  0x000001fb87d73768: df44 2bda | 4183 fb64 | 0f83 7286 | 0000 4863 | d748 2bd5 

  0x000001fb87d7377c: ;   {oop([B{0x000000070ac06480})}
  0x000001fb87d7377c: 48bf 8064 | c00a 0700 | 0000 0fbe | 7c17 1044 | 3b54 2420 | 0f83 9d83 | 0000 4188 

  0x000001fb87d73798: ;   {oop([B{0x000000070ac064f8})}
  0x000001fb87d73798: 7c05 0f49 | baf8 64c0 | 0a07 0000 | 0045 0fbe | 5c12 104c | 8bf3 4983 | c613 488b | d648 83c2 
  0x000001fb87d737b8: fc45 8bd6 | 8bc1 83c0 | fc48 8beb | 4883 c514 | 8bfd 483b | d50f 4fc7 | 4863 f849 | 3bfe 410f 
  0x000001fb87d737d8: 4fc2 41ba | ffff ffff | 413b c2bf | ffff ffff | 0f4c c741 | 8bf9 83c7 | fe3b f80f | 8e69 3b00 
  0x000001fb87d737f8: 0041 8bd0 | 448b cfe9 | 8dfe ffff | 41bb 3000 | 0000 452b | da41 8bc8 | 83c1 fe3b | 4c24 4c0f 
  0x000001fb87d73818: 83d6 8500 | 004c 8b54 | 2450 4788 | 5c02 0ee9 | 5be1 ffff | 41bb 3000 | 0000 452b | d98b cf83 
  0x000001fb87d73838: c1fe 3b4c | 244c 0f83 | f485 0000 | 4588 5c3a | 0ee9 51e3 | ffff 41bb | 3000 0000 | 442b db44 
  0x000001fb87d73858: 8bc9 4183 | c1fe 443b | 4c24 4c0f | 8313 8600 | 0045 885c | 0a0e e92b | e5ff ff41 | ba30 0000 
  0x000001fb87d73878: 0044 2bd3 | 448b c941 | 83c1 fe44 | 3b4c 2424 | 0f83 3286 | 0000 4c8b | 5c24 5045 | 8854 0b0e 
  0x000001fb87d73898: e9fe e6ff | ff41 bb30 | 0000 0045 | 2bd8 458b | ca41 83c1 | fe44 3b4c | 2424 0f83 | 4c86 0000 
  0x000001fb87d738b8: 4c8b 4424 | 6047 885c | 100e e987 | f5ff ff41 | bb30 0000 | 0045 2bd9 | 418b ca83 | c1fe 3b4c 
  0x000001fb87d738d8: 2424 0f83 | 6886 0000 | 4c8b 4424 | 5047 885c | 100e e960 | f7ff ff41 | 83fb 030f | 85aa 1200 
  0x000001fb87d738f8: 00c5 fa11 | 5c24 54c5 | fa11 6424 | 50c5 fa11 | 4c24 44c5 | fa11 5424 | 24c5 fa11 | 4424 2048 
  0x000001fb87d73918: 8b6c 2438 

  0x000001fb87d7391c: ;   {static_call}
  0x000001fb87d7391c: c5f8 77e8 

  0x000001fb87d73920: ; ImmutableOopMap {rbp=Oop [40]=NarrowOop [44]=NarrowOop [48]=Oop [56]=Oop [72]=Oop }
                      ;*invokestatic getBuildingCapacity {reexecute=0 rethrow=0 return_oop=0}
                      ; - io.github.universityTycoon.MainScreen::draw@655 (line 302)
  0x000001fb87d73920: 5c9a 72ff | c4c1 797e | c341 8beb | 81e5 0000 | 0080 85ed | 0f85 b2a1 | 0000 c4c1 | 797e c245 
  0x000001fb87d73940: 8bda 4181 | e3ff ff7f | 0045 8bd3 | c4c1 797e | c341 c1eb | 1745 8bc3 | 450f b6c0 | 458b d841 
  0x000001fb87d73960: 81f8 ff00 | 0000 0f84 | 98a1 0000 | 4585 c00f | 84bf a100 | 004c 8b44 | 2430 458b | 4844 4183 
  0x000001fb87d73980: c381 4489 | 5c24 5845 | 8bda 4181 | cb00 0080 | 0044 895c | 245c 4585 | c90f 84aa | 5700 0043 
  0x000001fb87d739a0: 8b6c cc14 

  0x000001fb87d739a4: ; implicit exception: dispatches to 0x000001fb87d7fcc4
  0x000001fb87d739a4: 458b 44ec | 0c45 8bd0 | 41ff ca45 | 8bda 4181 | e37f b80c | 7045 85c0 | 0f86 ba92 | 0000 4d8d 
  0x000001fb87d739c4: 14ec 478b | 549a 1045 | 85d2 0f84 | 4c57 0000 | 478b 44d4 

  0x000001fb87d739d8: ;   {oop(a 'jdk/internal/math/FloatingDecimal$1'{0x000000070ae85eb0})}
  0x000001fb87d739d8: 0c41 81f8 | d60b 5de1 | 0f85 a293 | 0000 4b8d | 04d4 448b | 581c 4d8b | d349 c1e2 | 0345 8b5a 
  0x000001fb87d739f8: ;   {metadata('jdk/internal/math/FloatingDecimal$BinaryToASCIIBuffer')}
  0x000001fb87d739f8: 0841 81fb | 9806 2900 | 0f85 debc | 0000 498b | ea45 8862 | 184c 634c | 245c 49c1 | e11d 498b 
  0x000001fb87d73a18: d244 8b44 | 2458 bf18 | 0000 008b | b424 8800 | 0000 6690 

  0x000001fb87d73a2c: ;   {optimized virtual_call}
  0x000001fb87d73a2c: c5f8 77e8 

  0x000001fb87d73a30: ; ImmutableOopMap {rbp=Oop [40]=NarrowOop [44]=NarrowOop [48]=Oop [56]=Oop [72]=Oop }
                      ;*invokevirtual dtoa {reexecute=0 rethrow=0 return_oop=0}
                      ; - jdk.internal.math.FloatingDecimal::getBinaryToASCIIConverter@157 (line 1825)
                      ; - jdk.internal.math.FloatingDecimal::toJavaFormatString@1 (line 80)
                      ; - java.lang.Float::toString@1 (line 226)
                      ; - java.lang.String::valueOf@1 (line 4357)
                      ; - java.lang.invoke.LambdaForm$DMH/0x000001fb97095800::invokeStatic@10
                      ; - java.lang.invoke.LambdaForm$MH/0x000001fb97097000::invoke@15
                      ; - java.lang.invoke.LambdaForm$MH/0x000001fb97097400::linkToTargetMethod@5
                      ; - io.github.universityTycoon.MainScreen::draw@658 (line 302)
  0x000001fb87d73a30: 4c93 72ff | 448b 5d08 

  0x000001fb87d73a38: ;   {metadata('jdk/internal/math/FloatingDecimal$BinaryToASCIIBuffer')}
  0x000001fb87d73a38: 4181 fb98 | 0629 000f | 852b 9100 | 004c 8bd5 | 498b ea45 | 8b5a 204d | 8bc3 49c1 | e003 498b 
  0x000001fb87d73a58: d266 6690 

  0x000001fb87d73a5c: ;   {optimized virtual_call}
  0x000001fb87d73a5c: c5f8 77e8 

  0x000001fb87d73a60: ; ImmutableOopMap {rbp=Oop [40]=NarrowOop [44]=NarrowOop [48]=Oop [56]=Oop [72]=Oop }
                      ;*invokevirtual getChars {reexecute=0 rethrow=0 return_oop=0}
                      ; - jdk.internal.math.FloatingDecimal$BinaryToASCIIBuffer::toJavaFormatString@5 (line 301)
                      ; - jdk.internal.math.FloatingDecimal::toJavaFormatString@4 (line 80)
                      ; - java.lang.Float::toString@1 (line 226)
                      ; - java.lang.String::valueOf@1 (line 4357)
                      ; - java.lang.invoke.LambdaForm$DMH/0x000001fb97095800::invokeStatic@10
                      ; - java.lang.invoke.LambdaForm$MH/0x000001fb97097000::invoke@15
                      ; - java.lang.invoke.LambdaForm$MH/0x000001fb97097400::linkToTargetMethod@5
                      ; - io.github.universityTycoon.MainScreen::draw@658 (line 302)
  0x000001fb87d73a60: 1c93 72ff | 8944 2458 | 4c8b d545 | 8b52 2044 | 8954 245c 

  0x000001fb87d73a74: ; implicit exception: dispatches to 0x000001fb87d7fc7c
  0x000001fb87d73a74: 478b 5cd4 | 0c44 895c | 2460 85c0 | 0f8c 8a9c | 0000 8b6c | 2460 2be8 | 85ed 0f8c | d0a0 0000 
  0x000001fb87d73a94: 85c0 0f84 | 4f4c 0000 | 81f8 0000 | 1000 0f87 | 5093 0000 | 4c63 d844 | 8b54 245c | 4b8d 2cd4 
  0x000001fb87d73ab4: 81f8 0000 | 1000 0f87 | 476c 0000 | 4d8b 9708 | 0100 0049 | 83c3 1749 | 83e3 f84d | 8bc2 4d03 
  0x000001fb87d73ad4: c34d 3b87 | 1801 0000 | 0f83 256c | 0000 4d89 | 8708 0100 | 0041 0f18 | 8000 0100 | 0049 c702 
  0x000001fb87d73af4: 0100 0000 | 410f 1880 | 4001 0000 

  0x000001fb87d73b00: ;   {metadata({type array byte})}
  0x000001fb87d73b00: 41c7 4208 | 3867 0000 | 4189 420c | 410f 1880 | 8001 0000 | 448b 4424 | 5844 8b5c | 2460 453b 
  0x000001fb87d73b20: d80f 82e1 | 9200 0049 | 8bfa 4883 | c710 448b | 4c24 5c4b | 8d74 cc10 | 418b d052 | 8bc2 b900 
  0x000001fb87d73b40: ff00 ff83 | e2f0 83e0 | 0f85 d20f | 8445 0000 | 00c5 f96e | c1c5 f970 | c000 c5e1 | efdb 488d 
  0x000001fb87d73b60: 3456 488d | 3c17 48f7 | dac5 fa6f | 0c56 c5e1 | ebd9 c5fa | 6f54 5610 | c5e1 ebda | c4e2 7917 
  0x000001fb87d73b80: d80f 856b | 0000 00c5 | f167 cac5 | fa7f 0c17 | 4883 c210 | 75d3 8bd0 | 83e2 f883 | e007 85d2 
  0x000001fb87d73ba0: 7428 c5f9 | 6ec1 c5f9 | 70c0 00c5 | e9ef d2c5 | fa6f 0ec4 | e279 17c8 | 7538 c5f1 | 67ca c5f9 
  0x000001fb87d73bc0: d60f 4883 | c610 4883 | c708 8bd0 | 85d2 741f | 488d 3456 | 488d 3c17 | 48f7 da0f | b704 56f7 
  0x000001fb87d73be0: c000 ff00 | 0075 0b88 | 0417 48ff | c275 ec58 | eb06 33c0 | 4883 c408 | 413b c00f | 85cb 9c00 
  0x000001fb87d73c00: 004d 8bda | 49c1 eb03 | 458b c347 | 8b54 c40c | 4489 5424 | 584d 63d2 | 4c89 5424 | 6049 83c2 
  0x000001fb87d73c20: 1545 8bca | 4489 4c24 | 5c45 85c9 | 0f8c 0e9b | 0000 4181 | f900 0010 | 000f 8781 | 8d00 004d 
  0x000001fb87d73c40: 63c9 4b8d | 2cc4 448b | 5c24 5c41 | 81fb 0000 | 1000 0f87 | 5469 0000 | 4d8b 9f08 | 0100 0049 
  0x000001fb87d73c60: 83c1 1749 | 83e1 f849 | 8bcb 4903 | c949 3b8f | 1801 0000 | 0f83 3269 | 0000 4989 | 8f08 0100 
  0x000001fb87d73c80: 000f 1881 | 0001 0000 | 49c7 0301 | 0000 000f | 1881 4001 

  0x000001fb87d73c94: ;   {metadata({type array byte})}
  0x000001fb87d73c94: 0000 41c7 | 4308 3867 | 0000 8b5c | 245c 4189 | 5b0c 0f18 | 8180 0100 | 0044 8944 | 2468 4d8b 
  0x000001fb87d73cb4: d34c 8954 | 2470 448b | 5c24 5841 | 83c3 1544 | 8b44 245c | 418b f845 | 3bc3 0f82 | ac8e 0000 
  0x000001fb87d73cd4: 448b 5c24 | 5845 85db | 7628 448b | 5424 684b | 8d4c d410 | 488b 5424 | 7048 83c2 | 254c 8b44 
  0x000001fb87d73cf4: 2460 c5f8 | 7749 ba40 | 3a48 87fb | 0100 0041 | ffd2 83ff | 150f 82a9 | 8e00 0048 | 8b54 2470 
  0x000001fb87d73d14: 4883 c210 

  0x000001fb87d73d18: ;   {oop([B{0x0000000715c388c8})}
  0x000001fb87d73d18: 48b9 c888 | c315 0700 | 0000 4883 | c110 41b8 | 1500 0000 | c5f8 7749 | ba60 3948 | 87fb 0100 
  0x000001fb87d73d38: 0041 ffd2 | 4d8b 9708 | 0100 004d | 8bda 4983 | c318 4d3b | 9f18 0100 | 000f 8381 | 6800 004d 
  0x000001fb87d73d58: 899f 0801 | 0000 410f | 1883 0001 | 0000 49c7 | 0201 0000 

  0x000001fb87d73d6c: ;   {metadata('java/lang/String')}
  0x000001fb87d73d6c: 0041 c742 | 0870 e900 | 0045 8962 | 0c45 8962 | 104c 8b5c | 2470 4d8b | c349 c1e8 | 0345 8942 
  0x000001fb87d73d8c: 1444 8b5c | 2428 4585 | db0f 842d | 8c00 0045 | 8bc3 4b8d | 14c4 4c8b | 4424 484d | 8bca c5fa 
  0x000001fb87d73dac: 1044 2440 | c5fa 104c | 2420 488b | 6c24 3890 

  0x000001fb87d73dbc: ;   {optimized virtual_call}
  0x000001fb87d73dbc: c5f8 77e8 

  0x000001fb87d73dc0: ; ImmutableOopMap {rbp=Oop [48]=Oop [56]=Oop }
                      ;*invokevirtual draw {reexecute=0 rethrow=0 return_oop=1}
                      ; - io.github.universityTycoon.MainScreen::draw@669 (line 302)
  0x000001fb87d73dc0: bc8f 72ff | 448b 5514 | 4489 5424 

  0x000001fb87d73dcc: ;   {oop(a 'java/lang/Class'{0x000000070ac01790} = 'io/github/universityTycoon/GameModel')}
  0x000001fb87d73dcc: 2849 ba90 | 17c0 0a07 | 0000 0045 | 8b5a 7844 | 895c 242c 

  0x000001fb87d73de0: ;   {static_call}
  0x000001fb87d73de0: c5f8 77e8 

  0x000001fb87d73de4: ; ImmutableOopMap {rbp=Oop [40]=NarrowOop [44]=NarrowOop [48]=Oop [56]=Oop }
                      ;*invokestatic getSatisfactionBonus {reexecute=0 rethrow=0 return_oop=0}
                      ; - io.github.universityTycoon.MainScreen::draw@680 (line 303)
  0x000001fb87d73de4: 9895 72ff | c4c1 797e | c241 8bea | 81e5 0000 | 0080 85ed | 0f85 829d | 0000 c4c1 | 797e c345 
  0x000001fb87d73e04: 8bd3 4181 | e2ff ff7f | 0045 8bda | c4c1 797e | c041 c1e8 | 1745 8bd0 | 450f b6d2 | 458b c241 
  0x000001fb87d73e24: 81fa ff00 | 0000 0f84 | 689d 0000 | 4585 d20f | 848f 9d00 | 004c 8b54 | 2430 458b | 5244 458b 
  0x000001fb87d73e44: c841 83c1 | 8144 894c | 2430 4181 | cb00 0080 | 0044 895c | 2434 4585 | d20f 842e | 5300 0043 
  0x000001fb87d73e64: 8b6c d414 

  0x000001fb87d73e68: ; implicit exception: dispatches to 0x000001fb87d7fcd4
  0x000001fb87d73e68: 458b 4cec | 0c45 8bc1 | 41ff c845 | 8bd8 4181 | e37f b80c | 7045 85c9 | 0f86 928e | 0000 4d8d 
  0x000001fb87d73e88: 04ec 478b | 4c98 1045 | 85c9 0f84 | d052 0000 | 438b 4ccc 

  0x000001fb87d73e9c: ;   {oop(a 'jdk/internal/math/FloatingDecimal$1'{0x000000070ae85eb0})}
  0x000001fb87d73e9c: 0c81 f9d6 | 0b5d e10f | 8517 8f00 | 004b 8d04 | cc44 8b58 | 1c4d 8bd3 | 49c1 e203 

  0x000001fb87d73eb8: ; implicit exception: dispatches to 0x000001fb87d7fc8c
  0x000001fb87d73eb8: 458b 5a08 

  0x000001fb87d73ebc: ;   {metadata('jdk/internal/math/FloatingDecimal$BinaryToASCIIBuffer')}
  0x000001fb87d73ebc: 4181 fb98 | 0629 000f | 85a3 b800 | 0049 8bea | 4588 6218 | 4c63 4c24 | 3449 c1e1 | 1d49 8bd2 
  0x000001fb87d73edc: 448b 4424 | 30bf 1800 | 0000 8bb4 | 2488 0000 | 0066 6690 

  0x000001fb87d73ef0: ;   {optimized virtual_call}
  0x000001fb87d73ef0: c5f8 77e8 

  0x000001fb87d73ef4: ; ImmutableOopMap {rbp=Oop [40]=NarrowOop [44]=NarrowOop [56]=Oop }
                      ;*invokevirtual dtoa {reexecute=0 rethrow=0 return_oop=0}
                      ; - jdk.internal.math.FloatingDecimal::getBinaryToASCIIConverter@157 (line 1825)
                      ; - jdk.internal.math.FloatingDecimal::toJavaFormatString@1 (line 80)
                      ; - java.lang.Float::toString@1 (line 226)
                      ; - java.lang.String::valueOf@1 (line 4357)
                      ; - java.lang.invoke.LambdaForm$DMH/0x000001fb97095800::invokeStatic@10
                      ; - java.lang.invoke.LambdaForm$MH/0x000001fb97097000::invoke@15
                      ; - java.lang.invoke.LambdaForm$MH/0x000001fb97097400::linkToTargetMethod@5
                      ; - io.github.universityTycoon.MainScreen::draw@683 (line 303)
  0x000001fb87d73ef4: 888e 72ff | 448b 5d08 

  0x000001fb87d73efc: ;   {metadata('jdk/internal/math/FloatingDecimal$BinaryToASCIIBuffer')}
  0x000001fb87d73efc: 4181 fb98 | 0629 000f | 85df 8c00 | 004c 8bd5 | 498b ea45 | 8b5a 204d | 8bc3 49c1 | e003 498b 
  0x000001fb87d73f1c: d266 6690 

  0x000001fb87d73f20: ;   {optimized virtual_call}
  0x000001fb87d73f20: c5f8 77e8 

  0x000001fb87d73f24: ; ImmutableOopMap {rbp=Oop [40]=NarrowOop [44]=NarrowOop [56]=Oop }
                      ;*invokevirtual getChars {reexecute=0 rethrow=0 return_oop=0}
                      ; - jdk.internal.math.FloatingDecimal$BinaryToASCIIBuffer::toJavaFormatString@5 (line 301)
                      ; - jdk.internal.math.FloatingDecimal::toJavaFormatString@4 (line 80)
                      ; - java.lang.Float::toString@1 (line 226)
                      ; - java.lang.String::valueOf@1 (line 4357)
                      ; - java.lang.invoke.LambdaForm$DMH/0x000001fb97095800::invokeStatic@10
                      ; - java.lang.invoke.LambdaForm$MH/0x000001fb97097000::invoke@15
                      ; - java.lang.invoke.LambdaForm$MH/0x000001fb97097400::linkToTargetMethod@5
                      ; - io.github.universityTycoon.MainScreen::draw@683 (line 303)
  0x000001fb87d73f24: 588e 72ff | 8944 2430 | 4c8b d545 | 8b5a 2044 | 895c 2434 

  0x000001fb87d73f38: ; implicit exception: dispatches to 0x000001fb87d7fcb4
  0x000001fb87d73f38: 478b 54dc | 0c44 8954 | 2448 85c0 | 0f8c 2698 | 0000 8b6c | 2448 2be8 | 85ed 0f8c | a09c 0000 
  0x000001fb87d73f58: 85c0 0f84 | 9647 0000 | 81f8 0000 | 1000 0f87 | 948e 0000 | 4c63 d844 | 8b44 2434 | 4b8d 2cc4 
  0x000001fb87d73f78: 81f8 0000 | 1000 0f87 | a067 0000 | 4d8b 9708 | 0100 0049 | 83c3 1749 | 83e3 f84d | 8bc2 4d03 
  0x000001fb87d73f98: c34d 3b87 | 1801 0000 | 0f83 7e67 | 0000 4d89 | 8708 0100 | 0041 0f18 | 8000 0100 | 0049 c702 
  0x000001fb87d73fb8: 0100 0000 | 410f 1880 | 4001 0000 

  0x000001fb87d73fc4: ;   {metadata({type array byte})}
  0x000001fb87d73fc4: 41c7 4208 | 3867 0000 | 4189 420c | 410f 1880 | 8001 0000 | 448b 4424 | 3045 8bd8 | 458b c344 
  0x000001fb87d73fe4: 8b4c 2448 | 453b cb0f | 8253 8e00 | 0049 8bfa | 4883 c710 | 448b 5c24 | 344b 8d74 | dc10 418b 
  0x000001fb87d74004: d052 8bc2 | b900 ff00 | ff83 e2f0 | 83e0 0f85 | d20f 8445 | 0000 00c5 | f96e d9c5 | f970 db00 
  0x000001fb87d74024: c5e9 efd2 | 488d 3456 | 488d 3c17 | 48f7 dac5 | fa6f 0456 | c5e9 ebd0 | c5fa 6f4c | 5610 c5e9 
  0x000001fb87d74044: ebd1 c4e2 | 7917 d30f | 856b 0000 | 00c5 f967 | c1c5 fa7f | 0417 4883 | c210 75d3 | 8bd0 83e2 
  0x000001fb87d74064: f883 e007 | 85d2 7428 | c5f9 6ed9 | c5f9 70db | 00c5 f1ef | c9c5 fa6f | 06c4 e279 | 17c3 7538 
  0x000001fb87d74084: c5f9 67c1 | c5f9 d607 | 4883 c610 | 4883 c708 | 8bd0 85d2 | 741f 488d | 3456 488d | 3c17 48f7 
  0x000001fb87d740a4: da0f b704 | 56f7 c000 | ff00 0075 | 0b88 0417 | 48ff c275 | ec58 eb06 | 33c0 4883 | c408 413b 
  0x000001fb87d740c4: c00f 8535 | 9800 0049 | c1ea 0345 | 8bc2 478b | 5cc4 0c44 | 895c 2430 | 4d63 d34c | 8954 2448 
  0x000001fb87d740e4: 4983 c21a | 458b da44 | 895c 2434 | 4585 db0f | 8ca7 9600 | 0041 81fb | 0000 1000 | 0f87 da88 
  0x000001fb87d74104: 0000 4d63 | cb4b 8d2c | c441 81fb | 0000 1000 | 0f87 de64 | 0000 4d8b | 9f08 0100 | 0049 83c1 
  0x000001fb87d74124: 1749 83e1 | f849 8bcb | 4903 c949 | 3b8f 1801 | 0000 0f83 | bc64 0000 | 4989 8f08 | 0100 000f 
  0x000001fb87d74144: 1881 0001 | 0000 49c7 | 0301 0000 | 000f 1881 | 4001 0000 

  0x000001fb87d74158: ;   {metadata({type array byte})}
  0x000001fb87d74158: 41c7 4308 | 3867 0000 | 448b 4c24 | 3445 894b | 0c0f 1881 | 8001 0000 | 4489 4424 | 204d 8bd3 
  0x000001fb87d74178: 4c89 5424 | 5844 8b5c | 2430 4183 | c31a 448b | 5424 3441 | 8bda 453b | d30f 8261 | 8a00 0044 
  0x000001fb87d74198: 8b54 2430 | 4585 d276 | 2844 8b5c | 2420 4b8d | 4cdc 1048 | 8b54 2458 | 4883 c22a | 4c8b 4424 
  0x000001fb87d741b8: 48c5 f877 | 49ba 403a | 4887 fb01 | 0000 41ff | d244 8bd3 | 4183 fa1a | 0f82 4e8a | 0000 488b 
  0x000001fb87d741d8: 5424 5848 

  0x000001fb87d741dc: ;   {oop([B{0x0000000715c38800})}
  0x000001fb87d741dc: 83c2 1048 | b900 88c3 | 1507 0000 | 0048 83c1 | 1041 b81a | 0000 00c5 | f877 49ba | 6039 4887 
  0x000001fb87d741fc: fb01 0000 | 41ff d24d | 8b97 0801 | 0000 4d8b | da49 83c3 | 184d 3b9f | 1801 0000 | 0f83 0664 
  0x000001fb87d7421c: 0000 4d89 | 9f08 0100 | 0041 0f18 | 8300 0100 | 0049 c702 | 0100 0000 

  0x000001fb87d74234: ;   {metadata('java/lang/String')}
  0x000001fb87d74234: 41c7 4208 | 70e9 0000 | 4589 620c | 4589 6210 | 4c8b 5c24 | 584d 8bc3 | 49c1 e803 | 4589 4214 
  0x000001fb87d74254: 448b 4424 | 2c45 85c0 | 0f84 8687 | 0000 448b | 5c24 284d | 8bc3 49c1 | e003 448b | 4c24 2c4b 
  0x000001fb87d74274: 8d14 cc4d | 8bca c5fa | 1044 2440 | c5fa 104c | 2424 488b | 6c24 3890 

  0x000001fb87d7428c: ;   {optimized virtual_call}
  0x000001fb87d7428c: c5f8 77e8 

  0x000001fb87d74290: ; ImmutableOopMap {rbp=Oop [56]=Oop }
                      ;*invokevirtual draw {reexecute=0 rethrow=0 return_oop=1}
                      ; - io.github.universityTycoon.MainScreen::draw@694 (line 303)
  0x000001fb87d74290: ec8a 72ff | 448b 5d14 | 4489 5c24 

  0x000001fb87d7429c: ;   {oop(a 'java/lang/Class'{0x000000070ac01790} = 'io/github/universityTycoon/GameModel')}
  0x000001fb87d7429c: 2849 ba90 | 17c0 0a07 | 0000 0045 | 8b52 7844 | 8954 242c 

  0x000001fb87d742b0: ;   {static_call}
  0x000001fb87d742b0: c5f8 77e8 

  0x000001fb87d742b4: ; ImmutableOopMap {rbp=Oop [40]=NarrowOop [44]=NarrowOop [56]=Oop }
                      ;*invokestatic getFoodQuality {reexecute=0 rethrow=0 return_oop=0}
                      ; - io.github.universityTycoon.MainScreen::draw@705 (line 304)
  0x000001fb87d742b4: c890 72ff | 8944 2420 | 85c0 0f8c | 0495 0000 | 448b d841 | f7db 4489 | 5c24 2441 | 83fb f60f 
  0x000001fb87d742d4: 8e0e 3700 | 0041 bb01 | 0000 0041 | b812 0000 | 0044 8944 | 2430 4d8b | 9708 0100 | 004d 63db 
  0x000001fb87d742f4: 4d8b c349 | 83c0 2849 | 83c3 0e4c | 895c 2448 | 4983 e0f8 | 4d8b da4d | 03d8 4d3b | 9f18 0100 
  0x000001fb87d74314: 000f 8329 | 6300 004d | 899f 0801 | 0000 410f | 1883 0001 | 0000 49c7 | 0201 0000 | 0041 0f18 
  0x000001fb87d74334: 8340 0100 

  0x000001fb87d74338: ;   {metadata({type array byte})}
  0x000001fb87d74338: 0041 c742 | 0838 6700 | 0044 8b44 | 2430 4589 | 420c 410f | 1883 8001 | 0000 4c89 | 5424 584c 
  0x000001fb87d74358: 8b54 2448 | 458b d241 | 8bc2 458b | da41 83c3 | 0344 8b44 | 2430 453b | c30f 82dd | 8800 0049 
  0x000001fb87d74378: 63ca 4c8b | 5424 5841 | c644 0a12 | 3041 c644 | 0a11 3141 | c644 0a10 | 2f44 8bd0 | 41ff ca45 
  0x000001fb87d74398: 8bea 448b | 5424 2441 | c1fa 1f44 | 8b44 2424 | 4183 f89c | 0f8e 6f41 | 0000 41bb | 0b00 0000 
  0x000001fb87d743b8: 41b9 0700 | 0000 4489 | 5c24 6444 | 894c 2460 | 4c63 5c24 | 244d 69db | 6766 6666 | 49c1 fb22 
  0x000001fb87d743d8: 458b c345 | 2bc2 458b | d841 c1e0 | 0345 8bd3 | 41d1 e245 | 03d0 442b | 5424 2441 | 83c2 3044 
  0x000001fb87d743f8: 3b6c 2430 | 0f83 fe85 | 0000 4c8b | 4424 5847 | 8854 2810 | 4585 db0f | 8c83 3d00 | 004d 63d5 
  0x000001fb87d74418: 4983 c2f2 | 498b da41 | 8bea 85ed | 0f8c 7688 | 0000 448b | d541 83c2 | 0e44 8b5c | 2430 453b 
  0x000001fb87d74438: da0f 8261 | 8800 004c | 8b54 2458 | 498d 542a 

  0x000001fb87d74448: ;   {oop([B{0x0000000715c386f0})}
  0x000001fb87d74448: 1048 b9f0 | 86c3 1507 | 0000 0048 | 83c1 1041 | b80e 0000 | 00c5 f877 | 49ba 403a | 4887 fb01 
  0x000001fb87d74468: 0000 41ff | d24c 8bd3 | 4d85 d20f | 8567 9300 | 004d 8b97 | 0801 0000 | 4d8b da49 | 83c3 184d 
  0x000001fb87d74488: 3b9f 1801 | 0000 0f83 | d061 0000 | 4d89 9f08 | 0100 0041 | 0f18 8300 | 0100 0049 | c702 0100 
  0x000001fb87d744a8: ;   {metadata('java/lang/String')}
  0x000001fb87d744a8: 0000 41c7 | 4208 70e9 | 0000 4589 | 620c 4d89 | 6210 4c8b | 5c24 584d | 8bc3 49c1 | e803 4589 
  0x000001fb87d744c8: 4214 448b | 4424 2c45 | 85c0 0f84 | 5c85 0000 | 448b 5c24 | 284d 8bc3 | 49c1 e003 | 448b 4c24 
  0x000001fb87d744e8: 2c4b 8d14 | cc4d 8bca | c5fa 1044 | 2440 c5fa | 104c 2444 | 488b 6c24 | 3866 6690 

  0x000001fb87d74504: ;   {optimized virtual_call}
  0x000001fb87d74504: c5f8 77e8 

  0x000001fb87d74508: ; ImmutableOopMap {rbp=Oop [56]=Oop }
                      ;*invokevirtual draw {reexecute=0 rethrow=0 return_oop=1}
                      ; - io.github.universityTycoon.MainScreen::draw@719 (line 304)
  0x000001fb87d74508: 7488 72ff | 448b 5514 | 4489 5424 

  0x000001fb87d74514: ;   {oop(a 'java/lang/Class'{0x000000070ac01790} = 'io/github/universityTycoon/GameModel')}
  0x000001fb87d74514: 2849 ba90 | 17c0 0a07 | 0000 0045 | 8b5a 7844 | 895c 242c 

  0x000001fb87d74528: ;   {static_call}
  0x000001fb87d74528: c5f8 77e8 

  0x000001fb87d7452c: ; ImmutableOopMap {rbp=Oop [40]=NarrowOop [44]=NarrowOop [56]=Oop }
                      ;*invokestatic getHygieneRating {reexecute=0 rethrow=0 return_oop=0}
                      ; - io.github.universityTycoon.MainScreen::draw@730 (line 305)
  0x000001fb87d7452c: 508e 72ff | 8944 2420 | 85c0 0f8c | d892 0000 | 448b d841 | f7db 4489 | 5c24 2441 | 83fb f60f 
  0x000001fb87d7454c: 8eb7 3400 | 0041 ba01 | 0000 0041 | b813 0000 | 0044 8954 | 2478 4489 | 4424 304d | 8b97 0801 
  0x000001fb87d7456c: 0000 4c63 | 5c24 784d | 8bc3 4983 | c029 4983 | c310 4c89 | 5c24 4849 | 83e0 f84d | 8bda 4d03 
  0x000001fb87d7458c: d84d 3b9f | 1801 0000 | 0f83 ea60 | 0000 4d89 | 9f08 0100 | 0041 0f18 | 8300 0100 | 0049 c702 
  0x000001fb87d745ac: 0100 0000 | 410f 1883 | 4001 0000 

  0x000001fb87d745b8: ;   {metadata({type array byte})}
  0x000001fb87d745b8: 41c7 4208 | 3867 0000 | 448b 4c24 | 3045 894a | 0c41 0f18 | 8380 0100 | 004c 8954 | 2458 4c8b 
  0x000001fb87d745d8: 5424 4845 | 8bda 418b | f345 8bd3 | 4183 c202 | 448b 5c24 | 3045 3bda | 0f82 d286 | 0000 4863 
  0x000001fb87d745f8: ce4c 8b54 | 2458 41c6 | 440a 1135 | 41c6 440a | 102f 448b | de41 ffcb | 418b c344 | 8b54 2424 
  0x000001fb87d74618: 41c1 fa1f | 448b 5c24 | 2441 83fb | 9c0f 8eca | 3f00 004c | 635c 2424 | 4d69 db67 | 6666 6649 
  0x000001fb87d74638: c1fb 2245 | 8bdb 458b | c345 2bc2 | 458b c841 | c1e1 0345 | 8bd0 41d1 | e245 03d1 | 442b 5424 
  0x000001fb87d74658: 2441 83c2 | 303b 4424 | 300f 83e5 | 8300 004c | 8b5c 2458 | 4588 5403 | 1045 85c0 | 0f8c 493b 
  0x000001fb87d74678: 0000 4c63 | d049 83c2 | f049 8bda | 418b ea85 | ed0f 8c61 | 8600 0044 | 8bd5 4183 | c210 448b 
  0x000001fb87d74698: 5c24 3045 | 3bda 0f82 | 4c86 0000 | 4c8b 5424 | 5849 8d54 

  0x000001fb87d746ac: ;   {oop([B{0x0000000715c385e0})}
  0x000001fb87d746ac: 2a10 48b9 | e085 c315 | 0700 0000 | 4883 c110 | 41b8 1000 | 0000 c5f8 | 7749 ba40 | 3a48 87fb 
  0x000001fb87d746cc: 0100 0041 | ffd2 4c8b | d34d 85d2 | 0f85 4e91 | 0000 4d8b | 9708 0100 | 004d 8bda | 4983 c318 
  0x000001fb87d746ec: 4d3b 9f18 | 0100 000f | 83ab 5f00 | 004d 899f | 0801 0000 | 410f 1883 | 0001 0000 | 49c7 0201 
  0x000001fb87d7470c: ;   {metadata('java/lang/String')}
  0x000001fb87d7470c: 0000 0041 | c742 0870 | e900 0045 | 8962 0c4d | 8962 104c | 8b5c 2458 | 4d8b c349 | c1e8 0345 
  0x000001fb87d7472c: 8942 1444 | 8b44 242c | 4585 c00f | 8443 8300 | 0044 8b5c | 2428 4d8b | c349 c1e0 | 0344 8b4c 
  0x000001fb87d7474c: 242c 4b8d | 14cc 4d8b | cac5 fa10 | 4424 40c5 | fa10 4c24 | 5048 8b6c | 2438 6690 

  0x000001fb87d74768: ;   {optimized virtual_call}
  0x000001fb87d74768: c5f8 77e8 

  0x000001fb87d7476c: ; ImmutableOopMap {rbp=Oop [56]=Oop }
                      ;*invokevirtual draw {reexecute=0 rethrow=0 return_oop=1}
                      ; - io.github.universityTycoon.MainScreen::draw@744 (line 305)
  0x000001fb87d7476c: 1086 72ff | 448b 5d14 | 4489 5c24 

  0x000001fb87d74778: ;   {oop(a 'java/lang/Class'{0x000000070ac01790} = 'io/github/universityTycoon/GameModel')}
  0x000001fb87d74778: 2849 ba90 | 17c0 0a07 | 0000 0045 | 8b52 7844 | 8954 242c 

  0x000001fb87d7478c: ;   {static_call}
  0x000001fb87d7478c: c5f8 77e8 

  0x000001fb87d74790: ; ImmutableOopMap {rbp=Oop [40]=NarrowOop [44]=NarrowOop [56]=Oop }
                      ;*invokestatic getConstructionGameTime {reexecute=0 rethrow=0 return_oop=1}
                      ; - io.github.universityTycoon.MainScreen::draw@755 (line 306)
  0x000001fb87d74790: ec8b 72ff | 4885 c00f | 84fb 8200 | 0048 8bd0 

  0x000001fb87d747a0: ;   {optimized virtual_call}
  0x000001fb87d747a0: c5f8 77e8 

  0x000001fb87d747a4: ; ImmutableOopMap {rbp=Oop [40]=NarrowOop [44]=NarrowOop [56]=Oop }
                      ;*invokevirtual getSeconds {reexecute=0 rethrow=0 return_oop=0}
                      ; - io.github.universityTycoon.MainScreen::draw@758 (line 306)
  0x000001fb87d747a4: d885 72ff | 4c8b d048 | b857 2951 | cea0 c845 | 1849 f7ea | 49c1 fa3f | 48c1 fa0d | 4c8b da4d 
  0x000001fb87d747c4: 2bda 4c89 | 5c24 204d | 85db 0f8c | 8c90 0000 | 4c2b d249 | 83fa f60f | 8e90 0200 | 0044 8b9c 
  0x000001fb87d747e4: 2488 0000 | 004d 8bca | eb09 41bb | 0300 0000 | 4d8b ca45 | 8bc3 4c89 | 4c24 60eb | 3744 8b84 
  0x000001fb87d74804: 248c 0000 | 004d 8bca | eb25 41b8 | 0300 0000 | 4d8b caeb | 1741 bb03 | 0000 0044 | 895c 2460 
  0x000001fb87d74824: 448b 4424 | 6041 83c0 | 024d 8bca | 41ff c04c | 894c 2460 | 4d8b 9708 | 0100 0045 | 8bd8 4183 
  0x000001fb87d74844: c314 4489 | 5c24 3049 | 63e8 4c8b | c549 83c0 | 2b4c 8bdd | 4983 c30f | 4c89 5c24 | 4849 83e0 
  0x000001fb87d74864: f84d 8bda | 4d03 d84d | 3b9f 1801 | 0000 0f83 | 4c5e 0000 | 4d89 9f08 | 0100 0041 | 0f18 8300 
  0x000001fb87d74884: 0100 0049 | c702 0100 | 0000 410f | 1883 4001 

  0x000001fb87d74894: ;   {metadata({type array byte})}
  0x000001fb87d74894: 0000 41c7 | 4208 3867 | 0000 448b | 4424 3045 | 8942 0c41 | 0f18 8380 | 0100 0049 | 8bf2 4c8b 
  0x000001fb87d748b4: 5424 4845 | 8bda 418b | c341 83c3 | 0544 8b54 | 2430 453b | d30f 826d | 8400 004c | 63c8 4c8b 
  0x000001fb87d748d4: d643 c644 | 0a14 7343 | c644 0a13 | 7943 c644 | 0a12 6143 | c644 0a11 | 6443 c644 | 0a10 204c 
  0x000001fb87d748f4: 8b54 2460 | 4981 fa00 | 0000 800f | 8e0b 9300 | 0044 8bd8 | 458b d341 | ffca 458b | f24c 8b54 
  0x000001fb87d74914: 2460 458b | c241 8bf8 | c1ff 1f41 | 83f8 9c0f | 8e34 2b00 | 0048 8bde | 458b d64d | 63d8 4d69 
  0x000001fb87d74934: db67 6666 | 6649 c1fb | 2245 8bcb | 442b cf45 | 8bd9 41c1 | e303 418b | c9d1 e141 | 03cb 412b 
  0x000001fb87d74954: c883 c130 | 443b 5424 | 300f 8345 | 8100 0042 | 884c 1310 | 4585 c97d | 2244 8b84 | 2490 0000 
  0x000001fb87d74974: 0045 2bc1 | 448b d041 | 83c2 fe44 | 3b54 2430 | 0f83 2285 | 0000 4488 | 4403 0e49 | 63fa 4883 
  0x000001fb87d74994: c7f1 8bef | 85ed 0f8c | c483 0000 | 448b d541 | 83c2 0f44 | 8b5c 2430 | 453b da0f | 82af 8300 
  0x000001fb87d749b4: 0048 8d54 

  0x000001fb87d749b8: ;   {oop([B{0x0000000715c384d0})}
  0x000001fb87d749b8: 2b10 48b9 | d084 c315 | 0700 0000 | 4883 c110 | 41b8 0f00 | 0000 c5f8 | 7749 ba40 | 3a48 87fb 
  0x000001fb87d749d8: 0100 0041 | ffd2 4885 | ff0f 85ad | 8e00 004d | 8b8f 0801 | 0000 4d8b | d149 83c2 | 184d 3b97 
  0x000001fb87d749f8: 1801 0000 | 0f83 e25c | 0000 4d89 | 9708 0100 | 0041 0f18 | 8200 0100 | 0049 c701 | 0100 0000 
  0x000001fb87d74a18: ;   {metadata('java/lang/String')}
  0x000001fb87d74a18: 41c7 4108 | 70e9 0000 | 4589 610c | 4d89 6110 | 4c8b db49 | c1eb 0345 | 8959 1444 | 8b5c 242c 
  0x000001fb87d74a38: 4585 db0f | 8497 8000 | 0044 8b54 | 2428 4d8b | c249 c1e0 | 034b 8d14 | dcc5 fa10 | 4424 40c5 
  0x000001fb87d74a58: fa10 4c24 | 5448 8b6c | 2438 6690 

  0x000001fb87d74a64: ;   {optimized virtual_call}
  0x000001fb87d74a64: c5f8 77e8 

  0x000001fb87d74a68: ; ImmutableOopMap {rbp=Oop [56]=Oop }
                      ;*invokevirtual draw {reexecute=0 rethrow=0 return_oop=1}
                      ; - io.github.universityTycoon.MainScreen::draw@776 (line 306)
  0x000001fb87d74a68: 1483 72ff | e947 e9ff | ff49 83fa | 9c0f 8f86 | fdff ff49 | 81fa 18fc | ffff 0f8f | 66fd ffff 
  0x000001fb87d74a88: 4981 faf0 | d8ff ff0f | 8f79 fdff | ff49 81fa | 6079 feff | 7e1c 41b8 | 0300 0000 | 4489 4424 
  0x000001fb87d74aa8: 6044 8b5c | 2460 4183 | c302 4d8b | cae9 3dfd | ffff 4981 | fac0 bdf0 | ff0f 8f52 | fdff ff49 
  0x000001fb87d74ac8: 81fa 8069 | 67ff 7e12 | 41bb 0300 | 0000 4d8b | ca41 83c3 | 04e9 15fd | ffff 4981 | fa00 1f0a 
  0x000001fb87d74ae8: fa7e 1241 | b803 0000 | 004d 8bca | 4183 c004 | e933 fdff | ff49 81fa | 0036 65c4 | 7fa3 49bb 
  0x000001fb87d74b08: 001c f4ab | fdff ffff | 4d3b d30f | 8f0b fdff | ff49 bb00 | 1889 b7e8 | ffff ff4d | 3bd3 7e0a 
  0x000001fb87d74b28: 448b 5c24 | 64e9 c2fc | ffff 49bb | 00f0 5a2b | 17ff ffff | 4d3b d37e | 0a44 8b44 | 2464 e9c9 
  0x000001fb87d74b48: fcff ff49 | bb00 608d | b1e7 f6ff | ff4d 3bd3 | 7e0a 448b | 4424 64e9 | 40ff ffff | 49bb 00c0 
  0x000001fb87d74b68: 85ef 0ca5 | ffff 4d3b | d37e 0a44 | 8b5c 2464 | e9a2 fcff | ff4d 8bca | 49ba 0080 | 395b 8172 
  0x000001fb87d74b88: fcff 4d3b | ca7e 0a44 | 8b5c 2464 | e940 ffff | ff44 8b44 | 2464 e951 | ffff ff41 | 83fb 030f 
  0x000001fb87d74ba8: 8d26 0e00 | 0041 83fb | 020f 8515 | 8600 00c5 | fa11 4c24 | 44c5 fa11 | 5424 24c5 | fa11 4424 
  0x000001fb87d74bc8: 2048 8b6c | 2438 6690 

  0x000001fb87d74bd0: ;   {static_call}
  0x000001fb87d74bd0: c5f8 77e8 

  0x000001fb87d74bd4: ; ImmutableOopMap {rbp=Oop [40]=NarrowOop [44]=NarrowOop [48]=Oop [56]=Oop [72]=Oop }
                      ;*invokestatic getBuildingCapacity {reexecute=0 rethrow=0 return_oop=0}
                      ; - io.github.universityTycoon.MainScreen::draw@570 (line 297)
  0x000001fb87d74bd4: a887 72ff | c4c1 797e | c341 8beb | 81e5 0000 | 0080 85ed | 0f85 fa91 | 0000 c4c1 | 797e c245 
  0x000001fb87d74bf4: 8bda 4181 | e3ff ff7f | 00c4 c179 | 7ec2 41c1 | ea17 458b | c245 0fb6 | c041 81f8 | ff00 0000 
  0x000001fb87d74c14: 0f84 e691 | 0000 4585 | c00f 840d | 9200 004c | 8b54 2430 | 458b 4a44 | 458b d141 | 83c0 8144 
  0x000001fb87d74c34: 8944 2450 | 458b c341 | 81c8 0000 | 8000 4489 | 4424 5445 | 85d2 0f84 | 8546 0000 | 438b 6cd4 
  0x000001fb87d74c54: 1445 8b4c | ec0c 458b | d941 ffcb | 458b c341 | 81e0 7fb8 | 0c70 458b | d845 85c9 | 0f86 4a86 
  0x000001fb87d74c74: 0000 4d8d | 04ec 438b | 6c98 1085 | ed0f 8422 | 4600 0045 | 8b44 ec0c 

  0x000001fb87d74c8c: ;   {oop(a 'jdk/internal/math/FloatingDecimal$1'{0x000000070ae85eb0})}
  0x000001fb87d74c8c: 4181 f8d6 | 0b5d e10f | 85bb 8600 | 0049 8d04 | ec44 8b58 | 1c4d 8bd3 | 49c1 e203 

  0x000001fb87d74ca8: ; implicit exception: dispatches to 0x000001fb87d7fce4
  0x000001fb87d74ca8: 458b 5a08 

  0x000001fb87d74cac: ;   {metadata('jdk/internal/math/FloatingDecimal$BinaryToASCIIBuffer')}
  0x000001fb87d74cac: 4181 fb98 | 0629 000f | 850f ab00 | 0049 8bea | 4588 6218 | 4c63 4c24 | 5449 c1e1 | 1d49 8bd2 
  0x000001fb87d74ccc: 448b 4424 | 50bf 1800 | 0000 8bb4 | 2488 0000 | 0066 6690 

  0x000001fb87d74ce0: ;   {optimized virtual_call}
  0x000001fb87d74ce0: c5f8 77e8 

  0x000001fb87d74ce4: ; ImmutableOopMap {rbp=Oop [40]=NarrowOop [44]=NarrowOop [48]=Oop [56]=Oop [72]=Oop }
                      ;*invokevirtual dtoa {reexecute=0 rethrow=0 return_oop=0}
                      ; - jdk.internal.math.FloatingDecimal::getBinaryToASCIIConverter@157 (line 1825)
                      ; - jdk.internal.math.FloatingDecimal::toJavaFormatString@1 (line 80)
                      ; - java.lang.Float::toString@1 (line 226)
                      ; - java.lang.String::valueOf@1 (line 4357)
                      ; - java.lang.invoke.LambdaForm$DMH/0x000001fb97095800::invokeStatic@10
                      ; - java.lang.invoke.LambdaForm$MH/0x000001fb97097000::invoke@15
                      ; - java.lang.invoke.LambdaForm$MH/0x000001fb97097400::linkToTargetMethod@5
                      ; - io.github.universityTycoon.MainScreen::draw@573 (line 297)
  0x000001fb87d74ce4: 9880 72ff | 448b 5d08 

  0x000001fb87d74cec: ;   {metadata('jdk/internal/math/FloatingDecimal$BinaryToASCIIBuffer')}
  0x000001fb87d74cec: 4181 fb98 | 0629 000f | 85eb 8400 | 004c 8bd5 | 498b ea45 | 8b5a 204d | 8bc3 49c1 | e003 498b 
  0x000001fb87d74d0c: d266 6690 

  0x000001fb87d74d10: ;   {optimized virtual_call}
  0x000001fb87d74d10: c5f8 77e8 

  0x000001fb87d74d14: ; ImmutableOopMap {rbp=Oop [40]=NarrowOop [44]=NarrowOop [48]=Oop [56]=Oop [72]=Oop }
                      ;*invokevirtual getChars {reexecute=0 rethrow=0 return_oop=0}
                      ; - jdk.internal.math.FloatingDecimal$BinaryToASCIIBuffer::toJavaFormatString@5 (line 301)
                      ; - jdk.internal.math.FloatingDecimal::toJavaFormatString@4 (line 80)
                      ; - java.lang.Float::toString@1 (line 226)
                      ; - java.lang.String::valueOf@1 (line 4357)
                      ; - java.lang.invoke.LambdaForm$DMH/0x000001fb97095800::invokeStatic@10
                      ; - java.lang.invoke.LambdaForm$MH/0x000001fb97097000::invoke@15
                      ; - java.lang.invoke.LambdaForm$MH/0x000001fb97097400::linkToTargetMethod@5
                      ; - io.github.universityTycoon.MainScreen::draw@573 (line 297)
  0x000001fb87d74d14: 6880 72ff | 8944 2450 | 4c8b d545 | 8b5a 2044 | 895c 2454 

  0x000001fb87d74d28: ; implicit exception: dispatches to 0x000001fb87d7fd0c
  0x000001fb87d74d28: 478b 54dc | 0c44 8954 | 2458 85c0 | 0f8c 168f | 0000 8b6c | 2458 2be8 | 85ed 0f8c | 1891 0000 
  0x000001fb87d74d48: 85c0 0f84 | 5f3f 0000 | 81f8 0000 | 1000 0f87 | 4086 0000 | 4c63 d844 | 8b44 2454 | 4b8d 2cc4 
  0x000001fb87d74d68: 81f8 0000 | 1000 0f87 | 535e 0000 | 4d8b 9708 | 0100 0049 | 83c3 1749 | 83e3 f84d | 8bc2 4d03 
  0x000001fb87d74d88: c34d 3b87 | 1801 0000 | 0f83 315e | 0000 4d89 | 8708 0100 | 0041 0f18 | 8000 0100 | 0049 c702 
  0x000001fb87d74da8: 0100 0000 | 410f 1880 | 4001 0000 

  0x000001fb87d74db4: ;   {metadata({type array byte})}
  0x000001fb87d74db4: 41c7 4208 | 3867 0000 | 4189 420c | 410f 1880 | 8001 0000 | 448b 4424 | 5045 8bd8 | 458b c344 
  0x000001fb87d74dd4: 8b4c 2458 | 453b cb0f | 82cb 8500 | 0049 8bfa | 4883 c710 | 448b 5c24 | 544b 8d74 | dc10 418b 
  0x000001fb87d74df4: d052 8bc2 | b900 ff00 | ff83 e2f0 | 83e0 0f85 | d20f 8445 | 0000 00c5 | f96e c9c5 | f970 c900 
  0x000001fb87d74e14: c5f9 efc0 | 488d 3456 | 488d 3c17 | 48f7 dac5 | fa6f 1c56 | c5f9 ebc3 | c5fa 6f54 | 5610 c5f9 
  0x000001fb87d74e34: ebc2 c4e2 | 7917 c10f | 856b 0000 | 00c5 e167 | dac5 fa7f | 1c17 4883 | c210 75d3 | 8bd0 83e2 
  0x000001fb87d74e54: f883 e007 | 85d2 7428 | c5f9 6ec9 | c5f9 70c9 | 00c5 e9ef | d2c5 fa6f | 1ec4 e279 | 17d9 7538 
  0x000001fb87d74e74: c5e1 67da | c5f9 d61f | 4883 c610 | 4883 c708 | 8bd0 85d2 | 741f 488d | 3456 488d | 3c17 48f7 
  0x000001fb87d74e94: da0f b704 | 56f7 c000 | ff00 0075 | 0b88 0417 | 48ff c275 | ec58 eb06 | 33c0 4883 | c408 413b 
  0x000001fb87d74eb4: c00f 85b5 | 8e00 0049 | c1ea 0345 | 8bc2 478b | 5cc4 0c44 | 895c 2450 | 4d63 d34c | 8954 2458 
  0x000001fb87d74ed4: 4983 c213 | 4c89 5424 | 6045 8bd2 | 4489 5424 | 5445 85d2 | 0f8c 928d | 0000 448b | 5424 5041 
  0x000001fb87d74ef4: 83c2 1c44 | 8954 2468 | 4585 d20f | 8c77 8f00 | 0041 81fa | 0000 1000 | 0f87 2282 | 0000 4c8b 
  0x000001fb87d74f14: 5424 5849 | 83c2 1c4b | 8d2c c444 | 8b4c 2468 | 4181 f900 | 0010 000f | 87c3 5b00 | 004d 8b9f 
  0x000001fb87d74f34: 0801 0000 | 4983 c217 | 4983 e2f8 | 4d8b cb4d | 03ca 4d3b | 8f18 0100 | 000f 83a1 | 5b00 004d 
  0x000001fb87d74f54: 898f 0801 | 0000 410f | 1881 0001 | 0000 49c7 | 0301 0000 | 0041 0f18 | 8140 0100 

  0x000001fb87d74f70: ;   {metadata({type array byte})}
  0x000001fb87d74f70: 0041 c743 | 0838 6700 | 0044 8b54 | 2468 4589 | 530c 410f | 1881 8001 | 0000 4489 | 4424 6c4d 
  0x000001fb87d74f90: 8bd3 4c89 | 5424 7044 | 8b5c 2454 | 4183 c309 | 448b 5424 | 6845 3bd3 | 0f82 4682 | 0000 4c8b 
  0x000001fb87d74fb0: 5424 7044 | 8b44 2454 | 4b8d 5402 | 108b 5c24 | 5083 c313 

  0x000001fb87d74fc4: ;   {oop([B{0x0000000715c38bc8})}
  0x000001fb87d74fc4: 48b9 c88b | c315 0700 | 0000 4883 | c110 41b8 | 0900 0000 | c5f8 7749 | ba40 3a48 | 87fb 0100 
  0x000001fb87d74fe4: 0041 ffd2 | 448b 5c24 | 6844 3bdb | 0f82 2e82 | 0000 448b | 5424 5045 | 85d2 7628 | 488b 5424 
  0x000001fb87d75004: 7048 83c2 | 2344 8b5c | 246c 4b8d | 4cdc 104c | 8b44 2458 | c5f8 7749 | ba40 3a48 | 87fb 0100 
  0x000001fb87d75024: 0041 ffd2 | 488b 5424 | 7048 83c2 

  0x000001fb87d75030: ;   {oop([B{0x0000000715c38b60})}
  0x000001fb87d75030: 1048 b960 | 8bc3 1507 | 0000 0048 | 83c1 1041 | b813 0000 | 00c5 f877 | 49ba 6039 | 4887 fb01 
  0x000001fb87d75050: 0000 41ff | d24d 8b97 | 0801 0000 | 4d8b da49 | 83c3 184d | 3b9f 1801 | 0000 0f83 | a85a 0000 
  0x000001fb87d75070: 4d89 9f08 | 0100 0041 | 0f18 8300 | 0100 0049 | c702 0100 

  0x000001fb87d75084: ;   {metadata('java/lang/String')}
  0x000001fb87d75084: 0000 41c7 | 4208 70e9 | 0000 4589 | 620c 4589 | 6210 4c8b | 5c24 704d | 8bc3 49c1 | e803 4589 
  0x000001fb87d750a4: 4214 448b | 5c24 2845 | 85db 0f84 | 8880 0000 | 458b c34b | 8d14 c44c | 8b44 2448 | 4d8b cac5 
  0x000001fb87d750c4: fa10 4424 | 40c5 fa10 | 4c24 2048 | 8b6c 2438 

  0x000001fb87d750d4: ;   {optimized virtual_call}
  0x000001fb87d750d4: c5f8 77e8 

  0x000001fb87d750d8: ; ImmutableOopMap {rbp=Oop [48]=Oop [56]=Oop }
                      ;*invokevirtual draw {reexecute=0 rethrow=0 return_oop=1}
                      ; - io.github.universityTycoon.MainScreen::draw@584 (line 297)
  0x000001fb87d750d8: a47c 72ff | 448b 5d14 | 4489 5c24 

  0x000001fb87d750e4: ;   {oop(a 'java/lang/Class'{0x000000070ac01790} = 'io/github/universityTycoon/GameModel')}
  0x000001fb87d750e4: 2849 ba90 | 17c0 0a07 | 0000 0045 | 8b52 7844 | 8954 242c 

  0x000001fb87d750f8: ;   {static_call}
  0x000001fb87d750f8: c5f8 77e8 

  0x000001fb87d750fc: ; ImmutableOopMap {rbp=Oop [40]=NarrowOop [44]=NarrowOop [48]=Oop [56]=Oop }
                      ;*invokestatic getSatisfactionBonus {reexecute=0 rethrow=0 return_oop=0}
                      ; - io.github.universityTycoon.MainScreen::draw@595 (line 298)
  0x000001fb87d750fc: 8082 72ff | c4c1 797e | c241 8bea | 81e5 0000 | 0080 85ed | 0f85 aa8d | 0000 c4c1 | 797e c345 
  0x000001fb87d7511c: 8bd3 4181 | e2ff ff7f | 00c4 c179 | 7ec0 41c1 | e817 458b | d845 0fb6 | db41 81fb | ff00 0000 
  0x000001fb87d7513c: 0f84 968d | 0000 4585 | db0f 84bd | 8d00 004c | 8b44 2430 | 458b 4844 | 458b c341 | 83c0 8144 
  0x000001fb87d7515c: 8944 2430 | 4181 ca00 | 0080 0044 | 8954 2434 | 4585 c90f | 84a8 4100 | 0043 8b6c | cc14 458b 
  0x000001fb87d7517c: 44ec 0c45 | 8bd8 41ff | cb45 8bd3 | 4181 e27f | b80c 7045 | 8bda 4585 | c00f 8695 | 8100 004d 
  0x000001fb87d7519c: 8d14 ec43 | 8b6c 9a10 | 85ed 0f84 | 4841 0000 | 458b 54ec 

  0x000001fb87d751b0: ;   {oop(a 'jdk/internal/math/FloatingDecimal$1'{0x000000070ae85eb0})}
  0x000001fb87d751b0: 0c41 81fa | d60b 5de1 | 0f85 ba81 | 0000 498d | 04ec 448b | 581c 4d8b | d349 c1e2 | 0345 8b5a 
  0x000001fb87d751d0: ;   {metadata('jdk/internal/math/FloatingDecimal$BinaryToASCIIBuffer')}
  0x000001fb87d751d0: 0841 81fb | 9806 2900 | 0f85 16a6 | 0000 498b | ea45 8862 | 184c 634c | 2434 49c1 | e11d 498b 
  0x000001fb87d751f0: d244 8b44 | 2430 bf18 | 0000 008b | b424 8800 | 0000 6690 

  0x000001fb87d75204: ;   {optimized virtual_call}
  0x000001fb87d75204: c5f8 77e8 

  0x000001fb87d75208: ; ImmutableOopMap {rbp=Oop [40]=NarrowOop [44]=NarrowOop [56]=Oop }
                      ;*invokevirtual dtoa {reexecute=0 rethrow=0 return_oop=0}
                      ; - jdk.internal.math.FloatingDecimal::getBinaryToASCIIConverter@157 (line 1825)
                      ; - jdk.internal.math.FloatingDecimal::toJavaFormatString@1 (line 80)
                      ; - java.lang.Float::toString@1 (line 226)
                      ; - java.lang.String::valueOf@1 (line 4357)
                      ; - java.lang.invoke.LambdaForm$DMH/0x000001fb97095800::invokeStatic@10
                      ; - java.lang.invoke.LambdaForm$MH/0x000001fb97097000::invoke@15
                      ; - java.lang.invoke.LambdaForm$MH/0x000001fb97097400::linkToTargetMethod@5
                      ; - io.github.universityTycoon.MainScreen::draw@598 (line 298)
  0x000001fb87d75208: 747b 72ff | 448b 5d08 

  0x000001fb87d75210: ;   {metadata('jdk/internal/math/FloatingDecimal$BinaryToASCIIBuffer')}
  0x000001fb87d75210: 4181 fb98 | 0629 000f | 8537 8000 | 004c 8bd5 | 498b ea45 | 8b5a 204d | 8bc3 49c1 | e003 498b 
  0x000001fb87d75230: d266 6690 

  0x000001fb87d75234: ;   {optimized virtual_call}
  0x000001fb87d75234: c5f8 77e8 

  0x000001fb87d75238: ; ImmutableOopMap {rbp=Oop [40]=NarrowOop [44]=NarrowOop [56]=Oop }
                      ;*invokevirtual getChars {reexecute=0 rethrow=0 return_oop=0}
                      ; - jdk.internal.math.FloatingDecimal$BinaryToASCIIBuffer::toJavaFormatString@5 (line 301)
                      ; - jdk.internal.math.FloatingDecimal::toJavaFormatString@4 (line 80)
                      ; - java.lang.Float::toString@1 (line 226)
                      ; - java.lang.String::valueOf@1 (line 4357)
                      ; - java.lang.invoke.LambdaForm$DMH/0x000001fb97095800::invokeStatic@10
                      ; - java.lang.invoke.LambdaForm$MH/0x000001fb97097000::invoke@15
                      ; - java.lang.invoke.LambdaForm$MH/0x000001fb97097400::linkToTargetMethod@5
                      ; - io.github.universityTycoon.MainScreen::draw@598 (line 298)
  0x000001fb87d75238: 447b 72ff | 8944 2430 | 4c8b d545 | 8b5a 2044 | 895c 2434 

  0x000001fb87d7524c: ; implicit exception: dispatches to 0x000001fb87d7fd44
  0x000001fb87d7524c: 478b 54dc | 0c44 8954 | 2448 85c0 | 0f8c 4e8a | 0000 418b | ea2b e885 | ed0f 8ccd | 8c00 0085 
  0x000001fb87d7526c: c00f 8447 | 3a00 0081 | f800 0010 | 000f 8725 | 8100 004c | 63d8 448b | 5424 344b | 8d2c d481 
  0x000001fb87d7528c: f800 0010 | 000f 874d | 5900 004d | 8b97 0801 | 0000 4983 | c317 4983 | e3f8 4d8b | c24d 03c3 
  0x000001fb87d752ac: 4d3b 8718 | 0100 000f | 832b 5900 | 004d 8987 | 0801 0000 | 410f 1880 | 0001 0000 | 49c7 0201 
  0x000001fb87d752cc: 0000 0041 | 0f18 8040 

  0x000001fb87d752d4: ;   {metadata({type array byte})}
  0x000001fb87d752d4: 0100 0041 | c742 0838 | 6700 0041 | 8942 0c41 | 0f18 8080 | 0100 0044 | 8b5c 2430 | 458b c344 
  0x000001fb87d752f4: 8b5c 2448 | 453b d80f | 82eb 8000 | 0049 8bfa | 4883 c710 | 448b 4c24 | 344b 8d74 | cc10 418b 
  0x000001fb87d75314: d052 8bc2 | b900 ff00 | ff83 e2f0 | 83e0 0f85 | d20f 8445 | 0000 00c5 | f96e d9c5 | f970 db00 
  0x000001fb87d75334: c5f9 efc0 | 488d 3456 | 488d 3c17 | 48f7 dac5 | fa6f 1456 | c5f9 ebc2 | c5fa 6f4c | 5610 c5f9 
  0x000001fb87d75354: ebc1 c4e2 | 7917 c30f | 856b 0000 | 00c5 e967 | d1c5 fa7f | 1417 4883 | c210 75d3 | 8bd0 83e2 
  0x000001fb87d75374: f883 e007 | 85d2 7428 | c5f9 6ed9 | c5f9 70db | 00c5 f1ef | c9c5 fa6f | 16c4 e279 | 17d3 7538 
  0x000001fb87d75394: c5e9 67d1 | c5f9 d617 | 4883 c610 | 4883 c708 | 8bd0 85d2 | 741f 488d | 3456 488d | 3c17 48f7 
  0x000001fb87d753b4: da0f b704 | 56f7 c000 | ff00 0075 | 0b88 0417 | 48ff c275 | ec58 eb06 | 33c0 4883 | c408 413b 
  0x000001fb87d753d4: c00f 85c9 | 8900 0049 | c1ea 0345 | 8bc2 478b | 5cc4 0c44 | 895c 2430 | 4d63 d34c | 8954 2448 
  0x000001fb87d753f4: 4983 c21a | 458b da44 | 895c 2434 | 4585 db0f | 8cd3 8800 | 0041 81fb | 0000 1000 | 0f87 3e7d 
  0x000001fb87d75414: 0000 4d63 | cb4b 8d2c | c441 81fb | 0000 1000 | 0f87 0e57 | 0000 4d8b | 9f08 0100 | 0049 83c1 
  0x000001fb87d75434: 1749 83e1 | f849 8bcb | 4903 c949 | 3b8f 1801 | 0000 0f83 | ec56 0000 | 4989 8f08 | 0100 000f 
  0x000001fb87d75454: 1881 0001 | 0000 49c7 | 0301 0000 | 000f 1881 | 4001 0000 

  0x000001fb87d75468: ;   {metadata({type array byte})}
  0x000001fb87d75468: 41c7 4308 | 3867 0000 | 8b5c 2434 | 4189 5b0c | 0f18 8180 | 0100 0044 | 8944 2420 | 4d8b d34c 
  0x000001fb87d75488: 8954 2450 | 448b 5c24 | 3041 83c3 | 1a44 8b44 | 2434 418b | d845 3bc3 | 0f82 be7d | 0000 448b 
  0x000001fb87d754a8: 5c24 3045 | 85db 7628 | 448b 5424 | 204b 8d4c | d410 488b | 5424 5048 | 83c2 2a4c | 8b44 2448 
  0x000001fb87d754c8: c5f8 7749 | ba40 3a48 | 87fb 0100 | 0041 ffd2 | 83fb 1a0f | 82af 7d00 | 0048 8b54 | 2450 4883 
  0x000001fb87d754e8: ;   {oop([B{0x0000000715c38a98})}
  0x000001fb87d754e8: c210 48b9 | 988a c315 | 0700 0000 | 4883 c110 | 41b8 1a00 | 0000 c5f8 | 7749 ba60 | 3948 87fb 
  0x000001fb87d75508: 0100 0041 | ffd2 4d8b | 9708 0100 | 004d 8bda | 4983 c318 | 4d3b 9f18 | 0100 000f | 833b 5600 
  0x000001fb87d75528: 004d 899f | 0801 0000 | 410f 1883 | 0001 0000 | 49c7 0201 

  0x000001fb87d7553c: ;   {metadata('java/lang/String')}
  0x000001fb87d7553c: 0000 0041 | c742 0870 | e900 0045 | 8962 0c45 | 8962 104c | 8b5c 2450 | 4d8b c349 | c1e8 0345 
  0x000001fb87d7555c: 8942 1444 | 8b5c 242c | 4585 db0f | 84ef 7b00 | 0044 8b44 | 2428 49c1 | e003 4b8d | 14dc 4d8b 
  0x000001fb87d7557c: cac5 fa10 | 4424 40c5 | fa10 4c24 | 2448 8b6c | 2438 6690 

  0x000001fb87d75590: ;   {optimized virtual_call}
  0x000001fb87d75590: c5f8 77e8 

  0x000001fb87d75594: ; ImmutableOopMap {rbp=Oop [56]=Oop }
                      ;*invokevirtual draw {reexecute=0 rethrow=0 return_oop=1}
                      ; - io.github.universityTycoon.MainScreen::draw@609 (line 298)
  0x000001fb87d75594: e877 72ff | 448b 5d14 | 4489 5c24 

  0x000001fb87d755a0: ;   {oop(a 'java/lang/Class'{0x000000070ac01790} = 'io/github/universityTycoon/GameModel')}
  0x000001fb87d755a0: 2849 ba90 | 17c0 0a07 | 0000 0045 | 8b52 7844 | 8954 242c 

  0x000001fb87d755b4: ;   {static_call}
  0x000001fb87d755b4: c5f8 77e8 

  0x000001fb87d755b8: ; ImmutableOopMap {rbp=Oop [40]=NarrowOop [44]=NarrowOop [56]=Oop }
                      ;*invokestatic getConstructionGameTime {reexecute=0 rethrow=0 return_oop=1}
                      ; - io.github.universityTycoon.MainScreen::draw@620 (line 299)
  0x000001fb87d755b8: c47d 72ff | 4885 c00f | 84af 7b00 | 0048 8bd0 

  0x000001fb87d755c8: ;   {optimized virtual_call}
  0x000001fb87d755c8: c5f8 77e8 

  0x000001fb87d755cc: ; ImmutableOopMap {rbp=Oop [40]=NarrowOop [44]=NarrowOop [56]=Oop }
                      ;*invokevirtual getSeconds {reexecute=0 rethrow=0 return_oop=0}
                      ; - io.github.universityTycoon.MainScreen::draw@623 (line 299)
  0x000001fb87d755cc: b077 72ff | 4c8b d048 | b857 2951 | cea0 c845 | 1849 f7ea | 49c1 fa3f | 48c1 fa0d | 4c8b da4d 
  0x000001fb87d755ec: 2bda 4c89 | 5c24 204d | 85db 0f8c | 0887 0000 | 4c2b d249 | 83fa f60f | 8e98 0200 | 004d 8bca 
  0x000001fb87d7560c: eb20 41bb | 0300 0000 | 4d8b caeb | 0d41 bb03 | 0000 0041 | 83c3 024d | 8bca 4489 | 9c24 8800 
  0x000001fb87d7562c: 0000 4c89 | 4c24 58eb | 3341 b802 | 0000 004d | 8bca eb1b | 41b8 0300 | 0000 4d8b | caeb 0d41 
  0x000001fb87d7564c: b803 0000 | 0041 83c0 | 024d 8bca | 41ff c044 | 8984 2488 | 0000 004c | 894c 2458 | 4d8b 9708 
  0x000001fb87d7566c: 0100 0048 | 63ac 2488 | 0000 0044 | 8b9c 2488 | 0000 0041 | 83c3 1444 | 895c 2430 | 4c8b dd49 
  0x000001fb87d7568c: 83c3 0f4c | 895c 2448 | 4c8b dd49 | 83c3 2b49 | 83e3 f84d | 8bca 4d03 | cb4d 3b8f | 1801 0000 
  0x000001fb87d756ac: 0f83 d254 | 0000 4d89 | 8f08 0100 | 0041 0f18 | 8100 0100 | 0049 c702 | 0100 0000 | 410f 1881 
  0x000001fb87d756cc: 4001 0000 

  0x000001fb87d756d0: ;   {metadata({type array byte})}
  0x000001fb87d756d0: 41c7 4208 | 3867 0000 | 448b 4424 | 3045 8942 | 0c41 0f18 | 8180 0100 | 004c 8b5c | 2448 458b 
  0x000001fb87d756f0: db41 8bf3 | 458b c341 | 83c0 0544 | 8b5c 2430 | 453b d80f | 82db 7b00 | 004c 63ce | 4d8b da43 
  0x000001fb87d75710: c644 0a14 | 7343 c644 | 0a13 7943 | c644 0a12 | 6143 c644 | 0a11 6443 | c644 0a10 | 204c 8b54 
  0x000001fb87d75730: 2458 4981 | fa00 0000 | 800f 8e11 | 8800 0049 | 8bc3 458b | da44 8bd6 | 41ff ca45 | 8bea 418b 
  0x000001fb87d75750: fbc1 ff1f | 4183 fb9c | 0f8e 9a1e | 0000 488b | d845 8bca | 4d63 d34d | 69d2 6766 | 6666 49c1 
  0x000001fb87d75770: fa22 458b | c244 2bc7 | 458b d041 | c1e2 0341 | 8bc8 d1e1 | 4103 ca41 | 2bcb 83c1 | 3044 3b4c 
  0x000001fb87d75790: 2430 0f83 | ec79 0000 | 4288 4c0b | 1045 85c0 | 7d20 8b8c | 2490 0000 | 0041 2bc8 | 448b ce41 
  0x000001fb87d757b0: 83c1 fe44 | 3b4c 2430 | 0f83 6a7c | 0000 884c | 330e 4963 | f948 83c7 | f18b ef85 | ed0f 8c39 
  0x000001fb87d757d0: 7b00 0044 | 8bd5 4183 | c20f 448b | 4424 3045 | 3bc2 0f82 | 247b 0000 | 488d 542b 

  0x000001fb87d757ec: ;   {oop([B{0x0000000715c38988})}
  0x000001fb87d757ec: 1048 b988 | 89c3 1507 | 0000 0048 | 83c1 1041 | b80f 0000 | 00c5 f877 | 49ba 403a | 4887 fb01 
  0x000001fb87d7580c: 0000 41ff | d248 85ff | 0f85 1e85 | 0000 4d8b | 8f08 0100 | 004d 8bd1 | 4983 c218 | 4d3b 9718 
  0x000001fb87d7582c: 0100 000f | 836f 5300 | 004d 8997 | 0801 0000 | 410f 1882 | 0001 0000 | 49c7 0101 

  0x000001fb87d75848: ;   {metadata('java/lang/String')}
  0x000001fb87d75848: 0000 0041 | c741 0870 | e900 0045 | 8961 0c4d | 8961 104c | 8bdb 49c1 | eb03 4589 | 5914 448b 
  0x000001fb87d75868: 5424 2c45 | 85d2 0f84 | 4079 0000 | 448b 4424 | 2849 c1e0 | 034b 8d14 | d4c5 fa10 | 4424 40c5 
  0x000001fb87d75888: fa10 4c24 | 4448 8b6c | 2438 6690 

  0x000001fb87d75894: ;   {optimized virtual_call}
  0x000001fb87d75894: c5f8 77e8 

  0x000001fb87d75898: ; ImmutableOopMap {rbp=Oop [56]=Oop }
                      ;*invokevirtual draw {reexecute=0 rethrow=0 return_oop=1}
                      ; - io.github.universityTycoon.MainScreen::draw@641 (line 299)
  0x000001fb87d75898: e474 72ff | e917 dbff | ff49 83fa | 9c0f 8f8a | fdff ff49 | 81fa 18fc | ffff 0f8f | 56fd ffff 
  0x000001fb87d758b8: 4981 faf0 | d8ff ff0f | 8f7b fdff | ff49 81fa | 6079 feff | 0f8f 47fd | ffff 4981 | fac0 bdf0 
  0x000001fb87d758d8: ff0f 8f6c | fdff ff49 | 81fa 8069 | 67ff 7e12 | 41bb 0300 | 0000 4d8b | ca41 83c3 | 04e9 2cfd 
  0x000001fb87d758f8: ffff 4981 | fa00 1f0a | fa7e 1241 | b803 0000 | 004d 8bca | 4183 c004 | e943 fdff | ff49 81fa 
  0x000001fb87d75918: 0036 65c4 | 7e0b 41bb | 0700 0000 | e9f6 fcff | ff49 bb00 | 1cf4 abfd | ffff ff4d | 3bd3 7e0b 
  0x000001fb87d75938: 41b8 0700 | 0000 e90e | fdff ff49 | bb00 1889 | b7e8 ffff | ff4d 3bd3 | 7e0b 41bb | 0b00 0000 
  0x000001fb87d75958: e9b7 fcff | ff49 bb00 | f05a 2b17 | ffff ff4d | 3bd3 7e0b | 41b8 0b00 | 0000 e9cf | fcff ff49 
  0x000001fb87d75978: bb00 608d | b1e7 f6ff | ff4d 3bd3 | 7e0b 41bb | 0b00 0000 | e98e fcff | ff49 bb00 | c085 ef0c 
  0x000001fb87d75998: a5ff ff4d | 3bd3 7e0b | 41b8 0b00 | 0000 e9a6 | fcff ff4d | 8bca 49ba | 0080 395b | 8172 fcff 
  0x000001fb87d759b8: 4d3b ca7e | 0b41 bb0b | 0000 00e9 | 29ff ffff | 41b8 0b00 | 0000 e939 | ffff ff41 | 83fb 040f 
  0x000001fb87d759d8: 856f 6d00 

  0x000001fb87d759dc: ;   {oop(a 'java/lang/Class'{0x000000070ad7d668} = 'io/github/universityTycoon/PlaceableObjects/Building')}
  0x000001fb87d759dc: 0049 ba68 | d6d7 0a07 | 0000 0045 | 8b52 7841 | 8bea 81e5 | 0000 0080 | 85ed 0f85 | 487f 0000 
  0x000001fb87d759fc: 458b c241 | 81e0 ffff | 7f00 41c1 | ea17 458b | da45 0fb6 | db41 81fb | ff00 0000 | 0f84 3a7f 
  0x000001fb87d75a1c: 0000 4585 | db0f 8461 | 7f00 004c | 8b54 2430 | 458b 4a44 | 458b d141 | 83c3 8144 | 895c 2444 
  0x000001fb87d75a3c: 4181 c800 | 0080 0044 | 8944 2450 | 4585 c90f | 84a0 3e00 | 0043 8b6c | cc14 418b | 4cec 0c44 
  0x000001fb87d75a5c: 8bd9 41ff | cb45 8bc3 | 4181 e07f | b80c 7045 | 8bd8 85c9 | 0f86 f26d | 0000 4d8d | 04ec 438b 
  0x000001fb87d75a7c: 6c98 1085 | ed0f 84eb | 3500 0045 | 8b4c ec0c 

  0x000001fb87d75a8c: ;   {oop(a 'jdk/internal/math/FloatingDecimal$1'{0x000000070ae85eb0})}
  0x000001fb87d75a8c: 4181 f9d6 | 0b5d e10f | 85cf 6e00 | 0049 8d04 | ec44 8b50 | 1c49 c1e2 | 0345 8b42 

  0x000001fb87d75aa8: ;   {metadata('jdk/internal/math/FloatingDecimal$BinaryToASCIIBuffer')}
  0x000001fb87d75aa8: 0841 81f8 | 9806 2900 | 0f85 039c | 0000 c5fa | 115c 2460 | c5fa 1164 | 245c c5fa | 114c 2458 
  0x000001fb87d75ac8: c5fa 1154 | 2454 c5fa | 1144 2424 | 498b ea45 | 8862 184c | 634c 2450 | 49c1 e11d | 498b d244 
  0x000001fb87d75ae8: 8b44 2444 | bf18 0000 | 008b b424 | 8800 0000 

  0x000001fb87d75af8: ;   {optimized virtual_call}
  0x000001fb87d75af8: c5f8 77e8 

  0x000001fb87d75afc: ; ImmutableOopMap {rbp=Oop [40]=NarrowOop [44]=NarrowOop [48]=Oop [56]=Oop [72]=Oop }
                      ;*invokevirtual dtoa {reexecute=0 rethrow=0 return_oop=0}
                      ; - jdk.internal.math.FloatingDecimal::getBinaryToASCIIConverter@157 (line 1825)
                      ; - jdk.internal.math.FloatingDecimal::toJavaFormatString@1 (line 80)
                      ; - java.lang.Float::toString@1 (line 226)
                      ; - java.lang.String::valueOf@1 (line 4357)
                      ; - java.lang.invoke.LambdaForm$DMH/0x000001fb97095800::invokeStatic@10
                      ; - java.lang.invoke.LambdaForm$MH/0x000001fb97097000::invoke@15
                      ; - java.lang.invoke.LambdaForm$MH/0x000001fb97097400::linkToTargetMethod@5
                      ; - io.github.universityTycoon.MainScreen::draw@793 (line 309)
  0x000001fb87d75afc: 8072 72ff | 448b 5508 

  0x000001fb87d75b04: ;   {metadata('jdk/internal/math/FloatingDecimal$BinaryToASCIIBuffer')}
  0x000001fb87d75b04: 4181 fa98 | 0629 000f | 8553 6c00 | 004c 8bd5 | 498b ea45 | 8b52 204d | 8bc2 49c1 | e003 488b 
  0x000001fb87d75b24: d566 6690 

  0x000001fb87d75b28: ;   {optimized virtual_call}
  0x000001fb87d75b28: c5f8 77e8 

  0x000001fb87d75b2c: ; ImmutableOopMap {rbp=Oop [40]=NarrowOop [44]=NarrowOop [48]=Oop [56]=Oop [72]=Oop }
                      ;*invokevirtual getChars {reexecute=0 rethrow=0 return_oop=0}
                      ; - jdk.internal.math.FloatingDecimal$BinaryToASCIIBuffer::toJavaFormatString@5 (line 301)
                      ; - jdk.internal.math.FloatingDecimal::toJavaFormatString@4 (line 80)
                      ; - java.lang.Float::toString@1 (line 226)
                      ; - java.lang.String::valueOf@1 (line 4357)
                      ; - java.lang.invoke.LambdaForm$DMH/0x000001fb97095800::invokeStatic@10
                      ; - java.lang.invoke.LambdaForm$MH/0x000001fb97097000::invoke@15
                      ; - java.lang.invoke.LambdaForm$MH/0x000001fb97097400::linkToTargetMethod@5
                      ; - io.github.universityTycoon.MainScreen::draw@793 (line 309)
  0x000001fb87d75b2c: 5072 72ff | 8944 2444 | 4c8b d545 | 8b5a 2044 | 895c 2450 

  0x000001fb87d75b40: ; implicit exception: dispatches to 0x000001fb87d7fbec
  0x000001fb87d75b40: 478b 54dc | 0c44 8954 | 2464 85c0 | 0f8c 0279 | 0000 8b6c | 2464 2be8 | 85ed 0f8c | 587e 0000 
  0x000001fb87d75b60: 85c0 0f84 | 542b 0000 | 81f8 0000 | 1000 0f87 | 3c6e 0000 | 4c63 d844 | 8b44 2450 | 4b8d 2cc4 
  0x000001fb87d75b80: 81f8 0000 | 1000 0f87 | 6849 0000 | 4d8b 9708 | 0100 0049 | 83c3 1749 | 83e3 f84d | 8bc2 4d03 
  0x000001fb87d75ba0: c34d 3b87 | 1801 0000 | 0f83 4649 | 0000 4d89 | 8708 0100 | 0041 0f18 | 8000 0100 | 0049 c702 
  0x000001fb87d75bc0: 0100 0000 | 410f 1880 | 4001 0000 

  0x000001fb87d75bcc: ;   {metadata({type array byte})}
  0x000001fb87d75bcc: 41c7 4208 | 3867 0000 | 4189 420c | 410f 1880 | 8001 0000 | 448b 5c24 | 4445 8bc3 | 448b 4c24 
  0x000001fb87d75bec: 6445 3bcb | 0f82 fa6e | 0000 498b | fa48 83c7 | 1044 8b5c | 2450 4b8d | 74dc 1041 | 8bd0 528b 
  0x000001fb87d75c0c: c2b9 00ff | 00ff 83e2 | f083 e00f | 85d2 0f84 | 4500 0000 | c5f9 6ec1 | c5f9 70c0 | 00c5 e1ef 
  0x000001fb87d75c2c: db48 8d34 | 5648 8d3c | 1748 f7da | c5fa 6f14 | 56c5 e1eb | dac5 fa6f | 4c56 10c5 | e1eb d9c4 
  0x000001fb87d75c4c: e279 17d8 | 0f85 6b00 | 0000 c5e9 | 67d1 c5fa | 7f14 1748 | 83c2 1075 | d38b d083 | e2f8 83e0 
  0x000001fb87d75c6c: 0785 d274 | 28c5 f96e | c1c5 f970 | c000 c5f1 | efc9 c5fa | 6f16 c4e2 | 7917 d075 | 38c5 e967 
  0x000001fb87d75c8c: d1c5 f9d6 | 1748 83c6 | 1048 83c7 | 088b d085 | d274 1f48 | 8d34 5648 | 8d3c 1748 | f7da 0fb7 
  0x000001fb87d75cac: 0456 f7c0 | 00ff 0000 | 750b 8804 | 1748 ffc2 | 75ec 58eb | 0633 c048 | 83c4 0841 | 3bc0 0f85 
  0x000001fb87d75ccc: c879 0000 | 49c1 ea03 | 458b c247 | 8b5c c40c | 4489 5c24 | 444d 63d3 | 4c89 5424 | 6849 83c2 
  0x000001fb87d75cec: 134c 8954 | 2470 458b | d244 8954 | 2450 4585 | d20f 8c81 | 7700 0044 | 8b5c 2444 | 458b d341 
  0x000001fb87d75d0c: 83c2 1c44 | 8954 2464 | 4585 d20f | 8cb7 7c00 | 0041 81fa | 0000 1000 | 0f87 a668 | 0000 4c8b 
  0x000001fb87d75d2c: 5424 6849 | 83c2 1c4b | 8d2c c444 | 8b4c 2464 | 4181 f900 | 0010 000f | 8763 4300 | 004d 8b9f 
  0x000001fb87d75d4c: 0801 0000 | 4983 c217 | 4983 e2f8 | 4d8b cb4d | 03ca 4d3b | 8f18 0100 | 000f 8341 | 4300 004d 
  0x000001fb87d75d6c: 898f 0801 | 0000 410f | 1881 0001 | 0000 49c7 | 0301 0000 | 0041 0f18 | 8140 0100 

  0x000001fb87d75d88: ;   {metadata({type array byte})}
  0x000001fb87d75d88: 0041 c743 | 0838 6700 | 0044 8b54 | 2464 4589 | 530c 410f | 1881 8001 | 0000 4489 | 4424 7c4d 
  0x000001fb87d75da8: 8bd3 4c89 | 9424 8000 | 0000 448b | 5424 5041 | 83c2 0944 | 8b5c 2464 | 453b da0f | 82ab 6900 
  0x000001fb87d75dc8: 004c 8b94 | 2480 0000 | 0044 8b44 | 2450 4b8d | 5402 108b | 5c24 4483 

  0x000001fb87d75de0: ;   {oop([B{0x0000000715c38418})}
  0x000001fb87d75de0: c313 48b9 | 1884 c315 | 0700 0000 | 4883 c110 | 41b8 0900 | 0000 c5f8 | 7749 ba40 | 3a48 87fb 
  0x000001fb87d75e00: 0100 0041 | ffd2 448b | 5c24 6444 | 3bdb 0f82 | 9469 0000 | 448b 5424 | 4445 85d2 | 762b 488b 
  0x000001fb87d75e20: 9424 8000 | 0000 4883 | c223 448b | 5c24 7c4b | 8d4c dc10 | 4c8b 4424 | 68c5 f877 | 49ba 403a 
  0x000001fb87d75e40: 4887 fb01 | 0000 41ff | d248 8b94 | 2480 0000 | 0048 83c2 

  0x000001fb87d75e54: ;   {oop([B{0x0000000715c383b0})}
  0x000001fb87d75e54: 1048 b9b0 | 83c3 1507 | 0000 0048 | 83c1 1041 | b813 0000 | 00c5 f877 | 49ba 6039 | 4887 fb01 
  0x000001fb87d75e74: 0000 41ff | d24d 8b97 | 0801 0000 | 4d8b da49 | 83c3 184d | 3b9f 1801 | 0000 0f83 | 3c42 0000 
  0x000001fb87d75e94: 4d89 9f08 | 0100 0041 | 0f18 8300 | 0100 0049 | c702 0100 

  0x000001fb87d75ea8: ;   {metadata('java/lang/String')}
  0x000001fb87d75ea8: 0000 41c7 | 4208 70e9 | 0000 4589 | 620c 4589 | 6210 4c8b | 9c24 8000 | 0000 49c1 | eb03 4589 
  0x000001fb87d75ec8: 5a14 448b | 5c24 2845 | 85db 0f84 | 0067 0000 | 458b c34b | 8d14 c44c | 8b44 2448 | 4d8b cac5 
  0x000001fb87d75ee8: fa10 4424 | 40c5 fa10 | 4c24 2448 | 8b6c 2438 

  0x000001fb87d75ef8: ;   {optimized virtual_call}
  0x000001fb87d75ef8: c5f8 77e8 

  0x000001fb87d75efc: ; ImmutableOopMap {rbp=Oop [48]=Oop [56]=Oop }
                      ;*invokevirtual draw {reexecute=0 rethrow=0 return_oop=1}
                      ; - io.github.universityTycoon.MainScreen::draw@804 (line 309)
  0x000001fb87d75efc: 806e 72ff 

  0x000001fb87d75f00: ;   {oop(a 'java/lang/Class'{0x000000070ad7d668} = 'io/github/universityTycoon/PlaceableObjects/Building')}
  0x000001fb87d75f00: 49ba 68d6 | d70a 0700 | 0000 458b | 5a74 458b 

  0x000001fb87d75f10: ;   {oop(a 'java/lang/Class'{0x000000070ac01790} = 'io/github/universityTycoon/GameModel')}
  0x000001fb87d75f10: d349 bb90 | 17c0 0a07 | 0000 0045 | 8b5b 7844 | 895c 2428 | 448b 4514 | 4489 4424 | 2c41 8bea 
  0x000001fb87d75f30: 81e5 0000 | 0080 85ed | 0f85 da7a | 0000 458b | da41 81e3 | ffff 7f00 | 458b c241 | c1e8 1745 
  0x000001fb87d75f50: 8bd0 450f | b6d2 4181 | faff 0000 | 000f 84c9 | 7a00 0045 | 85d2 0f84 | f07a 0000 | 4c8b 4424 
  0x000001fb87d75f70: 3045 8b40 | 4445 8bcb | 4181 c900 | 0080 0044 | 894c 2430 | 4183 c281 | 4489 5424 | 3445 85c0 
  0x000001fb87d75f90: 0f84 6b31 | 0000 438b | 6cc4 1441 | 8b4c ec0c | 448b d941 | ffcb 458b | d341 81e2 | 7fb8 0c70 
  0x000001fb87d75fb0: 85c9 0f86 | 2469 0000 | 4d8d 1cec | 438b 6c93 | 1085 ed0f | 840d 3100 | 0045 8b4c 

  0x000001fb87d75fcc: ;   {oop(a 'jdk/internal/math/FloatingDecimal$1'{0x000000070ae85eb0})}
  0x000001fb87d75fcc: ec0c 4181 | f9d6 0b5d | e10f 85b1 | 6900 0049 | 8d04 ec44 | 8b50 1c49 | c1e2 0345 

  0x000001fb87d75fe8: ;   {metadata('jdk/internal/math/FloatingDecimal$BinaryToASCIIBuffer')}
  0x000001fb87d75fe8: 8b42 0841 | 81f8 9806 | 2900 0f85 | 1897 0000 | 498b ea45 | 8862 184c | 634c 2430 | 49c1 e11d 
  0x000001fb87d76008: 498b d244 | 8b44 2434 | bf18 0000 | 008b b424 | 8800 0000 

  0x000001fb87d7601c: ;   {optimized virtual_call}
  0x000001fb87d7601c: c5f8 77e8 

  0x000001fb87d76020: ; ImmutableOopMap {rbp=Oop [40]=NarrowOop [44]=NarrowOop [56]=Oop }
                      ;*invokevirtual dtoa {reexecute=0 rethrow=0 return_oop=0}
                      ; - jdk.internal.math.FloatingDecimal::getBinaryToASCIIConverter@157 (line 1825)
                      ; - jdk.internal.math.FloatingDecimal::toJavaFormatString@1 (line 80)
                      ; - java.lang.Float::toString@1 (line 226)
                      ; - java.lang.String::valueOf@1 (line 4357)
                      ; - java.lang.invoke.LambdaForm$DMH/0x000001fb97095800::invokeStatic@10
                      ; - java.lang.invoke.LambdaForm$MH/0x000001fb97097000::invoke@15
                      ; - java.lang.invoke.LambdaForm$MH/0x000001fb97097400::linkToTargetMethod@5
                      ; - io.github.universityTycoon.MainScreen::draw@818 (line 310)
  0x000001fb87d76020: 5c6d 72ff | 448b 5508 

  0x000001fb87d76028: ;   {metadata('jdk/internal/math/FloatingDecimal$BinaryToASCIIBuffer')}
  0x000001fb87d76028: 4181 fa98 | 0629 000f | 85a7 6700 | 004c 8bd5 | 498b ea45 | 8b52 204d | 8bc2 49c1 | e003 488b 
  0x000001fb87d76048: d566 6690 

  0x000001fb87d7604c: ;   {optimized virtual_call}
  0x000001fb87d7604c: c5f8 77e8 

  0x000001fb87d76050: ; ImmutableOopMap {rbp=Oop [40]=NarrowOop [44]=NarrowOop [56]=Oop }
                      ;*invokevirtual getChars {reexecute=0 rethrow=0 return_oop=0}
                      ; - jdk.internal.math.FloatingDecimal$BinaryToASCIIBuffer::toJavaFormatString@5 (line 301)
                      ; - jdk.internal.math.FloatingDecimal::toJavaFormatString@4 (line 80)
                      ; - java.lang.Float::toString@1 (line 226)
                      ; - java.lang.String::valueOf@1 (line 4357)
                      ; - java.lang.invoke.LambdaForm$DMH/0x000001fb97095800::invokeStatic@10
                      ; - java.lang.invoke.LambdaForm$MH/0x000001fb97097000::invoke@15
                      ; - java.lang.invoke.LambdaForm$MH/0x000001fb97097400::linkToTargetMethod@5
                      ; - io.github.universityTycoon.MainScreen::draw@818 (line 310)
  0x000001fb87d76050: 2c6d 72ff | 8944 2430 | 4c8b d545 | 8b52 2044 | 8954 2434 

  0x000001fb87d76064: ; implicit exception: dispatches to 0x000001fb87d7fc24
  0x000001fb87d76064: 478b 5cd4 | 0c44 895c | 2444 85c0 | 0f8c 3a74 | 0000 8b6c | 2444 2be8 | 85ed 0f8c | 087a 0000 
  0x000001fb87d76084: 85c0 0f84 | 3b26 0000 | 81f8 0000 | 1000 0f87 | 2069 0000 | 4c63 d844 | 8b54 2434 | 4b8d 2cd4 
  0x000001fb87d760a4: 81f8 0000 | 1000 0f87 | 6444 0000 | 4d8b 9708 | 0100 0049 | 83c3 1749 | 83e3 f84d | 8bc2 4d03 
  0x000001fb87d760c4: c34d 3b87 | 1801 0000 | 0f83 4244 | 0000 4d89 | 8708 0100 | 0041 0f18 | 8000 0100 | 0049 c702 
  0x000001fb87d760e4: 0100 0000 | 410f 1880 | 4001 0000 

  0x000001fb87d760f0: ;   {metadata({type array byte})}
  0x000001fb87d760f0: 41c7 4208 | 3867 0000 | 4189 420c | 410f 1880 | 8001 0000 | 448b 4424 | 3045 8bd8 | 448b 4424 
  0x000001fb87d76110: 4445 3bc3 | 0f82 1a6a | 0000 498b | fa48 83c7 | 1044 8b4c | 2434 4b8d | 74cc 1041 | 8bd3 528b 
  0x000001fb87d76130: c2b9 00ff | 00ff 83e2 | f083 e00f | 85d2 0f84 | 4500 0000 | c5f9 6ec1 | c5f9 70c0 | 00c5 e1ef 
  0x000001fb87d76150: db48 8d34 | 5648 8d3c | 1748 f7da | c5fa 6f14 | 56c5 e1eb | dac5 fa6f | 4c56 10c5 | e1eb d9c4 
  0x000001fb87d76170: e279 17d8 | 0f85 6b00 | 0000 c5e9 | 67d1 c5fa | 7f14 1748 | 83c2 1075 | d38b d083 | e2f8 83e0 
  0x000001fb87d76190: 0785 d274 | 28c5 f96e | c1c5 f970 | c000 c5f1 | efc9 c5fa | 6f16 c4e2 | 7917 d075 | 38c5 e967 
  0x000001fb87d761b0: d1c5 f9d6 | 1748 83c6 | 1048 83c7 | 088b d085 | d274 1f48 | 8d34 5648 | 8d3c 1748 | f7da 0fb7 
  0x000001fb87d761d0: 0456 f7c0 | 00ff 0000 | 750b 8804 | 1748 ffc2 | 75ec 58eb | 0633 c048 | 83c4 0841 | 3bc3 0f85 
  0x000001fb87d761f0: d874 0000 | 4d8b da49 | c1eb 0345 | 8bcb 478b | 54cc 0c44 | 8954 2424 | 4d63 d24c | 8954 2430 
  0x000001fb87d76210: 4983 c21a | 458b c244 | 8944 2444 | 4585 c00f | 8cbb 7200 | 0041 81f8 | 0000 1000 | 0f87 be63 
  0x000001fb87d76230: 0000 4d63 | c04b 8d2c | cc44 8b5c | 2444 4181 | fb00 0010 | 000f 87a5 | 3e00 004d | 8b9f 0801 
  0x000001fb87d76250: 0000 4983 | c017 4983 | e0f8 498b | cb49 03c8 | 493b 8f18 | 0100 000f | 8383 3e00 | 0049 898f 
  0x000001fb87d76270: 0801 0000 | 0f18 8100 | 0100 0049 | c703 0100 | 0000 0f18 | 8140 0100 

  0x000001fb87d76288: ;   {metadata({type array byte})}
  0x000001fb87d76288: 0041 c743 | 0838 6700 | 008b 5c24 | 4441 895b | 0c0f 1881 | 8001 0000 | 4489 4c24 | 484d 8bd3 
  0x000001fb87d762a8: 4c89 5424 | 6844 8b54 | 2424 4183 | c21a 448b | 4424 4441 | 8bf8 453b | c20f 8225 | 6500 0044 
  0x000001fb87d762c8: 8b5c 2424 | 4585 db76 | 2848 8b54 | 2468 4883 | c22a 448b | 5424 484b | 8d4c d410 | 4c8b 4424 
  0x000001fb87d762e8: 30c5 f877 | 49ba 403a | 4887 fb01 | 0000 41ff | d283 ff1a | 0f82 0e65 | 0000 488b | 5424 6848 
  0x000001fb87d76308: ;   {oop([B{0x0000000715c382a8})}
  0x000001fb87d76308: 83c2 1048 | b9a8 82c3 | 1507 0000 | 0048 83c1 | 1041 b81a | 0000 00c5 | f877 49ba | 6039 4887 
  0x000001fb87d76328: fb01 0000 | 41ff d24d | 8b97 0801 | 0000 4d8b | da49 83c3 | 184d 3b9f | 1801 0000 | 0f83 d23d 
  0x000001fb87d76348: 0000 4d89 | 9f08 0100 | 0041 0f18 | 8300 0100 | 0049 c702 | 0100 0000 

  0x000001fb87d76360: ;   {metadata('java/lang/String')}
  0x000001fb87d76360: 41c7 4208 | 70e9 0000 | 4589 620c | 4589 6210 | 4c8b 5c24 | 6849 c1eb | 0345 895a | 1444 8b5c 
  0x000001fb87d76380: 2428 4585 | db0f 846d | 6200 0044 | 8b44 242c | 49c1 e003 | 4b8d 14dc | 4d8b cac5 | fa10 4424 
  0x000001fb87d763a0: 40c5 fa10 | 4c24 5448 | 8b6c 2438 

  0x000001fb87d763ac: ;   {optimized virtual_call}
  0x000001fb87d763ac: c5f8 77e8 

  0x000001fb87d763b0: ; ImmutableOopMap {rbp=Oop [56]=Oop }
                      ;*invokevirtual draw {reexecute=0 rethrow=0 return_oop=1}
                      ; - io.github.universityTycoon.MainScreen::draw@829 (line 310)
  0x000001fb87d763b0: cc69 72ff | 448b 5514 | 4489 5424 

  0x000001fb87d763bc: ;   {oop(a 'java/lang/Class'{0x000000070ac01790} = 'io/github/universityTycoon/GameModel')}
  0x000001fb87d763bc: 2849 ba90 | 17c0 0a07 | 0000 0045 | 8b5a 7844 | 895c 242c 

  0x000001fb87d763d0: ;   {static_call}
  0x000001fb87d763d0: c5f8 77e8 

  0x000001fb87d763d4: ; ImmutableOopMap {rbp=Oop [40]=NarrowOop [44]=NarrowOop [56]=Oop }
                      ;*invokestatic getLectureHallCount {reexecute=0 rethrow=0 return_oop=0}
                      ; - io.github.universityTycoon.MainScreen::draw@840 (line 311)
  0x000001fb87d763d4: a86f 72ff | 85c0 0f8c | 3071 0000 | 448b d841 | f7db 4489 | 5c24 2441 | 83fb f60f | 8eae 1500 
  0x000001fb87d763f4: 0041 b901 | 0000 004d | 8b9f 0801 | 0000 4963 | e948 83c5 | 1944 8bcd | 4489 4c24 | 304d 63c1 
  0x000001fb87d76414: 4c89 4424 | 6849 83c0 | 1749 83e0 | f84d 8bcb | 4d03 c84d | 3b8f 1801 | 0000 0f83 | 083d 0000 
  0x000001fb87d76434: 4d89 8f08 | 0100 0041 | 0f18 8100 | 0100 0049 | c703 0100 | 0000 410f | 1881 4001 

  0x000001fb87d76450: ;   {metadata({type array byte})}
  0x000001fb87d76450: 0000 41c7 | 4308 3867 | 0000 448b | 4424 3045 | 8943 0c41 | 0f18 8180 | 0100 004d | 8bd3 4c89 
  0x000001fb87d76470: 5424 4844 | 8b5c 2430 | 458b d341 | ffca 458b | da8b 7424 | 24c1 fe1f | 448b 4424 | 2441 83f8 
  0x000001fb87d76490: 9c0f 8e36 | 1e00 0044 | 8b44 2430 | 41b9 0b00 | 0000 41ba | 0700 0000 | 4489 4c24 | 5044 8954 
  0x000001fb87d764b0: 2444 4c63 | 5424 244d | 69d2 6766 | 6666 49c1 | fa22 458b | ca45 8bd1 | 442b d645 | 8bca 418b 
  0x000001fb87d764d0: cac1 e103 | 418b dad1 | e303 d92b | 5c24 2483 | c330 443b | 5c24 300f | 8323 6100 | 004c 8b54 
  0x000001fb87d764f0: 2448 4388 | 5c1a 1045 | 8bd1 4585 | d20f 8c0f | 1c00 004d | 63d3 4983 | c2e7 498b | da41 8bea 
  0x000001fb87d76510: 85ed 0f8c | 2863 0000 | 448b d541 | 83c2 1944 | 8b5c 2430 | 453b da0f | 8213 6300 | 004c 8b54 
  0x000001fb87d76530: 2448 498d 

  0x000001fb87d76534: ;   {oop([B{0x0000000715c381e0})}
  0x000001fb87d76534: 542a 1048 | b9e0 81c3 | 1507 0000 | 0048 83c1 | 1041 b819 | 0000 00c5 | f877 49ba | 403a 4887 
  0x000001fb87d76554: fb01 0000 | 41ff d24c | 8bd3 4d85 | d20f 85d5 | 6f00 004d | 8b97 0801 | 0000 4d8b | da49 83c3 
  0x000001fb87d76574: 184d 3b9f | 1801 0000 | 0f83 de3b | 0000 4d89 | 9f08 0100 | 0041 0f18 | 8300 0100 | 0049 c702 
  0x000001fb87d76594: 0100 0000 

  0x000001fb87d76598: ;   {metadata('java/lang/String')}
  0x000001fb87d76598: 41c7 4208 | 70e9 0000 | 4589 620c | 4d89 6210 | 4c8b 5c24 | 484d 8bc3 | 49c1 e803 | 4589 4214 
  0x000001fb87d765b8: 448b 4424 | 2c45 85c0 | 0f84 7e60 | 0000 448b | 5c24 284d | 8bc3 49c1 | e003 448b | 4c24 2c4b 
  0x000001fb87d765d8: 8d14 cc4d | 8bca c5fa | 1044 2440 | c5fa 104c | 2458 488b | 6c24 3890 

  0x000001fb87d765f0: ;   {optimized virtual_call}
  0x000001fb87d765f0: c5f8 77e8 

  0x000001fb87d765f4: ; ImmutableOopMap {rbp=Oop [56]=Oop }
                      ;*invokevirtual draw {reexecute=0 rethrow=0 return_oop=1}
                      ; - io.github.universityTycoon.MainScreen::draw@854 (line 311)
  0x000001fb87d765f4: 8867 72ff | 448b 5514 | 4489 5424 

  0x000001fb87d76600: ;   {oop(a 'java/lang/Class'{0x000000070ac01790} = 'io/github/universityTycoon/GameModel')}
  0x000001fb87d76600: 2849 ba90 | 17c0 0a07 | 0000 0045 | 8b5a 7844 | 895c 242c 

  0x000001fb87d76614: ;   {static_call}
  0x000001fb87d76614: c5f8 77e8 

  0x000001fb87d76618: ; ImmutableOopMap {rbp=Oop [40]=NarrowOop [44]=NarrowOop [56]=Oop }
                      ;*invokestatic getLabCount {reexecute=0 rethrow=0 return_oop=0}
                      ; - io.github.universityTycoon.MainScreen::draw@865 (line 312)
  0x000001fb87d76618: 646d 72ff | 85c0 0f8c | 4c6f 0000 | 448b c041 | f7d8 4489 | 4424 2441 | 83f8 f60f | 8e7f 1300 
  0x000001fb87d76638: 0041 b801 | 0000 004d | 8b97 0801 | 0000 4963 | e848 83c5 | 1544 8bcd | 4489 4c24 | 304d 63c1 
  0x000001fb87d76658: 4c89 4424 | 6849 83c0 | 1749 83e0 | f84d 8bca | 4d03 c84d | 3b8f 1801 | 0000 0f83 | 083b 0000 
  0x000001fb87d76678: 4d89 8f08 | 0100 0041 | 0f18 8100 | 0100 0049 | c702 0100 | 0000 410f | 1881 4001 

  0x000001fb87d76694: ;   {metadata({type array byte})}
  0x000001fb87d76694: 0000 41c7 | 4208 3867 | 0000 448b | 4424 3045 | 8942 0c41 | 0f18 8180 | 0100 004c | 8954 2448 
  0x000001fb87d766b4: 448b 5c24 | 3041 ffcb | 418b cb44 | 8b54 2424 | 41c1 fa1f | 448b 5c24 | 2441 83fb | 9c0f 8ec0 
  0x000001fb87d766d4: 1c00 008b | 7424 304c | 635c 2424 | 4d69 db67 | 6666 6649 | c1fb 2245 | 8bc3 452b | c245 8bd0 
  0x000001fb87d766f4: 458b d841 | c1e3 0341 | d1e0 4503 | c344 2b44 | 2424 4183 | c030 3b4c | 2430 0f83 | 485f 0000 
  0x000001fb87d76714: 4c8b 5c24 | 4845 8844 | 0b10 4585 | d20f 8c18 | 1a00 004c | 63d1 4983 | c2eb 498b | da41 8bea 
  0x000001fb87d76734: 85ed 0f8c | 5061 0000 | 448b dd41 | 83c3 1544 | 8b54 2430 | 453b d30f | 823b 6100 | 004c 8b54 
  0x000001fb87d76754: 2448 498d 

  0x000001fb87d76758: ;   {oop([B{0x0000000715c38120})}
  0x000001fb87d76758: 542a 1048 | b920 81c3 | 1507 0000 | 0048 83c1 | 1041 b815 | 0000 00c5 | f877 49ba | 403a 4887 
  0x000001fb87d76778: fb01 0000 | 41ff d24c | 8bd3 4d85 | d20f 8511 | 6e00 004d | 8b97 0801 | 0000 4d8b | da49 83c3 
  0x000001fb87d76798: 184d 3b9f | 1801 0000 | 0f83 fe39 | 0000 4d89 | 9f08 0100 | 0041 0f18 | 8300 0100 | 0049 c702 
  0x000001fb87d767b8: 0100 0000 

  0x000001fb87d767bc: ;   {metadata('java/lang/String')}
  0x000001fb87d767bc: 41c7 4208 | 70e9 0000 | 4589 620c | 4d89 6210 | 4c8b 5c24 | 4849 c1eb | 0345 895a | 1444 8b44 
  0x000001fb87d767dc: 242c 4585 | c00f 84a9 | 5e00 0044 | 8b5c 2428 | 4d8b c349 | c1e0 0344 | 8b4c 242c | 4b8d 14cc 
  0x000001fb87d767fc: 4d8b cac5 | fa10 4424 | 40c5 fa10 | 4c24 5c48 | 8b6c 2438 

  0x000001fb87d76810: ;   {optimized virtual_call}
  0x000001fb87d76810: c5f8 77e8 

  0x000001fb87d76814: ; ImmutableOopMap {rbp=Oop [56]=Oop }
                      ;*invokevirtual draw {reexecute=0 rethrow=0 return_oop=1}
                      ; - io.github.universityTycoon.MainScreen::draw@879 (line 312)
  0x000001fb87d76814: 6865 72ff | 448b 5514 | 4489 5424 

  0x000001fb87d76820: ;   {oop(a 'java/lang/Class'{0x000000070ac01790} = 'io/github/universityTycoon/GameModel')}
  0x000001fb87d76820: 2849 ba90 | 17c0 0a07 | 0000 0045 | 8b5a 7844 | 895c 242c 

  0x000001fb87d76834: ;   {static_call}
  0x000001fb87d76834: c5f8 77e8 

  0x000001fb87d76838: ; ImmutableOopMap {rbp=Oop [40]=NarrowOop [44]=NarrowOop [56]=Oop }
                      ;*invokestatic getClassroomCount {reexecute=0 rethrow=0 return_oop=0}
                      ; - io.github.universityTycoon.MainScreen::draw@890 (line 313)
  0x000001fb87d76838: 446b 72ff | 85c0 0f8c | 8c6d 0000 | 448b c041 | f7d8 4489 | 4424 2441 | 83f8 f60f | 8e74 1100 
  0x000001fb87d76858: 0041 b801 | 0000 0044 | 8944 2478 | 4d8b 9708 | 0100 0048 | 636c 2478 | 4883 c516 | 448b cd44 
  0x000001fb87d76878: 894c 2430 | 4d63 c14c | 8944 2458 | 4983 c017 | 4983 e0f8 | 4d8b ca4d | 03c8 4d3b | 8f18 0100 
  0x000001fb87d76898: 000f 8325 | 3900 004d | 898f 0801 | 0000 410f | 1881 0001 | 0000 49c7 | 0201 0000 | 0041 0f18 
  0x000001fb87d768b8: 8140 0100 

  0x000001fb87d768bc: ;   {metadata({type array byte})}
  0x000001fb87d768bc: 0041 c742 | 0838 6700 | 0044 8b5c | 2430 4589 | 5a0c 410f | 1881 8001 | 0000 4c89 | 5424 4844 
  0x000001fb87d768dc: 8b54 2430 | 41ff ca45 | 8bca 448b | 5424 2441 | c1fa 1f44 | 8b44 2424 | 4183 f89c | 0f8e 611b 
  0x000001fb87d768fc: 0000 8b7c | 2430 4c63 | 5c24 244d | 69db 6766 | 6666 49c1 | fb22 458b | c345 8bd8 | 452b da45 
  0x000001fb87d7691c: 8bd3 41c1 | e303 458b | c241 d1e0 | 4503 c344 | 2b44 2424 | 4183 c030 | 443b 4c24 | 300f 8369 
  0x000001fb87d7693c: 5d00 004c | 8b5c 2448 | 4788 440b | 1045 8bda | 4585 db0f | 8c17 1800 | 004d 63d1 | 4983 c2ea 
  0x000001fb87d7695c: 498b da41 | 8bea 85ed | 0f8c 4a5f | 0000 448b | dd41 83c3 | 1644 8b44 | 2430 453b | c30f 8235 
  0x000001fb87d7697c: 5f00 004c | 8b54 2448 | 498d 542a | 1041 b816 

  0x000001fb87d7698c: ;   {oop([B{0x0000000715c38060})}
  0x000001fb87d7698c: 0000 0048 | b960 80c3 | 1507 0000 | 0048 83c1 | 10c5 f877 | 49ba 403a | 4887 fb01 | 0000 41ff 
  0x000001fb87d769ac: d24c 8bd3 | 4d85 d20f | 8543 6c00 | 004d 8b97 | 0801 0000 | 4d8b da49 | 83c3 184d | 3b9f 1801 
  0x000001fb87d769cc: 0000 0f83 | 1438 0000 | 4d89 9f08 | 0100 0041 | 0f18 8300 | 0100 0049 | c702 0100 

  0x000001fb87d769e8: ;   {metadata('java/lang/String')}
  0x000001fb87d769e8: 0000 41c7 | 4208 70e9 | 0000 4589 | 620c 4d89 | 6210 4c8b | 5c24 4849 | c1eb 0345 | 895a 1444 
  0x000001fb87d76a08: 8b5c 242c | 4585 db0f | 84c7 5c00 | 0044 8b44 | 2428 49c1 | e003 4b8d | 14dc 4d8b | cac5 fa10 
  0x000001fb87d76a28: 4424 40c5 | fa10 4c24 | 6048 8b6c | 2438 6690 

  0x000001fb87d76a38: ;   {optimized virtual_call}
  0x000001fb87d76a38: c5f8 77e8 

  0x000001fb87d76a3c: ; ImmutableOopMap {rbp=Oop [56]=Oop }
                      ;*invokevirtual draw {reexecute=0 rethrow=0 return_oop=1}
                      ; - io.github.universityTycoon.MainScreen::draw@904 (line 313)
  0x000001fb87d76a3c: 4063 72ff | 448b 5514 | 4489 5424 

  0x000001fb87d76a48: ;   {oop(a 'java/lang/Class'{0x000000070ac01790} = 'io/github/universityTycoon/GameModel')}
  0x000001fb87d76a48: 2849 ba90 | 17c0 0a07 | 0000 0045 | 8b5a 7844 | 895c 242c 

  0x000001fb87d76a5c: ;   {static_call}
  0x000001fb87d76a5c: c5f8 77e8 

  0x000001fb87d76a60: ; ImmutableOopMap {rbp=Oop [40]=NarrowOop [44]=NarrowOop [56]=Oop }
                      ;*invokestatic getConstructionGameTime {reexecute=0 rethrow=0 return_oop=1}
                      ; - io.github.universityTycoon.MainScreen::draw@915 (line 314)
  0x000001fb87d76a60: 1c69 72ff | 4885 c00f | 8487 5c00 | 0048 8bd0 

  0x000001fb87d76a70: ;   {optimized virtual_call}
  0x000001fb87d76a70: c5f8 77e8 

  0x000001fb87d76a74: ; ImmutableOopMap {rbp=Oop [40]=NarrowOop [44]=NarrowOop [56]=Oop }
                      ;*invokevirtual getSeconds {reexecute=0 rethrow=0 return_oop=0}
                      ; - io.github.universityTycoon.MainScreen::draw@918 (line 314)
  0x000001fb87d76a74: 0863 72ff | 4c8b d048 | b857 2951 | cea0 c845 | 1849 f7ea | 49c1 fa3f | 48c1 fa0d | 4c8b da4d 
  0x000001fb87d76a94: 2bda 4c89 | 5c24 304d | 85db 0f8c | 8c6b 0000 | 4c2b d249 | 83fa f60f | 8e88 0200 | 0044 8b84 
  0x000001fb87d76ab4: 2488 0000 | 004d 8bca | eb0c 41bb | 0300 0000 | 458b c34d | 8bca 458b | d84c 894c | 2450 eb37 
  0x000001fb87d76ad4: 448b 9c24 | 8c00 0000 | 4d8b caeb | 2541 bb03 | 0000 004d | 8bca eb17 | 41bb 0300 | 0000 4489 
  0x000001fb87d76af4: 5c24 4444 | 8b5c 2444 | 4183 c302 | 4d8b ca41 | ffc3 4c89 | 4c24 504d | 8b97 0801 | 0000 4963 
  0x000001fb87d76b14: eb45 8bc3 | 4183 c014 | 4489 4424 | 244c 8bdd | 4983 c30f | 4c89 5c24 | 404c 8bdd | 4983 c32b 
  0x000001fb87d76b34: 4983 e3f8 | 4d8b c24d | 03c3 4d3b | 8718 0100 | 000f 83bd | 3600 004d | 8987 0801 | 0000 410f 
  0x000001fb87d76b54: 1880 0001 | 0000 49c7 | 0201 0000 | 0041 0f18 | 8040 0100 

  0x000001fb87d76b68: ;   {metadata({type array byte})}
  0x000001fb87d76b68: 0041 c742 | 0838 6700 | 0044 8b5c | 2424 4589 | 5a0c 410f | 1880 8001 | 0000 498b | f24c 8b54 
  0x000001fb87d76b88: 2440 458b | da41 8bc3 | 458b d341 | 83c2 0544 | 8b44 2424 | 453b c20f | 825b 5d00 | 004d 63c3 
  0x000001fb87d76ba8: 4c8b d643 | c644 0214 | 7343 c644 | 0213 7943 | c644 0212 | 6143 c644 | 0211 6443 | c644 0210 
  0x000001fb87d76bc8: 204c 8b54 | 2450 4981 | fa00 0000 | 800f 8ec9 | 6e00 0041 | 8bfa 41ff | cb45 8beb | 8bcf c1f9 
  0x000001fb87d76be8: 1f83 ff9c | 0f8e a407 | 0000 488b | de45 8bd3 | 4c63 df4d | 69db 6766 | 6666 49c1 | fb22 458b 
  0x000001fb87d76c08: c344 2bc1 | 458b c841 | c1e1 0341 | 8bc8 d1e1 | 4103 c92b | cf83 c130 | 443b 5424 | 240f 83d9 
  0x000001fb87d76c28: 5a00 0042 | 884c 1310 | 4585 c07d | 2244 8b8c | 2490 0000 | 0045 2bc8 | 448b d041 | 83c2 fe44 
  0x000001fb87d76c48: 3b54 2424 | 0f83 2e62 | 0000 4488 | 4c03 0e49 | 63fa 4883 | c7f1 8bef | 85ed 0f8c | dc5c 0000 
  0x000001fb87d76c68: 448b dd41 | 83c3 0f44 | 8b44 2424 | 453b c30f | 82c7 5c00 | 0048 8d54 

  0x000001fb87d76c80: ;   {oop([B{0x0000000715c37f08})}
  0x000001fb87d76c80: 2b10 48b9 | 087f c315 | 0700 0000 | 4883 c110 | 41b8 0f00 | 0000 c5f8 | 7749 ba40 | 3a48 87fb 
  0x000001fb87d76ca0: 0100 0041 | ffd2 4885 | ff0f 85b1 | 6900 004d | 8b9f 0801 | 0000 4d8b | d349 83c2 | 184d 3b97 
  0x000001fb87d76cc0: 1801 0000 | 0f83 5e35 | 0000 4d89 | 9708 0100 | 0041 0f18 | 8200 0100 | 0049 c703 | 0100 0000 
  0x000001fb87d76ce0: ;   {metadata('java/lang/String')}
  0x000001fb87d76ce0: 41c7 4308 | 70e9 0000 | 4589 630c | 4d89 6310 | 4c8b d349 | c1ea 0345 | 8953 1444 | 8b54 242c 
  0x000001fb87d76d00: 4585 d20f | 842b 5a00 | 0044 8b44 | 2428 49c1 

  0x000001fb87d76d10: ;   {section_word}
  0x000001fb87d76d10: e003 c5fa | 1005 829c | ffff 4b8d | 14d4 4d8b | cbc5 fa10 | 4c24 2048 | 8b6c 2438 

  0x000001fb87d76d2c: ;   {optimized virtual_call}
  0x000001fb87d76d2c: c5f8 77e8 

  0x000001fb87d76d30: ; ImmutableOopMap {rbp=Oop [56]=Oop }
                      ;*invokevirtual draw {reexecute=0 rethrow=0 return_oop=1}
                      ; - io.github.universityTycoon.MainScreen::draw@936 (line 314)
  0x000001fb87d76d30: 4c60 72ff | e97f c6ff | ff49 83fa | 9c0f 8f91 | fdff ff49 | 81fa 18fc | ffff 0f8f | 6efd ffff 
  0x000001fb87d76d50: 4981 faf0 | d8ff ff0f | 8f84 fdff | ff49 81fa | 6079 feff | 7e1c 41b8 | 0300 0000 | 4489 4424 
  0x000001fb87d76d70: 4444 8b44 | 2444 4183 | c002 4d8b | cae9 48fd | ffff 4981 | fac0 bdf0 | ff0f 8f5d | fdff ff49 
  0x000001fb87d76d90: 81fa 8069 | 67ff 7e12 | 41b8 0300 | 0000 4d8b | ca41 83c0 | 04e9 20fd | ffff 4981 | fa00 1f0a 
  0x000001fb87d76db0: fa7e 1241 | bb03 0000 | 004d 8bca | 4183 c304 | e93e fdff | ff49 81fa | 0036 65c4 | 7fa3 49bb 
  0x000001fb87d76dd0: 001c f4ab | fdff ffff | 4d3b d30f | 8f16 fdff | ff49 bb00 | 1889 b7e8 | ffff ff4d | 3bd3 7e0a 
  0x000001fb87d76df0: 448b 5c24 | 50e9 cafc | ffff 49bb | 00f0 5a2b | 17ff ffff | 4d3b d37e | 0a44 8b5c | 2450 e9d4 
  0x000001fb87d76e10: fcff ff49 | bb00 608d | b1e7 f6ff | ff4d 3bd3 | 7e0a 448b | 4424 50e9 | 40ff ffff | 49bb 00c0 
  0x000001fb87d76e30: 85ef 0ca5 | ffff 4d3b | d37e 0a44 | 8b5c 2450 | e9ad fcff | ff4d 8bca | 49ba 0080 | 395b 8172 
  0x000001fb87d76e50: fcff 4d3b | ca7e 0a44 | 8b44 2450 | e940 ffff | ff44 8b5c | 2450 e951 | ffff ff4c | 63d5 4d69 
  0x000001fb87d76e70: d21f 85eb | 5149 c1fa | 2545 8bd2 | 452b d145 | 6bda 6444 | 2bdd 4183 | fb64 0f83 | 1c52 0000 
  0x000001fb87d76e90: ;   {oop([B{0x000000070ac06480})}
  0x000001fb87d76e90: 4d63 c349 | b980 64c0 | 0a07 0000 | 0043 0fbe | 6c01 103b | 4c24 4c0f | 8347 5200 | 004c 8b5c 
  0x000001fb87d76eb0: 2450 4188 

  0x000001fb87d76eb4: ;   {oop([B{0x000000070ac064f8})}
  0x000001fb87d76eb4: 6c1b 0f49 | bbf8 64c0 | 0a07 0000 | 0047 0fbe | 5c03 1044 | 8b44 244c | 4183 c0fe | 41b9 0100 
  0x000001fb87d76ed4: 0000 bf02 | 0000 00b9 | 0600 0000 | 4489 8c24 | 8800 0000 | 89bc 248c | 0000 0089 | 4c24 7844 
  0x000001fb87d76ef4: 3b44 244c | 0f83 8e50 | 0000 498b | 9750 0300 | 0045 8bca | 41c1 f91f | 418b c8ff | c949 63f8 
  0x000001fb87d76f14: 488b 7424 | 5044 885c 

  0x000001fb87d76f1c: ; ImmutableOopMap {rsi=Oop [48]=Oop [60]=NarrowOop [64]=Oop [72]=NarrowOop [80]=Oop }
                      ;*goto {reexecute=1 rethrow=0 return_oop=0}
                      ; - (reexecute) java.lang.Integer::getChars@69 (line 516)
                      ; - java.lang.StringConcatHelper::prepend@12 (line 283)
                      ; - java.lang.StringConcatHelper::prepend@3 (line 301)
                      ; - java.lang.invoke.DirectMethodHandle$Holder::invokeStatic@17
                      ; - java.lang.invoke.LambdaForm$MH/0x000001fb97094400::invoke@28
                      ; - java.lang.invoke.LambdaForm$MH/0x000001fb97095400::invoke@51
                      ; - java.lang.invoke.Invokers$Holder::linkToTargetMethod@5
                      ; - io.github.universityTycoon.MainScreen::draw@239 (line 268)
                      ;   {poll}
  0x000001fb87d76f1c: 3e10 8502 | 4183 fa9c | 0f8e ac0c | 0000 418b | eae9 10aa | ffff 4c63 | dd4d 69db | 1f85 eb51 
  0x000001fb87d76f3c: 49c1 fb25 | 458b c345 | 2bc2 456b | d064 442b | d545 8bea | 4183 fa64 | 0f83 e651 | 0000 4d63 
  0x000001fb87d76f5c: ;   {oop([B{0x000000070ac06480})}
  0x000001fb87d76f5c: da49 ba80 | 64c0 0a07 | 0000 0047 | 0fbe 541a | 103b 4c24 | 4c0f 8311 | 5200 0045 | 8854 190f 
  0x000001fb87d76f7c: ;   {oop([B{0x000000070ac064f8})}
  0x000001fb87d76f7c: 49ba f864 | c00a 0700 | 0000 470f | be5c 1a10 | 458b eb8b | 7c24 4c83 | c7fe 41ba | 3000 0000 
  0x000001fb87d76f9c: 4489 9424 | 9000 0000 | 3b7c 244c | 0f83 2650 | 0000 4d8b | 9f50 0300 | 0045 8bd0 | 41c1 fa1f 
  0x000001fb87d76fbc: 8bcf ffc9 | 4863 d748 | 8b74 2450 | 4488 6c16 

  0x000001fb87d76fcc: ; ImmutableOopMap {rsi=Oop [48]=Oop [56]=NarrowOop [64]=Oop [72]=NarrowOop [80]=Oop }
                      ;*goto {reexecute=1 rethrow=0 return_oop=0}
                      ; - (reexecute) java.lang.Integer::getChars@69 (line 516)
                      ; - java.lang.StringConcatHelper::prepend@12 (line 283)
                      ; - java.lang.StringConcatHelper::prepend@3 (line 301)
                      ; - java.lang.invoke.DirectMethodHandle$Holder::invokeStatic@17
                      ; - java.lang.invoke.LambdaForm$MH/0x000001fb97094400::invoke@28
                      ; - java.lang.invoke.LambdaForm$MH/0x000001fb97095400::invoke@51
                      ; - java.lang.invoke.Invokers$Holder::linkToTargetMethod@5
                      ; - io.github.universityTycoon.MainScreen::draw@268 (line 269)
                      ;   {poll}
  0x000001fb87d76fcc: 1041 8503 | 4183 f89c | 0f8e b50c | 0000 418b | e8e9 75ab | ffff 4c63 | dd4d 69db | 1f85 eb51 
  0x000001fb87d76fec: 49c1 fb25 | 418b db41 | 2bda 446b | d364 442b | d541 8bf2 | 4183 fa64 | 0f83 ca51 | 0000 4d63 
  0x000001fb87d7700c: ;   {oop([B{0x000000070ac06480})}
  0x000001fb87d7700c: d249 bb80 | 64c0 0a07 | 0000 0047 | 0fbe 5c13 | 1041 8bc3 | 443b 4c24 | 4c0f 83f1 | 5100 004c 
  0x000001fb87d7702c: 8b4c 2450 | 4788 5c01 

  0x000001fb87d77034: ;   {oop([B{0x000000070ac064f8})}
  0x000001fb87d77034: 0f49 bbf8 | 64c0 0a07 | 0000 0047 | 0fbe 5413 | 1045 8bea | 8b4c 244c | 83c1 fe3b | 4c24 4c0f 
  0x000001fb87d77054: 83c3 4f00 | 0049 8b97 | 5003 0000 | 448b d341 | c1fa 1f44 | 8bc9 41ff | c948 63f9 | 488b 7424 
  0x000001fb87d77074: 5044 886c 

  0x000001fb87d77078: ; ImmutableOopMap {rsi=Oop [48]=Oop [56]=NarrowOop [64]=Oop [72]=NarrowOop [80]=Oop }
                      ;*goto {reexecute=1 rethrow=0 return_oop=0}
                      ; - (reexecute) java.lang.Integer::getChars@69 (line 516)
                      ; - java.lang.StringConcatHelper::prepend@12 (line 283)
                      ; - java.lang.StringConcatHelper::prepend@3 (line 301)
                      ; - java.lang.invoke.DirectMethodHandle$Holder::invokeStatic@17
                      ; - java.lang.invoke.LambdaForm$MH/0x000001fb97094400::invoke@28
                      ; - java.lang.invoke.LambdaForm$MH/0x000001fb97095400::invoke@51
                      ; - java.lang.invoke.Invokers$Holder::linkToTargetMethod@5
                      ; - io.github.universityTycoon.MainScreen::draw@297 (line 270)
                      ;   {poll}
  0x000001fb87d77078: 3e10 8502 | 83fb 9c0f | 8ed5 0c00 | 008b ebe9 | caac ffff | 4c63 dd4d | 69db 1f85 | eb51 49c1 
  0x000001fb87d77098: fb25 418b | db41 2bda | 446b d364 | 442b d545 | 8bea 4183 | fa64 0f83 | b451 0000 

  0x000001fb87d770b4: ;   {oop([B{0x000000070ac06480})}
  0x000001fb87d770b4: 4963 ca49 | ba80 64c0 | 0a07 0000 | 0045 0fbe | 540a 1045 | 8bda 443b | 4c24 240f | 83db 5100 
  0x000001fb87d770d4: 004c 8b54 | 2450 4788 

  0x000001fb87d770dc: ;   {oop([B{0x000000070ac064f8})}
  0x000001fb87d770dc: 5c02 0f49 | baf8 64c0 | 0a07 0000 | 0045 0fbe | 5c0a 1041 | 8bfb 8b4c | 2424 83c1 | fe3b 4c24 
  0x000001fb87d770fc: 240f 8361 | 4f00 004d | 8b9f 5003 | 0000 448b | d341 c1fa | 1f44 8bc9 | 41ff c948 | 63d1 488b 
  0x000001fb87d7711c: 7424 5040 

  0x000001fb87d77120: ; ImmutableOopMap {rsi=Oop [48]=Oop [56]=NarrowOop [64]=Oop [72]=NarrowOop [80]=Oop }
                      ;*goto {reexecute=1 rethrow=0 return_oop=0}
                      ; - (reexecute) java.lang.Integer::getChars@69 (line 516)
                      ; - java.lang.StringConcatHelper::prepend@12 (line 283)
                      ; - java.lang.StringConcatHelper::prepend@3 (line 301)
                      ; - java.lang.invoke.DirectMethodHandle$Holder::invokeStatic@17
                      ; - java.lang.invoke.LambdaForm$MH/0x000001fb97094400::invoke@28
                      ; - java.lang.invoke.LambdaForm$MH/0x000001fb97095400::invoke@51
                      ; - java.lang.invoke.Invokers$Holder::linkToTargetMethod@5
                      ; - io.github.universityTycoon.MainScreen::draw@326 (line 271)
  0x000001fb87d77120: 887c 1610 

  0x000001fb87d77124: ;   {poll}
  0x000001fb87d77124: 4185 0383 | fb9c 0f8e | f30c 0000 | 8beb e91c | aeff ff4c | 63d5 4d69 | d21f 85eb | 5149 c1fa 
  0x000001fb87d77144: 2541 8bfa | 2bfa 6bc7 | 642b c583 | f864 0f83 | 9552 0000 

  0x000001fb87d77158: ;   {oop([B{0x000000070ac06480})}
  0x000001fb87d77158: 4c63 d849 | ba80 64c0 | 0a07 0000 | 0047 0fbe | 441a 1041 | 8bc8 443b | 4c24 240f | 83bb 5200 
  0x000001fb87d77178: 004c 8b54 | 2460 4588 

  0x000001fb87d77180: ;   {oop([B{0x000000070ac064f8})}
  0x000001fb87d77180: 441a 0f49 | baf8 64c0 | 0a07 0000 | 0047 0fbe | 541a 1045 | 8bc2 448b | 5424 2441 | 83c2 fe41 
  0x000001fb87d771a0: b90b 0000 | 00b9 0300 | 0000 41bb | 0700 0000 | 4489 4c24 | 4889 4c24 | 4c44 895c | 2444 443b 
  0x000001fb87d771c0: 5424 240f | 8333 5100 | 0049 8b8f | 5003 0000 | 4d63 da48 | 8b54 2460 | 4688 441a 

  0x000001fb87d771dc: ; ImmutableOopMap {rdx=Oop [48]=NarrowOop [52]=NarrowOop [56]=Oop [96]=Oop }
                      ;*goto {reexecute=1 rethrow=0 return_oop=0}
                      ; - (reexecute) java.lang.Integer::getChars@69 (line 516)
                      ; - java.lang.StringConcatHelper::prepend@12 (line 283)
                      ; - java.lang.StringConcatHelper::prepend@3 (line 301)
                      ; - java.lang.invoke.DirectMethodHandle$Holder::invokeStatic@17
                      ; - java.lang.invoke.LambdaForm$MH/0x000001fb97094400::invoke@28
                      ; - java.lang.invoke.LambdaForm$MH/0x000001fb97095400::invoke@51
                      ; - java.lang.invoke.Invokers$Holder::linkToTargetMethod@5
                      ; - io.github.universityTycoon.MainScreen::draw@488 (line 291)
                      ;   {poll}
  0x000001fb87d771dc: 1085 0145 | 8bca 41ff | c98b d7c1 | fa1f 83ff | 9c0f 8ef9 | 0c00 008b | efe9 0ebc | ffff 4c63 
  0x000001fb87d771fc: d54d 69d2 | 1f85 eb51 | 49c1 fa25 | 458b ca44 | 2bcb 416b | c164 2bc5 | 83f8 640f | 8363 5200 
  0x000001fb87d7721c: 004c 63d8 

  0x000001fb87d77220: ;   {oop([B{0x000000070ac06480})}
  0x000001fb87d77220: 49ba 8064 | c00a 0700 | 0000 470f | be54 1a10 | 458b c23b | 4c24 240f | 838b 5200 | 004c 8b54 
  0x000001fb87d77240: 2450 4588 

  0x000001fb87d77244: ;   {oop([B{0x000000070ac064f8})}
  0x000001fb87d77244: 4412 0f49 | baf8 64c0 | 0a07 0000 | 0047 0fbe | 541a 1041 | 8bda 448b | 5424 2441 | 83c2 fe44 
  0x000001fb87d77264: 3b54 2424 | 0f83 d650 | 0000 498b | 8f50 0300 | 004d 63da | 488b 7c24 | 5042 885c 

  0x000001fb87d77280: ; ImmutableOopMap {rdi=Oop [48]=NarrowOop [52]=NarrowOop [56]=Oop [80]=Oop }
                      ;*goto {reexecute=1 rethrow=0 return_oop=0}
                      ; - (reexecute) java.lang.Integer::getChars@69 (line 516)
                      ; - java.lang.StringConcatHelper::prepend@12 (line 283)
                      ; - java.lang.StringConcatHelper::prepend@3 (line 301)
                      ; - java.lang.invoke.DirectMethodHandle$Holder::invokeStatic@17
                      ; - java.lang.invoke.LambdaForm$MH/0x000001fb97094400::invoke@28
                      ; - java.lang.invoke.LambdaForm$MH/0x000001fb97095400::invoke@51
                      ; - java.lang.invoke.Invokers$Holder::linkToTargetMethod@5
                      ; - io.github.universityTycoon.MainScreen::draw@513 (line 292)
                      ;   {poll}
  0x000001fb87d77280: 1f10 8501 | 418b caff | c941 8bd9 | c1fb 1f41 | 83f9 9c0f | 8e11 0d00 | 0041 8be9 | e969 bdff 
  0x000001fb87d772a0: ;   {oop([B{0x000000070ac1c220})}
  0x000001fb87d772a0: ff41 ba44 | 3858 e1e9 | 4cb4 ffff 

  0x000001fb87d772ac: ;   {oop([B{0x000000070ac1c220})}
  0x000001fb87d772ac: 41b9 4438 | 58e1 e9c2 | b8ff ff81 | fd18 fcff | ff0f 8ea9 | 0d00 0041 | b902 0000 | 0041 ffc1 
  0x000001fb87d772cc: e9ac a5ff | ff81 fd18 | fcff ff0f | 8ea6 0d00 | 0041 b802 | 0000 0041 | ffc0 e9d4 | a7ff ff81 
  0x000001fb87d772ec: fd18 fcff | ff0f 8ea7 | 0d00 0041 | ba02 0000 | 0041 ffc2 | e9c6 a9ff | ff81 fd18 | fcff ff0f 
  0x000001fb87d7730c: 8ea8 0d00 | 0041 ba02 | 0000 0041 | ffc2 e9a8 | abff ff81 | fd18 fcff | ff0f 8ea9 | 0d00 0041 
  0x000001fb87d7732c: bb02 0000 | 0041 ffc3 | e922 baff | ff81 fd18 | fcff ff0f | 8eaa 0d00 | 0041 bb02 | 0000 0044 
  0x000001fb87d7734c: 895c 2478 | 448b 5424 | 7841 ffc2 | 4489 5424 | 78e9 1abc | ffff 4183 | c1fe 498b | 8f50 0300 
  0x000001fb87d7736c: 0045 8bd1 | 41ff ca49 | 63f9 4588 

  0x000001fb87d77378: ; ImmutableOopMap {r13=Oop [40]=NarrowOop [44]=NarrowOop [56]=Oop }
                      ;*goto {reexecute=1 rethrow=0 return_oop=0}
                      ; - (reexecute) java.lang.Long::getChars@140 (line 564)
                      ; - java.lang.StringConcatHelper::prepend@12 (line 318)
                      ; - java.lang.StringConcatHelper::prepend@3 (line 336)
                      ; - java.lang.invoke.DirectMethodHandle$Holder::invokeStatic@17
                      ; - java.lang.invoke.LambdaForm$MH/0x000001fb97097c00::invoke@28
                      ; - java.lang.invoke.LambdaForm$MH/0x000001fb97099000::invoke@54
                      ; - java.lang.invoke.Invokers$Holder::linkToTargetMethod@5
                      ; - io.github.universityTycoon.MainScreen::draw@545 (line 294)
                      ;   {poll}
  0x000001fb87d77378: 5c3d 1085 | 0145 8bd8 | 41c1 fb1f | 4183 f89c | 0f8e fb01 | 0000 418b | d0e9 2ec3 | ffff 4c63 
  0x000001fb87d77398: d74d 69d2 | 1f85 eb51 | 49c1 fa25 | 458b ca44 | 2bc9 456b | d964 458b | d344 2bd7 | 458b f241 
  0x000001fb87d773b8: 83fa 640f | 835b 6c00 | 0049 63ca 

  0x000001fb87d773c4: ;   {oop([B{0x000000070ac06480})}
  0x000001fb87d773c4: 49ba 8064 | c00a 0700 | 0000 450f | be54 0a10 | 418b fa45 | 8bdd 443b | 5c24 240f | 8377 6c00 
  0x000001fb87d773e4: 0046 8854 

  0x000001fb87d773e8: ;   {oop([B{0x000000070ac064f8})}
  0x000001fb87d773e8: 060f 49ba | f864 c00a | 0700 0000 | 450f be54 | 0a10 418b | d244 8bd8 | 4183 c3fe | 4489 5c24 
  0x000001fb87d77408: 3044 8b54 | 2430 443b | 5424 240f | 8377 6b00 | 004d 8b97 | 5003 0000 | 4863 5c24 | 3088 541e 
  0x000001fb87d77428: ; ImmutableOopMap {rsi=Oop [40]=NarrowOop [44]=NarrowOop [56]=Oop }
                      ;*goto {reexecute=1 rethrow=0 return_oop=0}
                      ; - (reexecute) java.lang.Long::getChars@140 (line 564)
                      ; - java.lang.StringConcatHelper::prepend@12 (line 318)
                      ; - java.lang.StringConcatHelper::prepend@3 (line 336)
                      ; - java.lang.invoke.DirectMethodHandle$Holder::invokeStatic@17
                      ; - java.lang.invoke.LambdaForm$MH/0x000001fb97097c00::invoke@28
                      ; - java.lang.invoke.LambdaForm$MH/0x000001fb97099000::invoke@54
                      ; - java.lang.invoke.Invokers$Holder::linkToTargetMethod@5
                      ; - io.github.universityTycoon.MainScreen::draw@925 (line 314)
                      ;   {poll}
  0x000001fb87d77428: 1041 8502 | 448b 5424 | 3041 ffca | 458b ea41 | 8bc9 c1f9 | 1f41 83f9 | 9c0f 8ee9 | 0500 0048 
  0x000001fb87d77448: 8bde 458b | d544 8b44 | 2430 418b | c041 8bf9 | e99b f7ff | ff4d 63d0 | 4d69 d21f | 85eb 5149 
  0x000001fb87d77468: c1fa 2541 | 8bca 2bcf | 446b d164 | 458b da45 | 2bd8 418b | fb41 83fb | 640f 8319 | 6c00 004d 
  0x000001fb87d77488: ;   {oop([B{0x000000070ac06480})}
  0x000001fb87d77488: 63c3 49ba | 8064 c00a | 0700 0000 | 470f be5c | 0210 458b | eb44 3b74 | 2430 0f83 | 2c6c 0000 
  0x000001fb87d774a8: 4688 6c0e 

  0x000001fb87d774ac: ;   {oop([B{0x000000070ac064f8})}
  0x000001fb87d774ac: 0f49 baf8 | 64c0 0a07 | 0000 0047 | 0fbe 5c02 | 1045 8beb | 448b d041 | 83c2 fe41 | 8bd2 3b54 
  0x000001fb87d774cc: 2430 0f83 | 086b 0000 | 4d8b 9750 | 0300 008b | f9c1 ff1f | 448b da41 | ffcb 458b | f348 63da 
  0x000001fb87d774ec: 4488 6c1e 

  0x000001fb87d774f0: ; ImmutableOopMap {rsi=Oop [40]=NarrowOop [44]=NarrowOop [56]=Oop }
                      ;*goto {reexecute=1 rethrow=0 return_oop=0}
                      ; - (reexecute) java.lang.Long::getChars@140 (line 564)
                      ; - java.lang.StringConcatHelper::prepend@12 (line 318)
                      ; - java.lang.StringConcatHelper::prepend@3 (line 336)
                      ; - java.lang.invoke.DirectMethodHandle$Holder::invokeStatic@17
                      ; - java.lang.invoke.LambdaForm$MH/0x000001fb97097c00::invoke@28
                      ; - java.lang.invoke.LambdaForm$MH/0x000001fb97099000::invoke@54
                      ; - java.lang.invoke.Invokers$Holder::linkToTargetMethod@5
                      ; - io.github.universityTycoon.MainScreen::draw@765 (line 306)
                      ;   {poll}
  0x000001fb87d774f0: 1041 8502 | 83f9 9c0f | 8e09 0600 | 0048 8bde | 458b d644 | 8bda 418b | c344 8bc1 | e91e d4ff 
  0x000001fb87d77510: ff49 8d14 

  0x000001fb87d77514: ;   {oop(a 'jdk/internal/math/FloatingDecimal$1'{0x000000070ae85eb0})}
  0x000001fb87d77514: cc49 b8b0 | 5ee8 0a07 | 0000 0033 | ff66 6690 

  0x000001fb87d77524: ;   {optimized virtual_call}
  0x000001fb87d77524: c5f8 77e8 

  0x000001fb87d77528: ; ImmutableOopMap {[40]=NarrowOop [44]=NarrowOop [48]=Oop [56]=Oop [72]=Oop }
                      ;*invokevirtual getEntryAfterMiss {reexecute=0 rethrow=0 return_oop=1}
                      ; - java.lang.ThreadLocal$ThreadLocalMap::getEntry@38 (line 439)
                      ; - java.lang.ThreadLocal::get@16 (line 165)
                      ; - jdk.internal.math.FloatingDecimal::getBinaryToASCIIBuffer@3 (line 986)
                      ; - jdk.internal.math.FloatingDecimal::getBinaryToASCIIConverter@134 (line 1822)
                      ; - jdk.internal.math.FloatingDecimal::toJavaFormatString@1 (line 80)
                      ; - java.lang.Float::toString@1 (line 226)
                      ; - java.lang.String::valueOf@1 (line 4357)
                      ; - java.lang.invoke.LambdaForm$DMH/0x000001fb97095800::invokeStatic@10
                      ; - java.lang.invoke.LambdaForm$MH/0x000001fb97097000::invoke@15
                      ; - java.lang.invoke.LambdaForm$MH/0x000001fb97097400::linkToTargetMethod@5
                      ; - io.github.universityTycoon.MainScreen::draw@438 (line 289)
  0x000001fb87d77528: 5458 72ff | 4885 c00f | 85a6 afff 

  0x000001fb87d77534: ;   {oop(a 'jdk/internal/math/FloatingDecimal$1'{0x000000070ae85eb0})}
  0x000001fb87d77534: ff48 bab0 | 5ee8 0a07 | 0000 0090 

  0x000001fb87d77540: ;   {optimized virtual_call}
  0x000001fb87d77540: c5f8 77e8 

  0x000001fb87d77544: ; ImmutableOopMap {[40]=NarrowOop [44]=NarrowOop [48]=Oop [56]=Oop [72]=Oop }
                      ;*invokevirtual setInitialValue {reexecute=0 rethrow=0 return_oop=1}
                      ; - java.lang.ThreadLocal::get@34 (line 172)
                      ; - jdk.internal.math.FloatingDecimal::getBinaryToASCIIBuffer@3 (line 986)
                      ; - jdk.internal.math.FloatingDecimal::getBinaryToASCIIConverter@134 (line 1822)
                      ; - jdk.internal.math.FloatingDecimal::toJavaFormatString@1 (line 80)
                      ; - java.lang.Float::toString@1 (line 226)
                      ; - java.lang.String::valueOf@1 (line 4357)
                      ; - java.lang.invoke.LambdaForm$DMH/0x000001fb97095800::invokeStatic@10
                      ; - java.lang.invoke.LambdaForm$MH/0x000001fb97097000::invoke@15
                      ; - java.lang.invoke.LambdaForm$MH/0x000001fb97097400::linkToTargetMethod@5
                      ; - io.github.universityTycoon.MainScreen::draw@438 (line 289)
  0x000001fb87d77544: 3858 72ff | e999 afff | ff4b 8d14 

  0x000001fb87d77550: ;   {oop(a 'jdk/internal/math/FloatingDecimal$1'{0x000000070ae85eb0})}
  0x000001fb87d77550: dc49 b8b0 | 5ee8 0a07 | 0000 0033 | ff66 6690 

  0x000001fb87d77560: ;   {optimized virtual_call}
  0x000001fb87d77560: c5f8 77e8 

  0x000001fb87d77564: ; ImmutableOopMap {[40]=NarrowOop [44]=NarrowOop [56]=Oop }
                      ;*invokevirtual getEntryAfterMiss {reexecute=0 rethrow=0 return_oop=1}
                      ; - java.lang.ThreadLocal$ThreadLocalMap::getEntry@38 (line 439)
                      ; - java.lang.ThreadLocal::get@16 (line 165)
                      ; - jdk.internal.math.FloatingDecimal::getBinaryToASCIIBuffer@3 (line 986)
                      ; - jdk.internal.math.FloatingDecimal::getBinaryToASCIIConverter@134 (line 1822)
                      ; - jdk.internal.math.FloatingDecimal::toJavaFormatString@1 (line 80)
                      ; - java.lang.Float::toString@1 (line 226)
                      ; - java.lang.String::valueOf@1 (line 4357)
                      ; - java.lang.invoke.LambdaForm$DMH/0x000001fb97095800::invokeStatic@10
                      ; - java.lang.invoke.LambdaForm$MH/0x000001fb97097000::invoke@15
                      ; - java.lang.invoke.LambdaForm$MH/0x000001fb97097400::linkToTargetMethod@5
                      ; - io.github.universityTycoon.MainScreen::draw@463 (line 290)
  0x000001fb87d77564: 1858 72ff | 4885 c00f | 85eb b3ff 

  0x000001fb87d77570: ;   {oop(a 'jdk/internal/math/FloatingDecimal$1'{0x000000070ae85eb0})}
  0x000001fb87d77570: ff48 bab0 | 5ee8 0a07 | 0000 0090 

  0x000001fb87d7757c: ;   {optimized virtual_call}
  0x000001fb87d7757c: c5f8 77e8 

  0x000001fb87d77580: ; ImmutableOopMap {[40]=NarrowOop [44]=NarrowOop [56]=Oop }
                      ;*invokevirtual setInitialValue {reexecute=0 rethrow=0 return_oop=1}
                      ; - java.lang.ThreadLocal::get@34 (line 172)
                      ; - jdk.internal.math.FloatingDecimal::getBinaryToASCIIBuffer@3 (line 986)
                      ; - jdk.internal.math.FloatingDecimal::getBinaryToASCIIConverter@134 (line 1822)
                      ; - jdk.internal.math.FloatingDecimal::toJavaFormatString@1 (line 80)
                      ; - java.lang.Float::toString@1 (line 226)
                      ; - java.lang.String::valueOf@1 (line 4357)
                      ; - java.lang.invoke.LambdaForm$DMH/0x000001fb97095800::invokeStatic@10
                      ; - java.lang.invoke.LambdaForm$MH/0x000001fb97097000::invoke@15
                      ; - java.lang.invoke.LambdaForm$MH/0x000001fb97097400::linkToTargetMethod@5
                      ; - io.github.universityTycoon.MainScreen::draw@463 (line 290)
  0x000001fb87d77580: fc57 72ff | e9de b3ff | ff49 63c8 | 4869 d91f | 85eb 5148 | c1fb 258b | d341 2bd3 | 6bda 6444 
  0x000001fb87d775a0: 8bdb 452b | d841 83fb | 640f 833c | 4800 004c | 63d3 4c2b 

  0x000001fb87d775b4: ;   {oop([B{0x000000070ac06480})}
  0x000001fb87d775b4: d149 bb80 | 64c0 0a07 | 0000 0047 | 0fbe 4413 | 1049 8bdd | 4588 443d 

  0x000001fb87d775cc: ;   {oop([B{0x000000070ac064f8})}
  0x000001fb87d775cc: 0f49 bbf8 | 64c0 0a07 | 0000 0047 | 0fbe 5c13 | 1045 8bd1 | 4183 c2fe | 4585 d20f | 8ea3 6b00 
  0x000001fb87d775ec: 0044 8bc2 | 458b cae9 | 6efd ffff | 4d63 d34d | 69d2 1f85 | eb51 49c1 | fa25 458b | d244 2bd7 
  0x000001fb87d7760c: 416b ca64 | 448b c145 | 2bc3 458b | f041 83f8 | 640f 8328 | 6c00 0049 

  0x000001fb87d77624: ;   {oop([B{0x000000070ac06480})}
  0x000001fb87d77624: 63c8 49bb | 8064 c00a | 0700 0000 | 450f be5c | 0b10 c4c1 | 796e c344 | 3b6c 2430 | 0f83 3a6c 
  0x000001fb87d77644: 0000 4688 

  0x000001fb87d77648: ;   {oop([B{0x000000070ac064f8})}
  0x000001fb87d77648: 5c08 0f49 | bbf8 64c0 | 0a07 0000 | 0045 0fbe | 440b 1041 | 8bd0 448b | de41 83c3 | fe44 895c 
  0x000001fb87d77668: 2420 448b | 4424 2044 | 3b44 2430 | 0f83 da6a | 0000 4d8b | 9f50 0300 | 0048 634c | 2420 8854 
  0x000001fb87d77688: ; ImmutableOopMap {rax=Oop [40]=NarrowOop [44]=NarrowOop [56]=Oop }
                      ;*goto {reexecute=1 rethrow=0 return_oop=0}
                      ; - (reexecute) java.lang.Long::getChars@140 (line 564)
                      ; - java.lang.StringConcatHelper::prepend@12 (line 318)
                      ; - java.lang.StringConcatHelper::prepend@3 (line 336)
                      ; - java.lang.invoke.DirectMethodHandle$Holder::invokeStatic@17
                      ; - java.lang.invoke.LambdaForm$MH/0x000001fb97097c00::invoke@28
                      ; - java.lang.invoke.LambdaForm$MH/0x000001fb97099000::invoke@54
                      ; - java.lang.invoke.Invokers$Holder::linkToTargetMethod@5
                      ; - io.github.universityTycoon.MainScreen::draw@630 (line 299)
                      ;   {poll}
  0x000001fb87d77688: 0810 4185 | 0344 8b5c | 2420 41ff | cb45 8beb | 418b fac1 | ff1f 4183 | fa9c 0f8e | 480b 0000 
  0x000001fb87d776a8: 488b d845 | 8bcb 448b | 4424 2041 | 8bf0 458b | dae9 a6e0 | ffff 448b | 1b45 85db | 0f84 489b 
  0x000001fb87d776c8: ffff 4d8b | 5720 498b | cb48 c1e1 | 034d 85d2 | 0f84 5635 | 0000 4d8b | 5f30 4b89 | 4c13 f849 
  0x000001fb87d776e8: 83c2 f84d | 8957 20e9 | 1e9b ffff | 4c8b 4424 | 4845 8b50 | 1045 85d2 | 0f84 bd9c | ffff 4d8b 
  0x000001fb87d77708: 5f20 498b | ca48 c1e1 | 034d 85db | 0f84 4a35 | 0000 4d8b | 5730 4b89 | 4c1a f849 | 83c3 f84d 
  0x000001fb87d77728: 895f 204c | 8b44 2448 | 4c8b 5c24 | 50e9 899c | ffff 458b | 5814 4585 | db0f 84bc | 9cff ff4d 
  0x000001fb87d77748: 8b57 2049 | 8bcb 48c1 | e103 4d85 | d20f 8421 | 3500 004d | 8b5f 304b | 894c 13f8 | 4983 c2f8 
  0x000001fb87d77768: 4d89 5720 | e992 9cff | ff4c 63c5 | 4d8b d849 | 83c3 104d | 8bcb 4983 | e1f8 498b | fd49 03f9 
  0x000001fb87d77788: 49c1 eb03 | 4c8b c94d | 2bcb 498b | c948 33c0 | 4883 f908 | 7f10 48ff | c978 4f48 | 8904 cf48 
  0x000001fb87d777a8: ffc9 7df7 | eb44 c5fd | efc0 e90d | 0000 00c5 | fe7f 07c5 | fe7f 4720 | 4883 c740 | 4883 e908 
  0x000001fb87d777c8: 7ded 4883 | c104 7c0c | c5fe 7f07 | 4883 c720 | 4883 e904 | 4883 c104 | 7e10 48ff | c9c5 f9d6 
  0x000001fb87d777e8: 0748 83c7 | 0848 ffc9 | 7df3 498b | cac5 f877 | 49ba 6039 | 4887 fb01 | 0000 41ff | d2e9 cf9d 
  0x000001fb87d77808: ffff 4d8b | 5740 4d8b | 5f50 f083 | 4424 c000 | 8039 000f | 8431 9aff | ff44 8821 | 4d85 d275 
  0x000001fb87d77828: 2a4c 8bee | 458b f041 | 8bf1 498b | d7c5 f877 | 49ba e0f4 | c875 f97f | 0000 41ff | d244 8bce 
  0x000001fb87d77848: 458b c649 | 8bf5 e9ff | 99ff ff4b | 894c 13f8 | 4983 c2f8 | 4d89 5740 | e9ed 99ff | ff4d 8b57 
  0x000001fb87d77868: 404d 8b5f | 50f0 8344 | 24c0 0080 | 3900 0f84 | 2e9b ffff | 4488 214d | 85d2 7518 | 498b d7c5 
  0x000001fb87d77888: f877 49ba | e0f4 c875 | f97f 0000 | 41ff d2e9 | 0e9b ffff | 4b89 4c13 | f849 83c2 | f84d 8957 
  0x000001fb87d778a8: 40e9 fc9a | ffff 4d8b | 5740 4d8b | 5f50 f083 | 4424 c000 | 8039 000f | 8433 9bff | ff44 8821 
  0x000001fb87d778c8: 4d85 d275 | 1e49 8bd8 | 498b d7c5 | f877 49ba | e0f4 c875 | f97f 0000 | 41ff d24c | 8bc3 e90d 
  0x000001fb87d778e8: 9bff ff4b | 894c 13f8 | 4983 c2f8 | 4d89 5740 | e9fb 9aff | ff4d 8b57 | 404d 8b5f | 50f0 8344 
  0x000001fb87d77908: 24c0 0080 | 3900 0f84 | 249b ffff | 4488 214d | 85d2 751e | 498b d849 | 8bd7 c5f8 | 7749 bae0 
  0x000001fb87d77928: f4c8 75f9 | 7f00 0041 | ffd2 4c8b | c3e9 fe9a | ffff 4b89 | 4c13 f849 | 83c2 f84d | 8957 40e9 
  0x000001fb87d77948: ec9a ffff | 4d8b 5740 | 4d8b 5f50 | f083 4424 | c000 4180 | 3800 0f84 | ac9c ffff | 4588 204d 
  0x000001fb87d77968: 85d2 751b | 498b c849 | 8bd7 c5f8 | 7749 bae0 | f4c8 75f9 | 7f00 0041 | ffd2 e989 | 9cff ff4f 
  0x000001fb87d77988: 8944 13f8 | 4983 c2f8 | 4d89 5740 | e977 9cff | ff45 8954 | fc34 e9f5 | 91ff ff41 | 83fb 9c0f 
  0x000001fb87d779a8: 8e57 1300 | 0041 b902 | 0000 00e9 | 43ea ffff | 4183 f89c | 0f8e 5d13 | 0000 41b8 | 0200 0000 
  0x000001fb87d779c8: e972 ecff | ff41 83f8 | 9c0f 8e63 | 1300 0041 | b802 0000 | 0044 8944 | 2478 e97d | eeff ff41 
  0x000001fb87d779e8: 83fb 9c0f | 8e73 1300 | 0041 bb02 | 0000 0045 | 8bc3 4183 | c011 4489 | 4424 30e9 | e2c8 ffff 
  0x000001fb87d77a08: 4183 fb9c | 0f8e 6d13 | 0000 41ba | 0200 0000 | 4489 5424 | 7844 8b54 | 2478 4183 | c212 4489 
  0x000001fb87d77a28: 5424 30e9 | 37cb ffff | 4963 f94c | 69d7 1f85 | eb51 49c1 | fa25 458b | d245 8bda | 442b d944 
  0x000001fb87d77a48: 895c 2434 | 456b d364 | 458b da45 | 2bd9 458b | f341 83fb | 640f 83e2 | 6800 004d | 63ca 4c2b 
  0x000001fb87d77a68: ;   {oop([B{0x000000070ac06480})}
  0x000001fb87d77a68: cf49 ba80 | 64c0 0a07 | 0000 0047 | 0fbe 5c0a | 1041 8bfb | 443b 6c24 | 240f 83da | 6500 0040 
  0x000001fb87d77a88: 887c 1e0f 

  0x000001fb87d77a8c: ;   {oop([B{0x000000070ac064f8})}
  0x000001fb87d77a8c: 49ba f864 | c00a 0700 | 0000 470f | be5c 0a10 | 418b d348 | 8bcd 4883 | c113 498b | d848 83c3 
  0x000001fb87d77aac: fc44 8bd1 | 448b c841 | 83c1 fc48 | 8bfd 4883 | c714 448b | df48 3bdf | 450f 4fcb | 4d63 d94c 
  0x000001fb87d77acc: 3bd9 450f | 4fca 41bb | ffff ffff | 453b cb41 | baff ffff | ff45 0f4c | ca44 8b5c | 2430 4183 
  0x000001fb87d77aec: c3fe 453b | d90f 8eb2 | 1200 0044 | 8b4c 2434 | 4489 5c24 | 30e9 03f9 | ffff 4c63 | d94d 69d3 
  0x000001fb87d77b0c: 1f85 eb51 | 49c1 fa25 | 458b d244 | 2bd7 4489 | 5424 2045 | 6bd2 6445 | 8bc2 442b | c141 8bf8 
  0x000001fb87d77b2c: 4183 f864 | 0f83 1e68 | 0000 4d63 | c24d 2bc3 

  0x000001fb87d77b3c: ;   {oop([B{0x000000070ac06480})}
  0x000001fb87d77b3c: 49ba 8064 | c00a 0700 | 0000 470f | be54 0210 | 458b ea44 | 3b74 2430 | 0f83 7e65 | 0000 4c8b 
  0x000001fb87d77b5c: d645 886c 

  0x000001fb87d77b60: ;   {oop([B{0x000000070ac064f8})}
  0x000001fb87d77b60: 1a0f 49ba | f864 c00a | 0700 0000 | 470f be54 | 0210 458b | ea4c 8bc5 | 4983 c013 | 498b d948 
  0x000001fb87d77b80: 83c3 fc45 | 8bd8 448b | d041 83c2 | fc48 8bfd | 4883 c714 | 8bcf 483b | df44 0f4f | d149 63ca 
  0x000001fb87d77ba0: 493b c845 | 0f4f d341 | bbff ffff | ff45 3bd3 | 41b8 ffff | ffff 450f | 4cd0 448b | da41 83c3 
  0x000001fb87d77bc0: fe45 3bda | 0f8e 2c12 | 0000 8b4c | 2420 418b | d3e9 f4f8 | ffff 4963 | d24c 69da | 1f85 eb51 
  0x000001fb87d77be0: 49c1 fb25 | 418b f341 | 2bf1 6bc6 | 6444 8bc8 | 452b ca45 | 8bd9 4183 | f964 0f83 | 6167 0000 
  0x000001fb87d77c00: 4c63 d04c 

  0x000001fb87d77c04: ;   {oop([B{0x000000070ac06480})}
  0x000001fb87d77c04: 2bd2 49b9 | 8064 c00a | 0700 0000 | 430f be6c | 1110 3b4c | 244c 0f83 | d744 0000 | 4c8b 5c24 
  0x000001fb87d77c24: 5041 886c 

  0x000001fb87d77c28: ;   {oop([B{0x000000070ac064f8})}
  0x000001fb87d77c28: 3b0f 49bb | f864 c00a | 0700 0000 | 470f be5c | 1310 8b7c | 244c 83c7 | fc4c 8bcb | 4983 c1fc 
  0x000001fb87d77c48: 4c3b cb0f | 4f7c 244c | 4c8b cb49 | ffc9 4863 | cf45 8bd1 | 493b c941 | 0f4f fa41 | b9ff ffff 
  0x000001fb87d77c68: ff41 3bf9 | 41ba ffff | ffff 410f | 4cfa 418b | c883 c1fe | 3bcf 0f8e | b611 0000 | 448b d644 
  0x000001fb87d77c88: 8bc1 e964 | f2ff ff49 | 63f0 4c69 | de1f 85eb | 5149 c1fb | 2545 8bcb | 458b d945 | 2bda 418b 
  0x000001fb87d77ca8: c345 6bd3 | 6445 8bca | 452b c845 | 8be9 4183 | f964 0f83 | ac66 0000 | 4d63 c24c 

  0x000001fb87d77cc4: ;   {oop([B{0x000000070ac06480})}
  0x000001fb87d77cc4: 2bc6 49ba | 8064 c00a | 0700 0000 | 470f be5c | 0210 458b | d33b 4c24 | 4c0f 83a8 | 4400 004c 
  0x000001fb87d77ce4: 8b5c 2450 | 4588 5413 

  0x000001fb87d77cec: ;   {oop([B{0x000000070ac064f8})}
  0x000001fb87d77cec: 0f49 baf8 | 64c0 0a07 | 0000 0047 | 0fbe 5c02 | 1045 8beb | 448b 5424 | 4c41 83c2 | fc4c 8bdb 
  0x000001fb87d77d0c: 4983 c3fc | 4c3b db44 | 0f4f 5424 | 4c4c 8bdb | 49ff cb4d | 63ca 458b | c34d 3bcb | 450f 4fd0 
  0x000001fb87d77d2c: 41bb ffff | ffff 453b | d341 b8ff | ffff ff45 | 0f4c d044 | 8bdf 4183 | c3fe 453b | da0f 8e23 
  0x000001fb87d77d4c: 1100 0044 | 8bc0 418b | fbe9 4af2 | ffff 4863 | d34c 69da | 1f85 eb51 | 49c1 fb25 | 458b db45 
  0x000001fb87d77d6c: 2bda 458b | f345 6bd3 | 6445 8bda | 442b db41 | 8bf3 4183 | fb64 0f83 | ef65 0000 | 4963 da48 
  0x000001fb87d77d8c: ;   {oop([B{0x000000070ac06480})}
  0x000001fb87d77d8c: 2bda 49ba | 8064 c00a | 0700 0000 | 450f be54 | 1a10 418b | c244 3b4c | 244c 0f83 | 7344 0000 
  0x000001fb87d77dac: 4c8b 5424 | 5041 8844 

  0x000001fb87d77db4: ;   {oop([B{0x000000070ac064f8})}
  0x000001fb87d77db4: 3a0f 49ba | f864 c00a | 0700 0000 | 450f be54 | 1a10 458b | ea44 8b4c | 244c 4183 | c1fc 4d8b 
  0x000001fb87d77dd4: d049 83c2 | fc4d 3bd0 | 440f 4f4c | 244c 4d8b | d849 ffcb | 4963 d945 | 8bd3 493b | db45 0f4f 
  0x000001fb87d77df4: ca41 bbff | ffff ff45 | 3bcb 41ba | ffff ffff | 450f 4cca | 448b d141 | 83c2 fe45 | 3bd1 0f8e 
  0x000001fb87d77e14: 9010 0000 | 418b de41 | 8bca e92c | f2ff ff48 | 63f3 4c69 | de1f 85eb | 5149 c1fb | 2541 8bfb 
  0x000001fb87d77e34: 448b df45 | 2bda 458b | f345 6bd3 | 6445 8bda | 442b db45 | 8beb 4183 | fb64 0f83 | 2e65 0000 
  0x000001fb87d77e54: 4d63 d24c 

  0x000001fb87d77e58: ;   {oop([B{0x000000070ac06480})}
  0x000001fb87d77e58: 2bd6 49bb | 8064 c00a | 0700 0000 | 470f be5c | 1310 443b | 4c24 240f | 833e 4400 | 004c 8b4c 
  0x000001fb87d77e78: 2450 4588 

  0x000001fb87d77e7c: ;   {oop([B{0x000000070ac064f8})}
  0x000001fb87d77e7c: 5c11 0f49 | bbf8 64c0 | 0a07 0000 | 0047 0fbe | 5c13 1041 | 8bfb 448b | 5424 2441 | 83c2 fc4d 
  0x000001fb87d77e9c: 8bd8 4983 | c3fc 4d3b | d844 0f4f | 5424 244d | 8bd8 49ff | cb49 63da | 458b cb49 | 3bdb 450f 
  0x000001fb87d77ebc: 4fd1 41bb | ffff ffff | 453b d341 | b9ff ffff | ff45 0f4c | d144 8bd9 | 4183 c3fe | 453b da0f 
  0x000001fb87d77edc: 8e00 1000 | 0041 8bde | 418b cbe9 | 0df2 ffff | 4c63 c749 | 69c8 1f85 | eb51 48c1 | f925 8bf1 
  0x000001fb87d77efc: 8bce 2bca | 448b e96b | c964 8bd1 | 2bd7 8bc2 | 83fa 640f | 8378 6400 | 0048 63f9 

  0x000001fb87d77f18: ;   {oop([B{0x000000070ac06480})}
  0x000001fb87d77f18: 492b f849 | b880 64c0 | 0a07 0000 | 0045 0fbe | 4438 1041 | 8bc8 443b | 4c24 240f | 83fe 4400 
  0x000001fb87d77f38: 004c 8b44 | 2460 4388 

  0x000001fb87d77f40: ;   {oop([B{0x000000070ac064f8})}
  0x000001fb87d77f40: 4c18 0f49 | bbf8 64c0 | 0a07 0000 | 0045 0fbe | 443b 108b | 4c24 2483 | c1fc 4c8b | db49 83c3 
  0x000001fb87d77f60: fc4c 3bdb | 0f4f 4c24 | 244c 8bdb | 49ff cb48 | 63f9 458b | cb49 3bfb | 410f 4fc9 | 41bb ffff 
  0x000001fb87d77f80: ffff 413b | cb41 b9ff | ffff ff41 | 0f4c c945 | 8bda 4183 | c3fe 443b | d90f 8e7b | 0f00 0041 
  0x000001fb87d77fa0: 8bfd 458b | d3e9 14f2 | ffff 4d63 | c149 69f8 | 1f85 eb51 | 48c1 ff25 | 8bff 2bfb | 448b f76b 
  0x000001fb87d77fc0: df64 8bf3 | 412b f18b | c683 fe64 | 0f83 c663 | 0000 4863 | db49 2bd8 

  0x000001fb87d77fd8: ;   {oop([B{0x000000070ac06480})}
  0x000001fb87d77fd8: 49b8 8064 | c00a 0700 | 0000 450f | be4c 1810 | 458b c13b | 4c24 240f | 83d6 4400 | 004c 8b4c 
  0x000001fb87d77ff8: 2450 4788 

  0x000001fb87d77ffc: ;   {oop([B{0x000000070ac064f8})}
  0x000001fb87d77ffc: 4419 0f49 | bbf8 64c0 | 0a07 0000 | 0045 0fbe | 441b 1041 | 8bd8 448b | 4c24 2441 | 83c1 fc4c 
  0x000001fb87d7801c: 8bda 4983 | c3fc 4c3b | da44 0f4f | 4c24 244c | 8bc2 49ff | c849 63c9 | 458b d849 | 3bc8 450f 
  0x000001fb87d7803c: 4fcb 41b8 | ffff ffff | 453b c841 | bbff ffff | ff45 0f4c | cb45 8bda | 4183 c3fe | 453b d90f 
  0x000001fb87d7805c: 8ef1 0e00 | 0045 8bce | 458b d3e9 | f7f1 ffff | 81fd f0d8 | ffff 0f8e | 120f 0000 | 41b9 0400 
  0x000001fb87d7807c: 0000 e9fa | 97ff ff81 | fdf0 d8ff | ff0f 8e12 | 0f00 0041 | b802 0000 | 0041 83c0 | 02e9 219a 
  0x000001fb87d7809c: ffff 81fd | f0d8 ffff | 0f8e 120f | 0000 41ba | 0200 0000 | 4183 c202 | e912 9cff | ff81 fdf0 
  0x000001fb87d780bc: d8ff ff0f | 8e12 0f00 | 0041 ba02 | 0000 0041 | 83c2 02e9 | f39d ffff | 81fd f0d8 | ffff 0f8e 
  0x000001fb87d780dc: 120f 0000 | 41bb 0200 | 0000 4183 | c302 e96c | acff ff81 | fdf0 d8ff | ff0f 8e12 | 0f00 0041 
  0x000001fb87d780fc: bb02 0000 | 0045 8bd3 | 4183 c202 | 4489 5424 | 78e9 6aae | ffff 41ba | 3000 0000 | 452b d145 
  0x000001fb87d7811c: 8bc8 4183 | c1fe 458b | d944 3b4c | 2430 0f83 | 7362 0000 | 4c8b 4c24 | 4847 8854 | 010e e9c4 
  0x000001fb87d7813c: e3ff ff41 | b830 0000 | 0045 2bc2 | 448b de41 | 83c3 fe41 | 8bcb 443b | 5c24 300f | 8377 6200 
  0x000001fb87d7815c: 004c 8b54 | 2448 4588 | 4432 0ee9 | bbe5 ffff | b930 0000 | 0041 2bcb | 448b d741 | 83c2 fe45 
  0x000001fb87d7817c: 8bca 443b | 5424 300f | 837b 6200 | 004c 8b54 | 2448 4188 | 4c3a 0ee9 | bde7 ffff | 41b9 3000 
  0x000001fb87d7819c: 0000 452b | cb44 8bd0 | 4183 c2fe | 458b ea44 | 3b54 2430 | 0f83 7e62 | 0000 4d8b | d045 884c 
  0x000001fb87d781bc: 020e e952 | c2ff ff41 | bb30 0000 | 0045 2bd8 | 448b c641 | 83c0 fe41 | 8bc0 443b | 4424 300f 
  0x000001fb87d781dc: 8383 6200 | 004c 8b54 | 2458 4588 | 5c32 0ee9 | 8ac4 ffff | 4963 da4c | 69db 1f85 | eb51 49c1 
  0x000001fb87d781fc: fb25 458b | db45 8bc3 | 442b c744 | 8944 2424 | 456b d864 | 458b c345 | 2bc2 458b | f041 83f8 
  0x000001fb87d7821c: 640f 8371 | 6200 004d | 63c3 4c2b 

  0x000001fb87d78228: ;   {oop([B{0x000000070ac06480})}
  0x000001fb87d78228: c349 ba80 | 64c0 0a07 | 0000 0047 | 0fbe 5c02 | 10c4 c179 | 6ec3 458b | dd44 3b5c | 2430 0f83 
  0x000001fb87d78248: 3960 0000 | c4c1 797e | c244 8854 

  0x000001fb87d78254: ;   {oop([B{0x000000070ac064f8})}
  0x000001fb87d78254: 080f 49ba | f864 c00a | 0700 0000 | 470f be54 | 0210 418b | d248 8bcd | 4883 c113 | 498b d948 
  0x000001fb87d78274: 83c3 fc44 | 8bd1 448b | c641 83c0 | fc48 8bfd | 4883 c714 | 448b df48 | 3bdf 450f | 4fc3 4d63 
  0x000001fb87d78294: d84c 3bd9 | 450f 4fc2 | 41bb ffff | ffff 453b | c341 baff | ffff ff45 | 0f4c c28b | 4c24 2083 
  0x000001fb87d782b4: c1fe 413b | c80f 8e71 | 0d00 0044 | 8b54 2424 | 894c 2420 | e99d f3ff | ff4d 63d0 | 4d69 d21f 
  0x000001fb87d782d4: 85eb 5149 | c1fa 2541 | 8bda 2bde | 446b d364 | 442b 5424 | 2441 83fa | 640f 8381 | 6200 0049 
  0x000001fb87d782f4: ;   {oop([B{0x000000070ac06480})}
  0x000001fb87d782f4: 63ca 49b8 | 8064 c00a | 0700 0000 | 450f be4c | 0810 443b | 5c24 300f | 83ab 6200 | 004c 8b54 
  0x000001fb87d78314: 2448 4c8b | 5c24 6847 | 884c 1a0f 

  0x000001fb87d78320: ;   {oop([B{0x000000070ac064f8})}
  0x000001fb87d78320: 49ba f864 | c00a 0700 | 0000 450f | be54 0a10 | 458b ca44 | 8b54 2430 | 4183 c2fe | 458b c241 
  0x000001fb87d78340: bb0b 0000 | 0041 ba07 | 0000 0044 | 895c 2450 | 4489 5424 | 4444 3b44 | 2430 0f83 | 4361 0000 
  0x000001fb87d78360: 4d8b 9f50 | 0300 0049 | 63c8 488b | 7c24 4844 

  0x000001fb87d78370: ; ImmutableOopMap {rdi=Oop [40]=NarrowOop [44]=NarrowOop [56]=Oop [72]=Oop }
                      ;*goto {reexecute=1 rethrow=0 return_oop=0}
                      ; - (reexecute) java.lang.Integer::getChars@69 (line 516)
                      ; - java.lang.StringConcatHelper::prepend@12 (line 283)
                      ; - java.lang.StringConcatHelper::prepend@3 (line 301)
                      ; - java.lang.invoke.DirectMethodHandle$Holder::invokeStatic@17
                      ; - java.lang.invoke.LambdaForm$MH/0x000001fb97094400::invoke@28
                      ; - java.lang.invoke.LambdaForm$MH/0x000001fb97095400::invoke@51
                      ; - java.lang.invoke.Invokers$Holder::linkToTargetMethod@5
                      ; - io.github.universityTycoon.MainScreen::draw@843 (line 311)
  0x000001fb87d78370: 884c 0f10 

  0x000001fb87d78374: ;   {poll}
  0x000001fb87d78374: 4185 0345 | 8bd0 41ff | ca45 8bda | 8bf3 c1fe | 1f83 fb9c | 0f8e 2f10 | 0000 895c | 2424 e91b 
  0x000001fb87d78394: e1ff ff4d | 63db 4d69 | db1f 85eb | 5149 c1fb | 2541 8bdb | 412b da44 | 6bd3 6445 | 8bda 442b 
  0x000001fb87d783b4: 5c24 2445 | 8bc3 4183 | fb64 0f83 | 4062 0000 

  0x000001fb87d783c4: ;   {oop([B{0x000000070ac06480})}
  0x000001fb87d783c4: 4d63 cb49 | ba80 64c0 | 0a07 0000 | 0047 0fbe | 5c0a 1041 | 8bfb 448b | d944 3b5c | 2430 0f83 
  0x000001fb87d783e4: 6462 0000 | 4c8b 5424 | 4844 8bdf | 4c8b 4424 | 6847 885c 

  0x000001fb87d783f8: ;   {oop([B{0x000000070ac064f8})}
  0x000001fb87d783f8: 020f 49ba | f864 c00a | 0700 0000 | 470f be54 | 0a10 458b | c244 8b54 | 2430 458b | da41 83c3 
  0x000001fb87d78418: fe41 8bf3 | 3b74 2430 | 0f83 c260 | 0000 4d8b | 9750 0300 | 004c 63ce | 488b 4c24 | 4846 8844 
  0x000001fb87d78438: ; ImmutableOopMap {rcx=Oop [40]=NarrowOop [44]=NarrowOop [56]=Oop [72]=Oop }
                      ;*goto {reexecute=1 rethrow=0 return_oop=0}
                      ; - (reexecute) java.lang.Integer::getChars@69 (line 516)
                      ; - java.lang.StringConcatHelper::prepend@12 (line 283)
                      ; - java.lang.StringConcatHelper::prepend@3 (line 301)
                      ; - java.lang.invoke.DirectMethodHandle$Holder::invokeStatic@17
                      ; - java.lang.invoke.LambdaForm$MH/0x000001fb97094400::invoke@28
                      ; - java.lang.invoke.LambdaForm$MH/0x000001fb97095400::invoke@51
                      ; - java.lang.invoke.Invokers$Holder::linkToTargetMethod@5
                      ; - io.github.universityTycoon.MainScreen::draw@868 (line 312)
                      ;   {poll}
  0x000001fb87d78438: 0910 4185 | 0244 8bde | 41ff cb41 | 8bcb 448b | d341 c1fa | 1f83 fb9c | 0f8e 2910 | 0000 895c 
  0x000001fb87d78458: 2424 e97c | e2ff ff4d | 63d8 4d69 | db1f 85eb | 5149 c1fb | 2545 8bdb | 452b da45 | 6bd3 6445 
  0x000001fb87d78478: 2bd0 418b | ca41 83fa | 640f 8311 | 6200 0049 

  0x000001fb87d78488: ;   {oop([B{0x000000070ac06480})}
  0x000001fb87d78488: 63da 49ba | 8064 c00a | 0700 0000 | 450f be44 | 1a10 458b | d144 3b54 | 2430 0f83 | 3862 0000 
  0x000001fb87d784a8: 4c8b 5424 | 4845 8bc8 | 4c8b 4424 | 5847 884c 

  0x000001fb87d784b8: ;   {oop([B{0x000000070ac064f8})}
  0x000001fb87d784b8: 020f 49ba | f864 c00a | 0700 0000 | 450f be54 | 1a10 418b | ca44 8b44 | 2430 458b | d041 83c2 
  0x000001fb87d784d8: fe41 8bfa | 3b7c 2430 | 0f83 4a60 | 0000 4d8b | 8750 0300 | 0048 63df | 4c8b 4c24 | 4841 884c 
  0x000001fb87d784f8: ; ImmutableOopMap {r9=Oop [40]=NarrowOop [44]=NarrowOop [56]=Oop [72]=Oop }
                      ;*goto {reexecute=1 rethrow=0 return_oop=0}
                      ; - (reexecute) java.lang.Integer::getChars@69 (line 516)
                      ; - java.lang.StringConcatHelper::prepend@12 (line 283)
                      ; - java.lang.StringConcatHelper::prepend@3 (line 301)
                      ; - java.lang.invoke.DirectMethodHandle$Holder::invokeStatic@17
                      ; - java.lang.invoke.LambdaForm$MH/0x000001fb97094400::invoke@28
                      ; - java.lang.invoke.LambdaForm$MH/0x000001fb97095400::invoke@51
                      ; - java.lang.invoke.Invokers$Holder::linkToTargetMethod@5
                      ; - io.github.universityTycoon.MainScreen::draw@893 (line 313)
                      ;   {poll}
  0x000001fb87d784f8: 1910 4185 | 0044 8bd7 | 41ff ca45 | 8bca 458b | d341 c1fa | 1f41 83fb | 9c0f 8e31 | 1000 0044 
  0x000001fb87d78518: 895c 2424 | e9e1 e3ff | ff4d 63d8 | 4d69 db1f | 85eb 5149 | c1fb 2545 | 8bdb 452b | da45 6bc3 
  0x000001fb87d78538: 6445 8bd0 | 442b 5424 | 2441 8bf2 | 4183 fa64 | 0f83 5662 | 0000 4d63 

  0x000001fb87d78550: ;   {oop([B{0x000000070ac06480})}
  0x000001fb87d78550: ca49 ba80 | 64c0 0a07 | 0000 0047 | 0fbe 440a | 1045 8bd0 | 443b 6c24 | 300f 8371 | 6200 004c 
  0x000001fb87d78570: 8b44 2458 | 4588 5408 

  0x000001fb87d78578: ;   {oop([B{0x000000070ac064f8})}
  0x000001fb87d78578: 0f49 baf8 | 64c0 0a07 | 0000 0047 | 0fbe 540a | 1041 8bf2 | 448b d041 | 83c2 fe45 | 8bf2 41b9 
  0x000001fb87d78598: 0b00 0000 | 41ba 0700 | 0000 4489 | 4c24 6444 | 8954 2460 | 443b 7424 | 300f 8375 | 6100 004d 
  0x000001fb87d785b8: 8b8f 5003 | 0000 458b | d341 c1fa | 1f45 8bc6 | 41ff c845 | 8be8 4963 | de48 8b7c | 2458 4088 
  0x000001fb87d785d8: ; ImmutableOopMap {rdi=Oop [40]=NarrowOop [44]=NarrowOop [56]=Oop [88]=Oop }
                      ;*goto {reexecute=1 rethrow=0 return_oop=0}
                      ; - (reexecute) java.lang.Integer::getChars@69 (line 516)
                      ; - java.lang.StringConcatHelper::prepend@12 (line 283)
                      ; - java.lang.StringConcatHelper::prepend@3 (line 301)
                      ; - java.lang.invoke.DirectMethodHandle$Holder::invokeStatic@17
                      ; - java.lang.invoke.LambdaForm$MH/0x000001fb97094400::invoke@28
                      ; - java.lang.invoke.LambdaForm$MH/0x000001fb97095400::invoke@51
                      ; - java.lang.invoke.Invokers$Holder::linkToTargetMethod@5
                      ; - io.github.universityTycoon.MainScreen::draw@708 (line 304)
                      ;   {poll}
  0x000001fb87d785d8: 741f 1041 | 8501 4183 | fb9c 0f8e | 3010 0000 | 418b c644 | 895c 2424 | e9d3 bdff | ff4d 63db 
  0x000001fb87d785f8: 4d69 db1f | 85eb 5149 | c1fb 2545 | 8bdb 452b | da45 6bd3 | 6445 8bc2 | 442b 4424 | 2445 8bc8 
  0x000001fb87d78618: 4183 f864 | 0f83 fe61 | 0000 4d63 

  0x000001fb87d78624: ;   {oop([B{0x000000070ac06480})}
  0x000001fb87d78624: d049 b880 | 64c0 0a07 | 0000 0047 | 0fbe 4410 | 1045 8be8 | 3b44 2430 | 0f83 1a62 | 0000 4c8b 
  0x000001fb87d78644: 4c24 5845 | 8bc5 4588 

  0x000001fb87d7864c: ;   {oop([B{0x000000070ac064f8})}
  0x000001fb87d7864c: 4409 0f49 | b8f8 64c0 | 0a07 0000 | 0047 0fbe | 4410 1045 | 8bc8 448b | c641 83c0 | fe45 8bf0 
  0x000001fb87d7866c: 443b 7424 | 300f 83f1 | 6000 004d | 8b87 5003 | 0000 458b | d341 c1fa | 1f41 8bde | ffcb 8bc3 
  0x000001fb87d7868c: 4963 de48 | 8b7c 2458 | 4488 4c1f 

  0x000001fb87d78698: ; ImmutableOopMap {rdi=Oop [40]=NarrowOop [44]=NarrowOop [56]=Oop [88]=Oop }
                      ;*goto {reexecute=1 rethrow=0 return_oop=0}
                      ; - (reexecute) java.lang.Integer::getChars@69 (line 516)
                      ; - java.lang.StringConcatHelper::prepend@12 (line 283)
                      ; - java.lang.StringConcatHelper::prepend@3 (line 301)
                      ; - java.lang.invoke.DirectMethodHandle$Holder::invokeStatic@17
                      ; - java.lang.invoke.LambdaForm$MH/0x000001fb97094400::invoke@28
                      ; - java.lang.invoke.LambdaForm$MH/0x000001fb97095400::invoke@51
                      ; - java.lang.invoke.Invokers$Holder::linkToTargetMethod@5
                      ; - io.github.universityTycoon.MainScreen::draw@733 (line 305)
                      ;   {poll}
  0x000001fb87d78698: 1041 8500 | 4183 fb9c | 0f8e 4210 | 0000 418b | f644 895c | 2424 e978 | bfff ff45 | 8941 18e9 
  0x000001fb87d786b8: f486 ffff 

  0x000001fb87d786bc: ;   {oop([B{0x000000070ac1c220})}
  0x000001fb87d786bc: 41b8 4438 | 58e1 e910 

  0x000001fb87d786c4: ;   {oop([B{0x000000070ac1c220})}
  0x000001fb87d786c4: d6ff ff41 | b944 3858 | e1e9 2cdb 

  0x000001fb87d786d0: ;   {oop(""{0x000000070ac1c208})}
  0x000001fb87d786d0: ffff 48bb | 08c2 c10a | 0700 0000 

  0x000001fb87d786dc: ;   {oop([B{0x000000070ac1c220})}
  0x000001fb87d786dc: 49b9 20c2 | c10a 0700 | 0000 e93d 

  0x000001fb87d786e8: ;   {oop([B{0x000000070ac1c220})}
  0x000001fb87d786e8: 8fff ff41 | b844 3858 | e1e9 15b5 

  0x000001fb87d786f4: ;   {oop([B{0x000000070ac1c220})}
  0x000001fb87d786f4: ffff 41b8 | 4438 58e1 | e9d1 b9ff | ff44 8944 | 2428 4489 

  0x000001fb87d78708: ;   {metadata('java/lang/Object'[])}
  0x000001fb87d78708: 4c24 2048 | ba28 1500 | 96fb 0100 | 0041 b801 | 0000 0090 

  0x000001fb87d7871c: ;   {runtime_call _new_array_Java}
  0x000001fb87d7871c: c5f8 77e8 

  0x000001fb87d78720: ; ImmutableOopMap {rbp=Oop [32]=NarrowOop [40]=NarrowOop [48]=Oop }
                      ;*anewarray {reexecute=0 rethrow=0 return_oop=1}
                      ; - io.github.universityTycoon.MainScreen::draw@170 (line 263)
  0x000001fb87d78720: dc6c 7dff | 488b fd44 | 8b4c 2420 | 448b 4424 | 2848 8bf0 | e97f 8aff | ffc5 fa11 | 4c24 2c48 
  0x000001fb87d78740: 8974 2438 | 4489 4424 | 2844 894c | 2420 488b 

  0x000001fb87d78750: ;   {metadata('java/lang/Float')}
  0x000001fb87d78750: ef48 ba10 | 1a04 96fb | 0100 0090 

  0x000001fb87d7875c: ;   {runtime_call _new_instance_Java}
  0x000001fb87d7875c: c5f8 77e8 

  0x000001fb87d78760: ; ImmutableOopMap {rbp=Oop [32]=NarrowOop [40]=NarrowOop [48]=Oop [56]=Oop }
                      ;*new {reexecute=0 rethrow=0 return_oop=1}
                      ; - java.lang.Float::valueOf@0 (line 458)
                      ; - io.github.universityTycoon.MainScreen::draw@182 (line 263)
  0x000001fb87d78760: 9c69 7dff | 488b fd44 | 8b4c 2420 | 448b 4424 | 2848 8b74 | 2438 c5fa | 104c 242c | 488b d0e9 
  0x000001fb87d78780: 778a ffff | 4889 7424 | 4044 8944 | 2438 4489 | 4c24 2048 | 897c 2428 

  0x000001fb87d78798: ;   {metadata('java/util/Formatter')}
  0x000001fb87d78798: 48ba 1033 | 1196 fb01 | 0000 6690 

  0x000001fb87d787a4: ;   {runtime_call _new_instance_Java}
  0x000001fb87d787a4: c5f8 77e8 

  0x000001fb87d787a8: ; ImmutableOopMap {rbp=Oop [32]=NarrowOop [40]=Oop [48]=Oop [56]=NarrowOop [64]=Oop }
                      ;*new {reexecute=0 rethrow=0 return_oop=1}
                      ; - java.lang.String::format@0 (line 4147)
                      ; - io.github.universityTycoon.MainScreen::draw@186 (line 263)
  0x000001fb87d787a8: 5469 7dff | 488b 7c24 | 2844 8b4c | 2420 448b | 4424 3848 | 8b74 2440 | 4c8b d8e9 | cf8a ffff 
  0x000001fb87d787c8: 894c 243c | 4c89 5c24 | 4848 8974 | 2440 4489 | 4424 3844 | 894c 2420 | 4889 7c24 

  0x000001fb87d787e4: ;   {metadata('java/lang/StringBuilder')}
  0x000001fb87d787e4: 2848 ba70 | f400 96fb | 0100 0090 

  0x000001fb87d787f0: ;   {runtime_call _new_instance_Java}
  0x000001fb87d787f0: c5f8 77e8 

  0x000001fb87d787f4: ; ImmutableOopMap {rbp=Oop [32]=NarrowOop [40]=Oop [48]=Oop [56]=NarrowOop [60]=NarrowOop [64]=Oop [72]=Oop }
                      ;*new {reexecute=0 rethrow=0 return_oop=1}
                      ; - java.util.Formatter::<init>@7 (line 1989)
                      ; - java.lang.String::format@4 (line 4147)
                      ; - io.github.universityTycoon.MainScreen::draw@186 (line 263)
  0x000001fb87d787f4: 0869 7dff | 488b 7c24 | 2844 8b4c | 2420 448b | 4424 3848 | 8b74 2440 | 4c8b 5c24 | 488b 4c24 
  0x000001fb87d78814: 3c48 8bd8 | e9cc 8aff | ff48 895c | 2450 894c | 2420 4c89 | 5c24 4848 | 8974 2440 | 4489 4424 
  0x000001fb87d78834: 3c44 894c | 2438 4889 | 7c24 2841 | b810 0000 

  0x000001fb87d78844: ;   {metadata({type array byte})}
  0x000001fb87d78844: 0048 ba38 | 6700 96fb | 0100 0090 

  0x000001fb87d78850: ;   {runtime_call _new_array_Java}
  0x000001fb87d78850: c5f8 77e8 

  0x000001fb87d78854: ; ImmutableOopMap {rbp=Oop [32]=NarrowOop [40]=Oop [48]=Oop [56]=NarrowOop [60]=NarrowOop [64]=Oop [72]=Oop [80]=Oop }
                      ;*newarray {reexecute=0 rethrow=0 return_oop=1}
                      ; - java.lang.AbstractStringBuilder::<init>@12 (line 88)
                      ; - java.lang.StringBuilder::<init>@3 (line 106)
                      ; - java.util.Formatter::<init>@11 (line 1989)
                      ; - java.lang.String::format@4 (line 4147)
                      ; - io.github.universityTycoon.MainScreen::draw@186 (line 263)
  0x000001fb87d78854: a86b 7dff | e905 8bff | ff44 8954 | 2450 4489 | 5c24 204c | 894c 2448 | 4889 5c24 

  0x000001fb87d78870: ;   {metadata({type array byte})}
  0x000001fb87d78870: 4048 ba38 | 6700 96fb | 0100 0049 | 8be8 458b | c266 6690 

  0x000001fb87d78884: ;   {runtime_call _new_array_Java}
  0x000001fb87d78884: c5f8 77e8 

  0x000001fb87d78888: ; ImmutableOopMap {[40]=Oop [48]=Oop [56]=NarrowOop [60]=NarrowOop [64]=Oop [72]=Oop }
                      ;*invokevirtual allocateUninitializedArray0 {reexecute=0 rethrow=0 return_oop=1}
                      ; - jdk.internal.misc.Unsafe::allocateUninitializedArray@51 (line 1375)
                      ; - java.lang.StringConcatHelper::newArray@19 (line 494)
                      ; - java.lang.StringConcatHelper::simpleConcat@61 (line 421)
                      ; - java.lang.invoke.DirectMethodHandle$Holder::invokeStatic@11
                      ; - java.lang.invoke.LambdaForm$MH/0x000001fb9700d000::invoke@21
                      ; - java.lang.invoke.Invokers$Holder::linkToTargetMethod@5
                      ; - io.github.universityTycoon.MainScreen::draw@189 (line 263)
  0x000001fb87d78888: 746b 7dff | 488b 5c24 | 404c 8b4c | 2448 448b | 5c24 2044 | 8b54 2450 | 488b f8e9 | 3c8e ffff 
  0x000001fb87d788a8: ;   {metadata('java/lang/String')}
  0x000001fb87d788a8: 48ba 70e9 | 0096 fb01 | 0000 6690 

  0x000001fb87d788b4: ;   {runtime_call _new_instance_Java}
  0x000001fb87d788b4: c5f8 77e8 

  0x000001fb87d788b8: ; ImmutableOopMap {rbp=Oop [40]=Oop [48]=Oop [56]=NarrowOop [60]=NarrowOop }
                      ;*new {reexecute=0 rethrow=0 return_oop=1}
                      ; - java.lang.StringConcatHelper::newString@6 (line 387)
                      ; - java.lang.StringConcatHelper::simpleConcat@90 (line 426)
                      ; - java.lang.invoke.DirectMethodHandle$Holder::invokeStatic@11
                      ; - java.lang.invoke.LambdaForm$MH/0x000001fb9700d000::invoke@21
                      ; - java.lang.invoke.Invokers$Holder::linkToTargetMethod@5
                      ; - io.github.universityTycoon.MainScreen::draw@189 (line 263)
  0x000001fb87d788b8: 4468 7dff | 4c8b c8e9 | e58e ffff | 4889 5c24 

  0x000001fb87d788c8: ;   {metadata({type array byte})}
  0x000001fb87d788c8: 5048 ba38 | 6700 96fb | 0100 0044 | 8954 2420 | 4c89 4424 | 2844 8b44 | 244c 6690 

  0x000001fb87d788e4: ;   {runtime_call _new_array_Java}
  0x000001fb87d788e4: c5f8 77e8 

  0x000001fb87d788e8: ; ImmutableOopMap {[48]=Oop [60]=NarrowOop [64]=Oop [72]=NarrowOop }
                      ;*invokevirtual allocateUninitializedArray0 {reexecute=0 rethrow=0 return_oop=1}
                      ; - jdk.internal.misc.Unsafe::allocateUninitializedArray@51 (line 1375)
                      ; - java.lang.StringConcatHelper::newArray@19 (line 494)
                      ; - java.lang.invoke.DirectMethodHandle$Holder::invokeStatic@10
                      ; - java.lang.invoke.LambdaForm$MH/0x000001fb97095400::invoke@31
                      ; - java.lang.invoke.Invokers$Holder::linkToTargetMethod@5
                      ; - io.github.universityTycoon.MainScreen::draw@239 (line 268)
  0x000001fb87d788e8: 146b 7dff | 488b c848 | 8b5c 2450 | e904 90ff 

  0x000001fb87d788f8: ;   {metadata('java/lang/String')}
  0x000001fb87d788f8: ff48 ba70 | e900 96fb | 0100 0048 | 8b6c 2440 

  0x000001fb87d78908: ;   {runtime_call _new_instance_Java}
  0x000001fb87d78908: c5f8 77e8 

  0x000001fb87d7890c: ; ImmutableOopMap {rbp=Oop [48]=Oop [60]=NarrowOop [64]=Oop [72]=NarrowOop [80]=Oop }
                      ;*new {reexecute=0 rethrow=0 return_oop=1}
                      ; - java.lang.StringConcatHelper::newString@6 (line 387)
                      ; - java.lang.invoke.DirectMethodHandle$Holder::invokeStatic@13
                      ; - java.lang.invoke.LambdaForm$MH/0x000001fb97095400::invoke@71
                      ; - java.lang.invoke.Invokers$Holder::linkToTargetMethod@5
                      ; - io.github.universityTycoon.MainScreen::draw@239 (line 268)
  0x000001fb87d7890c: f067 7dff | 4c8b c8e9 | 0f91 ffff | 4889 5c24 

  0x000001fb87d7891c: ;   {metadata({type array byte})}
  0x000001fb87d7891c: 5048 ba38 | 6700 96fb | 0100 0044 | 8954 2420 | 4c89 4424 | 2844 8b44 | 244c 6690 

  0x000001fb87d78938: ;   {runtime_call _new_array_Java}
  0x000001fb87d78938: c5f8 77e8 

  0x000001fb87d7893c: ; ImmutableOopMap {[48]=Oop [56]=NarrowOop [64]=Oop [72]=NarrowOop }
                      ;*invokevirtual allocateUninitializedArray0 {reexecute=0 rethrow=0 return_oop=1}
                      ; - jdk.internal.misc.Unsafe::allocateUninitializedArray@51 (line 1375)
                      ; - java.lang.StringConcatHelper::newArray@19 (line 494)
                      ; - java.lang.invoke.DirectMethodHandle$Holder::invokeStatic@10
                      ; - java.lang.invoke.LambdaForm$MH/0x000001fb97095400::invoke@31
                      ; - java.lang.invoke.Invokers$Holder::linkToTargetMethod@5
                      ; - io.github.universityTycoon.MainScreen::draw@268 (line 269)
  0x000001fb87d7893c: c06a 7dff | 4c8b c848 | 8b5c 2450 | e9dd 91ff 

  0x000001fb87d7894c: ;   {metadata('java/lang/String')}
  0x000001fb87d7894c: ff48 ba70 | e900 96fb | 0100 0048 | 8b6c 2440 

  0x000001fb87d7895c: ;   {runtime_call _new_instance_Java}
  0x000001fb87d7895c: c5f8 77e8 

  0x000001fb87d78960: ; ImmutableOopMap {rbp=Oop [48]=Oop [56]=NarrowOop [64]=Oop [72]=NarrowOop [80]=Oop }
                      ;*new {reexecute=0 rethrow=0 return_oop=1}
                      ; - java.lang.StringConcatHelper::newString@6 (line 387)
                      ; - java.lang.invoke.DirectMethodHandle$Holder::invokeStatic@13
                      ; - java.lang.invoke.LambdaForm$MH/0x000001fb97095400::invoke@71
                      ; - java.lang.invoke.Invokers$Holder::linkToTargetMethod@5
                      ; - io.github.universityTycoon.MainScreen::draw@268 (line 269)
  0x000001fb87d78960: 9c67 7dff | 4c8b c8e9 | d392 ffff | 4c89 4424 

  0x000001fb87d78970: ;   {metadata({type array byte})}
  0x000001fb87d78970: 5048 ba38 | 6700 96fb | 0100 0044 | 895c 2420 | 4c89 5424 | 2844 8b44 | 244c 6690 

  0x000001fb87d7898c: ;   {runtime_call _new_array_Java}
  0x000001fb87d7898c: c5f8 77e8 

  0x000001fb87d78990: ; ImmutableOopMap {[48]=Oop [56]=NarrowOop [64]=Oop [72]=NarrowOop }
                      ;*invokevirtual allocateUninitializedArray0 {reexecute=0 rethrow=0 return_oop=1}
                      ; - jdk.internal.misc.Unsafe::allocateUninitializedArray@51 (line 1375)
                      ; - java.lang.StringConcatHelper::newArray@19 (line 494)
                      ; - java.lang.invoke.DirectMethodHandle$Holder::invokeStatic@10
                      ; - java.lang.invoke.LambdaForm$MH/0x000001fb97095400::invoke@31
                      ; - java.lang.invoke.Invokers$Holder::linkToTargetMethod@5
                      ; - io.github.universityTycoon.MainScreen::draw@297 (line 270)
  0x000001fb87d78990: 6c6a 7dff | 4c8b c84c | 8b44 2450 | e994 93ff 

  0x000001fb87d789a0: ;   {metadata('java/lang/String')}
  0x000001fb87d789a0: ff48 ba70 | e900 96fb | 0100 0048 | 8b6c 2440 

  0x000001fb87d789b0: ;   {runtime_call _new_instance_Java}
  0x000001fb87d789b0: c5f8 77e8 

  0x000001fb87d789b4: ; ImmutableOopMap {rbp=Oop [48]=Oop [56]=NarrowOop [64]=Oop [72]=NarrowOop [80]=Oop }
                      ;*new {reexecute=0 rethrow=0 return_oop=1}
                      ; - java.lang.StringConcatHelper::newString@6 (line 387)
                      ; - java.lang.invoke.DirectMethodHandle$Holder::invokeStatic@13
                      ; - java.lang.invoke.LambdaForm$MH/0x000001fb97095400::invoke@71
                      ; - java.lang.invoke.Invokers$Holder::linkToTargetMethod@5
                      ; - io.github.universityTycoon.MainScreen::draw@297 (line 270)
  0x000001fb87d789b4: 4867 7dff | 4c8b c8e9 | 7e94 ffff | 4c89 4424 

  0x000001fb87d789c4: ;   {metadata({type array byte})}
  0x000001fb87d789c4: 5048 ba38 | 6700 96fb | 0100 0044 | 895c 2420 | 4c89 5424 | 2844 8b44 | 2424 6690 

  0x000001fb87d789e0: ;   {runtime_call _new_array_Java}
  0x000001fb87d789e0: c5f8 77e8 

  0x000001fb87d789e4: ; ImmutableOopMap {[48]=Oop [56]=NarrowOop [64]=Oop [72]=NarrowOop }
                      ;*invokevirtual allocateUninitializedArray0 {reexecute=0 rethrow=0 return_oop=1}
                      ; - jdk.internal.misc.Unsafe::allocateUninitializedArray@51 (line 1375)
                      ; - java.lang.StringConcatHelper::newArray@19 (line 494)
                      ; - java.lang.invoke.DirectMethodHandle$Holder::invokeStatic@10
                      ; - java.lang.invoke.LambdaForm$MH/0x000001fb97095400::invoke@31
                      ; - java.lang.invoke.Invokers$Holder::linkToTargetMethod@5
                      ; - io.github.universityTycoon.MainScreen::draw@326 (line 271)
  0x000001fb87d789e4: 186a 7dff | 4c8b c84c | 8b44 2450 | e93d 95ff 

  0x000001fb87d789f4: ;   {metadata('java/lang/String')}
  0x000001fb87d789f4: ff48 ba70 | e900 96fb | 0100 0048 | 8b6c 2440 

  0x000001fb87d78a04: ;   {runtime_call _new_instance_Java}
  0x000001fb87d78a04: c5f8 77e8 

  0x000001fb87d78a08: ; ImmutableOopMap {rbp=Oop [48]=Oop [56]=NarrowOop [64]=Oop [72]=NarrowOop [80]=Oop }
                      ;*new {reexecute=0 rethrow=0 return_oop=1}
                      ; - java.lang.StringConcatHelper::newString@6 (line 387)
                      ; - java.lang.invoke.DirectMethodHandle$Holder::invokeStatic@13
                      ; - java.lang.invoke.LambdaForm$MH/0x000001fb97095400::invoke@71
                      ; - java.lang.invoke.Invokers$Holder::linkToTargetMethod@5
                      ; - io.github.universityTycoon.MainScreen::draw@326 (line 271)
  0x000001fb87d78a08: f466 7dff | 4c8b c8e9 | 2796 ffff 

  0x000001fb87d78a14: ;   {metadata('java/lang/String')}
  0x000001fb87d78a14: 418b ea48 | ba70 e900 | 96fb 0100 | 0066 6690 

  0x000001fb87d78a24: ;   {runtime_call _new_instance_Java}
  0x000001fb87d78a24: c5f8 77e8 

  0x000001fb87d78a28: ; ImmutableOopMap {[40]=Oop [48]=Oop [56]=NarrowOop [60]=NarrowOop [72]=NarrowOop }
                      ;*new {reexecute=0 rethrow=0 return_oop=1}
                      ; - java.lang.StringLatin1::newString@7 (line 769)
                      ; - java.lang.StringBuilder::toString@16 (line 453)
                      ; - java.util.Formatter::toString@8 (line 2525)
                      ; - java.lang.String::format@12 (line 4147)
                      ; - io.github.universityTycoon.MainScreen::draw@186 (line 263)
  0x000001fb87d78a28: d466 7dff | 448b d548 | 8bd8 e9a7 | 8aff ff8b | 4c24 4889 | 4c24 5c4c | 8944 2450 | 4c89 5c24 
  0x000001fb87d78a48: 4848 895c | 2440 4489 

  0x000001fb87d78a50: ;   {metadata({type array byte})}
  0x000001fb87d78a50: 5424 2048 | ba38 6700 | 96fb 0100 | 0045 8bc2 

  0x000001fb87d78a60: ;   {runtime_call _new_array_nozero_Java}
  0x000001fb87d78a60: c5f8 77e8 

  0x000001fb87d78a64: ; ImmutableOopMap {[40]=Oop [48]=Oop [56]=NarrowOop [60]=NarrowOop [64]=Oop [92]=NarrowOop }
                      ;*newarray {reexecute=0 rethrow=0 return_oop=1}
                      ; - java.util.Arrays::copyOfRange@41 (line 3822)
                      ; - java.lang.StringLatin1::newString@16 (line 769)
                      ; - java.lang.StringBuilder::toString@16 (line 453)
                      ; - java.util.Formatter::toString@8 (line 2525)
                      ; - java.lang.String::format@12 (line 4147)
                      ; - io.github.universityTycoon.MainScreen::draw@186 (line 263)
  0x000001fb87d78a64: 986c 7dff | 448b 5424 | 2048 8b5c | 2440 4c8b | 5c24 484c | 8b44 2450 | 4c8b e844 | 8b4c 245c 
  0x000001fb87d78a84: 4489 4c24 | 48e9 f48a | ffff 4489 | 5424 5044 | 894c 244c | 4b8d 2cc4 | 4489 4424 

  0x000001fb87d78aa0: ;   {metadata({type array byte})}
  0x000001fb87d78aa0: 4848 ba38 | 6700 96fb | 0100 0048 | 895c 2420 | 448b 4424 | 4466 6690 

  0x000001fb87d78ab8: ;   {runtime_call _new_array_Java}
  0x000001fb87d78ab8: c5f8 77e8 

  0x000001fb87d78abc: ; ImmutableOopMap {rbp=Oop [40]=NarrowOop [44]=NarrowOop [48]=Oop [56]=Oop [72]=NarrowOop [76]=NarrowOop }
                      ;*invokevirtual allocateUninitializedArray0 {reexecute=0 rethrow=0 return_oop=1}
                      ; - jdk.internal.misc.Unsafe::allocateUninitializedArray@51 (line 1375)
                      ; - java.lang.StringConcatHelper::newArray@19 (line 494)
                      ; - java.lang.StringConcatHelper::simpleConcat@61 (line 421)
                      ; - java.lang.invoke.DirectMethodHandle$Holder::invokeStatic@11
                      ; - java.lang.invoke.LambdaForm$MH/0x000001fb9700d000::invoke@21
                      ; - java.lang.invoke.Invokers$Holder::linkToTargetMethod@5
                      ; - io.github.universityTycoon.MainScreen::draw@373 (line 285)
  0x000001fb87d78abc: 4069 7dff | 488b f844 | 8b44 2448 | 448b 4c24 | 4c44 8b54 | 2450 e990 

  0x000001fb87d78ad4: ;   {metadata('java/lang/String')}
  0x000001fb87d78ad4: 97ff ff48 | ba70 e900 | 96fb 0100 | 0048 8b6c | 2438 6690 

  0x000001fb87d78ae8: ;   {runtime_call _new_instance_Java}
  0x000001fb87d78ae8: c5f8 77e8 

  0x000001fb87d78aec: ; ImmutableOopMap {rbp=Oop [40]=NarrowOop [44]=NarrowOop [48]=Oop [56]=Oop [72]=Oop }
                      ;*new {reexecute=0 rethrow=0 return_oop=1}
                      ; - java.lang.StringConcatHelper::newString@6 (line 387)
                      ; - java.lang.StringConcatHelper::simpleConcat@90 (line 426)
                      ; - java.lang.invoke.DirectMethodHandle$Holder::invokeStatic@11
                      ; - java.lang.invoke.LambdaForm$MH/0x000001fb9700d000::invoke@21
                      ; - java.lang.invoke.Invokers$Holder::linkToTargetMethod@5
                      ; - io.github.universityTycoon.MainScreen::draw@373 (line 285)
  0x000001fb87d78aec: 1066 7dff | 4c8b c8e9 | 3798 ffff | 4589 4118 | e98d 81ff | ff44 895c | 2470 4489 

  0x000001fb87d78b08: ;   {metadata({type array byte})}
  0x000001fb87d78b08: 5424 6c48 | ba38 6700 | 96fb 0100 | 0048 895c | 2420 448b | 4424 6890 

  0x000001fb87d78b20: ;   {runtime_call _new_array_Java}
  0x000001fb87d78b20: c5f8 77e8 

  0x000001fb87d78b24: ; ImmutableOopMap {rbp=Oop [40]=NarrowOop [44]=NarrowOop [48]=Oop [56]=Oop [72]=Oop [108]=NarrowOop }
                      ;*invokevirtual allocateUninitializedArray0 {reexecute=0 rethrow=0 return_oop=1}
                      ; - jdk.internal.misc.Unsafe::allocateUninitializedArray@51 (line 1375)
                      ; - java.lang.StringConcatHelper::newArray@19 (line 494)
                      ; - java.lang.invoke.DirectMethodHandle$Holder::invokeStatic@10
                      ; - java.lang.invoke.LambdaForm$MH/0x000001fb97097000::invoke@49
                      ; - java.lang.invoke.LambdaForm$MH/0x000001fb97097400::linkToTargetMethod@5
                      ; - io.github.universityTycoon.MainScreen::draw@438 (line 289)
  0x000001fb87d78b24: d868 7dff | 488b c844 | 8b54 246c | 448b 5c24 | 70e9 5c9c 

  0x000001fb87d78b38: ;   {metadata('java/lang/String')}
  0x000001fb87d78b38: ffff 48ba | 70e9 0096 | fb01 0000 | 488b 6c24 | 3866 6690 

  0x000001fb87d78b4c: ;   {runtime_call _new_instance_Java}
  0x000001fb87d78b4c: c5f8 77e8 

  0x000001fb87d78b50: ; ImmutableOopMap {rbp=Oop [40]=NarrowOop [44]=NarrowOop [48]=Oop [56]=Oop [72]=Oop [112]=Oop }
                      ;*new {reexecute=0 rethrow=0 return_oop=1}
                      ; - java.lang.StringConcatHelper::newString@6 (line 387)
                      ; - java.lang.invoke.DirectMethodHandle$Holder::invokeStatic@13
                      ; - java.lang.invoke.LambdaForm$MH/0x000001fb97097000::invoke@90
                      ; - java.lang.invoke.LambdaForm$MH/0x000001fb97097400::linkToTargetMethod@5
                      ; - io.github.universityTycoon.MainScreen::draw@438 (line 289)
  0x000001fb87d78b50: ac65 7dff | 4c8b c8e9 | f29c ffff | 4489 5424 | 4c44 894c 

  0x000001fb87d78b64: ;   {metadata({type array byte})}
  0x000001fb87d78b64: 2448 48ba | 3867 0096 | fb01 0000 | 4889 4c24 | 2044 8b44 | 2444 6690 

  0x000001fb87d78b7c: ;   {runtime_call _new_array_Java}
  0x000001fb87d78b7c: c5f8 77e8 

  0x000001fb87d78b80: ; ImmutableOopMap {rbp=Oop [40]=NarrowOop [44]=NarrowOop [56]=Oop [72]=NarrowOop }
                      ;*invokevirtual allocateUninitializedArray0 {reexecute=0 rethrow=0 return_oop=1}
                      ; - jdk.internal.misc.Unsafe::allocateUninitializedArray@51 (line 1375)
                      ; - java.lang.StringConcatHelper::newArray@19 (line 494)
                      ; - java.lang.invoke.DirectMethodHandle$Holder::invokeStatic@10
                      ; - java.lang.invoke.LambdaForm$MH/0x000001fb97097000::invoke@49
                      ; - java.lang.invoke.LambdaForm$MH/0x000001fb97097400::linkToTargetMethod@5
                      ; - io.github.universityTycoon.MainScreen::draw@463 (line 290)
  0x000001fb87d78b80: 7c68 7dff | 488b d844 | 8b54 244c | e989 a0ff 

  0x000001fb87d78b90: ;   {metadata('java/lang/String')}
  0x000001fb87d78b90: ff48 ba70 | e900 96fb | 0100 0048 | 8b6c 2438 

  0x000001fb87d78ba0: ;   {runtime_call _new_instance_Java}
  0x000001fb87d78ba0: c5f8 77e8 

  0x000001fb87d78ba4: ; ImmutableOopMap {rbp=Oop [40]=NarrowOop [44]=NarrowOop [56]=Oop [96]=Oop }
                      ;*new {reexecute=0 rethrow=0 return_oop=1}
                      ; - java.lang.StringConcatHelper::newString@6 (line 387)
                      ; - java.lang.invoke.DirectMethodHandle$Holder::invokeStatic@13
                      ; - java.lang.invoke.LambdaForm$MH/0x000001fb97097000::invoke@90
                      ; - java.lang.invoke.LambdaForm$MH/0x000001fb97097400::linkToTargetMethod@5
                      ; - io.github.universityTycoon.MainScreen::draw@463 (line 290)
  0x000001fb87d78ba4: 5865 7dff | 4c8b c8e9 | 23a1 ffff | 4889 5c24 

  0x000001fb87d78bb4: ;   {metadata({type array byte})}
  0x000001fb87d78bb4: 4848 ba38 | 6700 96fb | 0100 0089 | 4424 204c | 8944 2428 | 448b 4424 | 2466 6690 

  0x000001fb87d78bd0: ;   {runtime_call _new_array_Java}
  0x000001fb87d78bd0: c5f8 77e8 

  0x000001fb87d78bd4: ; ImmutableOopMap {[48]=NarrowOop [52]=NarrowOop [56]=Oop }
                      ;*invokevirtual allocateUninitializedArray0 {reexecute=0 rethrow=0 return_oop=1}
                      ; - jdk.internal.misc.Unsafe::allocateUninitializedArray@51 (line 1375)
                      ; - java.lang.StringConcatHelper::newArray@19 (line 494)
                      ; - java.lang.invoke.DirectMethodHandle$Holder::invokeStatic@10
                      ; - java.lang.invoke.LambdaForm$MH/0x000001fb97095400::invoke@31
                      ; - java.lang.invoke.Invokers$Holder::linkToTargetMethod@5
                      ; - io.github.universityTycoon.MainScreen::draw@488 (line 291)
  0x000001fb87d78bd4: 2868 7dff | 4c8b c848 | 8b5c 2448 | e9e4 a1ff 

  0x000001fb87d78be4: ;   {metadata('java/lang/String')}
  0x000001fb87d78be4: ff48 ba70 | e900 96fb | 0100 0048 | 8b6c 2438 

  0x000001fb87d78bf4: ;   {runtime_call _new_instance_Java}
  0x000001fb87d78bf4: c5f8 77e8 

  0x000001fb87d78bf8: ; ImmutableOopMap {rbp=Oop [48]=NarrowOop [52]=NarrowOop [56]=Oop [96]=Oop }
                      ;*new {reexecute=0 rethrow=0 return_oop=1}
                      ; - java.lang.StringConcatHelper::newString@6 (line 387)
                      ; - java.lang.invoke.DirectMethodHandle$Holder::invokeStatic@13
                      ; - java.lang.invoke.LambdaForm$MH/0x000001fb97095400::invoke@71
                      ; - java.lang.invoke.Invokers$Holder::linkToTargetMethod@5
                      ; - io.github.universityTycoon.MainScreen::draw@488 (line 291)
  0x000001fb87d78bf8: 0465 7dff | 4c8b c8e9 | eaa2 ffff | 4889 5424 

  0x000001fb87d78c08: ;   {metadata({type array byte})}
  0x000001fb87d78c08: 5048 ba38 | 6700 96fb | 0100 0089 | 4424 204c | 8954 2428 | 448b 4424 | 2466 6690 

  0x000001fb87d78c24: ;   {runtime_call _new_array_Java}
  0x000001fb87d78c24: c5f8 77e8 

  0x000001fb87d78c28: ; ImmutableOopMap {[48]=NarrowOop [52]=NarrowOop [56]=Oop }
                      ;*invokevirtual allocateUninitializedArray0 {reexecute=0 rethrow=0 return_oop=1}
                      ; - jdk.internal.misc.Unsafe::allocateUninitializedArray@51 (line 1375)
                      ; - java.lang.StringConcatHelper::newArray@19 (line 494)
                      ; - java.lang.invoke.DirectMethodHandle$Holder::invokeStatic@10
                      ; - java.lang.invoke.LambdaForm$MH/0x000001fb97095400::invoke@31
                      ; - java.lang.invoke.Invokers$Holder::linkToTargetMethod@5
                      ; - io.github.universityTycoon.MainScreen::draw@513 (line 292)
  0x000001fb87d78c28: d467 7dff | 4c8b c048 | 8b54 2450 | e9b3 a3ff 

  0x000001fb87d78c38: ;   {metadata('java/lang/String')}
  0x000001fb87d78c38: ff48 ba70 | e900 96fb | 0100 0048 | 8b6c 2438 

  0x000001fb87d78c48: ;   {runtime_call _new_instance_Java}
  0x000001fb87d78c48: c5f8 77e8 

  0x000001fb87d78c4c: ; ImmutableOopMap {rbp=Oop [48]=NarrowOop [52]=NarrowOop [56]=Oop [80]=Oop }
                      ;*new {reexecute=0 rethrow=0 return_oop=1}
                      ; - java.lang.StringConcatHelper::newString@6 (line 387)
                      ; - java.lang.invoke.DirectMethodHandle$Holder::invokeStatic@13
                      ; - java.lang.invoke.LambdaForm$MH/0x000001fb97095400::invoke@71
                      ; - java.lang.invoke.Invokers$Holder::linkToTargetMethod@5
                      ; - io.github.universityTycoon.MainScreen::draw@513 (line 292)
  0x000001fb87d78c4c: b064 7dff | 4c8b c8e9 | 97a4 ffff | 4889 5c24 | 504c 895c 

  0x000001fb87d78c60: ;   {metadata({type array byte})}
  0x000001fb87d78c60: 2448 48ba | 3867 0096 | fb01 0000 | 448b 4424 | 2066 6690 

  0x000001fb87d78c74: ;   {runtime_call _new_array_Java}
  0x000001fb87d78c74: c5f8 77e8 

  0x000001fb87d78c78: ; ImmutableOopMap {[40]=NarrowOop [44]=NarrowOop [56]=Oop }
                      ;*invokevirtual allocateUninitializedArray0 {reexecute=0 rethrow=0 return_oop=1}
                      ; - jdk.internal.misc.Unsafe::allocateUninitializedArray@51 (line 1375)
                      ; - java.lang.StringConcatHelper::newArray@19 (line 494)
                      ; - java.lang.StringConcatHelper::newArrayWithSuffix@7 (line 475)
                      ; - java.lang.invoke.DirectMethodHandle$Holder::invokeStatic@13
                      ; - java.lang.invoke.LambdaForm$MH/0x000001fb97098400::invoke@23
                      ; - java.lang.invoke.LambdaForm$MH/0x000001fb97099000::invoke@33
                      ; - java.lang.invoke.Invokers$Holder::linkToTargetMethod@5
                      ; - io.github.universityTycoon.MainScreen::draw@545 (line 294)
  0x000001fb87d78c78: 8467 7dff | 4c8b e84c | 8b5c 2448 | 488b 5c24 | 50e9 95a5 | ffff 488b 

  0x000001fb87d78c90: ;   {metadata('java/lang/String')}
  0x000001fb87d78c90: eb48 ba70 | e900 96fb | 0100 0090 

  0x000001fb87d78c9c: ;   {runtime_call _new_instance_Java}
  0x000001fb87d78c9c: c5f8 77e8 

  0x000001fb87d78ca0: ; ImmutableOopMap {rbp=Oop [40]=NarrowOop [44]=NarrowOop [56]=Oop }
                      ;*new {reexecute=0 rethrow=0 return_oop=1}
                      ; - java.lang.StringConcatHelper::newString@6 (line 387)
                      ; - java.lang.invoke.DirectMethodHandle$Holder::invokeStatic@13
                      ; - java.lang.invoke.LambdaForm$MH/0x000001fb97099000::invoke@74
                      ; - java.lang.invoke.Invokers$Holder::linkToTargetMethod@5
                      ; - io.github.universityTycoon.MainScreen::draw@545 (line 294)
  0x000001fb87d78ca0: 5c64 7dff | 4c8b c848 | 8bdd e9cf 

  0x000001fb87d78cac: ;   {oop([B{0x000000070ac1c220})}
  0x000001fb87d78cac: a6ff ff41 | b844 3858 | e1e9 08c2 

  0x000001fb87d78cb8: ;   {oop([B{0x000000070ac1c220})}
  0x000001fb87d78cb8: ffff 41b8 | 4438 58e1 | e91d c7ff 

  0x000001fb87d78cc4: ;   {metadata({type array byte})}
  0x000001fb87d78cc4: ff48 ba38 | 6700 96fb | 0100 0044 | 8bc0 6690 

  0x000001fb87d78cd4: ;   {runtime_call _new_array_nozero_Java}
  0x000001fb87d78cd4: c5f8 77e8 

  0x000001fb87d78cd8: ; ImmutableOopMap {rbp=Oop [40]=NarrowOop [44]=NarrowOop [48]=Oop [56]=Oop [72]=Oop [100]=NarrowOop }
                      ;*newarray {reexecute=0 rethrow=0 return_oop=1}
                      ; - java.lang.StringUTF16::compress@1 (line 161)
                      ; - java.lang.String::<init>@36 (line 4503)
                      ; - java.lang.String::<init>@10 (line 300)
                      ; - jdk.internal.math.FloatingDecimal$BinaryToASCIIBuffer::toJavaFormatString@19 (line 302)
                      ; - jdk.internal.math.FloatingDecimal::toJavaFormatString@4 (line 80)
                      ; - java.lang.Float::toString@1 (line 226)
                      ; - java.lang.String::valueOf@1 (line 4357)
                      ; - java.lang.invoke.LambdaForm$DMH/0x000001fb97095800::invokeStatic@10
                      ; - java.lang.invoke.LambdaForm$MH/0x000001fb97097000::invoke@15
                      ; - java.lang.invoke.LambdaForm$MH/0x000001fb97097400::linkToTargetMethod@5
                      ; - io.github.universityTycoon.MainScreen::draw@438 (line 289)
  0x000001fb87d78cd8: 246a 7dff | 4c8b c0e9 | 2099 ffff 

  0x000001fb87d78ce4: ;   {metadata({type array byte})}
  0x000001fb87d78ce4: 48ba 3867 | 0096 fb01 | 0000 448b | c066 6690 

  0x000001fb87d78cf4: ;   {runtime_call _new_array_nozero_Java}
  0x000001fb87d78cf4: c5f8 77e8 

  0x000001fb87d78cf8: ; ImmutableOopMap {rbp=Oop [40]=NarrowOop [44]=NarrowOop [52]=NarrowOop [56]=Oop }
                      ;*newarray {reexecute=0 rethrow=0 return_oop=1}
                      ; - java.lang.StringUTF16::compress@1 (line 161)
                      ; - java.lang.String::<init>@36 (line 4503)
                      ; - java.lang.String::<init>@10 (line 300)
                      ; - jdk.internal.math.FloatingDecimal$BinaryToASCIIBuffer::toJavaFormatString@19 (line 302)
                      ; - jdk.internal.math.FloatingDecimal::toJavaFormatString@4 (line 80)
                      ; - java.lang.Float::toString@1 (line 226)
                      ; - java.lang.String::valueOf@1 (line 4357)
                      ; - java.lang.invoke.LambdaForm$DMH/0x000001fb97095800::invokeStatic@10
                      ; - java.lang.invoke.LambdaForm$MH/0x000001fb97097000::invoke@15
                      ; - java.lang.invoke.LambdaForm$MH/0x000001fb97097400::linkToTargetMethod@5
                      ; - io.github.universityTycoon.MainScreen::draw@463 (line 290)
  0x000001fb87d78cf8: 046a 7dff | 4c8b d8e9 | 7e9d ffff | 4181 fb18 | fcff ff0f | 8ea3 0a00 | 0041 b902 | 0000 0041 
  0x000001fb87d78d18: ffc1 e9dc | d6ff ff41 | 81f8 18fc | ffff 0f8e | a40a 0000 | 41b8 0200 | 0000 41ff | c0e9 05d9 
  0x000001fb87d78d38: ffff 4181 | f818 fcff | ff0f 8ea5 | 0a00 0041 | ba02 0000 | 0044 8954 | 2478 448b | 4424 7841 
  0x000001fb87d78d58: ffc0 4489 | 4424 78e9 | 00db ffff | 4181 fb18 | fcff ff0f | 8e9f 0a00 | 0041 bb02 | 0000 0041 
  0x000001fb87d78d78: ffc3 e978 | ecff ff41 | 81fb 18fc | ffff 0f8e | a00a 0000 | 41bb 0200 | 0000 4489 | 5c24 7844 
  0x000001fb87d78d98: 8b5c 2478 | 41ff c344 | 895c 2478 | e974 ecff | ff44 8b5c | 2430 4183 | c3fe 4489 | 5c24 304d 
  0x000001fb87d78db8: 8b8f 5003 | 0000 448b | 5424 3041 | ffca 458b | ea4c 6344 | 2430 4288 

  0x000001fb87d78dd0: ; ImmutableOopMap {rsi=Oop [40]=NarrowOop [44]=NarrowOop [56]=Oop }
                      ;*goto {reexecute=1 rethrow=0 return_oop=0}
                      ; - (reexecute) java.lang.Long::getChars@140 (line 564)
                      ; - java.lang.StringConcatHelper::prepend@12 (line 318)
                      ; - java.lang.StringConcatHelper::prepend@3 (line 336)
                      ; - java.lang.invoke.DirectMethodHandle$Holder::invokeStatic@17
                      ; - java.lang.invoke.LambdaForm$MH/0x000001fb97097c00::invoke@28
                      ; - java.lang.invoke.LambdaForm$MH/0x000001fb97099000::invoke@54
                      ; - java.lang.invoke.Invokers$Holder::linkToTargetMethod@5
                      ; - io.github.universityTycoon.MainScreen::draw@925 (line 314)
                      ;   {poll}
  0x000001fb87d78dd0: 5406 1041 | 8501 8b4c | 2434 c1f9 | 1f44 8b54 | 2434 4183 | fa9c 0f8e | c403 0000 | 448b 4c24 
  0x000001fb87d78df0: 34e9 51e6 | ffff 448b | d241 83c2 | fe41 8bd2 | 4d8b 9750 | 0300 0044 | 8bda 41ff | cb45 8bf3 
  0x000001fb87d78e10: 4c63 da46 

  0x000001fb87d78e14: ; ImmutableOopMap {rsi=Oop [40]=NarrowOop [44]=NarrowOop [56]=Oop }
                      ;*goto {reexecute=1 rethrow=0 return_oop=0}
                      ; - (reexecute) java.lang.Long::getChars@140 (line 564)
                      ; - java.lang.StringConcatHelper::prepend@12 (line 318)
                      ; - java.lang.StringConcatHelper::prepend@3 (line 336)
                      ; - java.lang.invoke.DirectMethodHandle$Holder::invokeStatic@17
                      ; - java.lang.invoke.LambdaForm$MH/0x000001fb97097c00::invoke@28
                      ; - java.lang.invoke.LambdaForm$MH/0x000001fb97099000::invoke@54
                      ; - java.lang.invoke.Invokers$Holder::linkToTargetMethod@5
                      ; - io.github.universityTycoon.MainScreen::draw@765 (line 306)
  0x000001fb87d78e14: 886c 1e10 

  0x000001fb87d78e18: ;   {poll}
  0x000001fb87d78e18: 4185 028b | 7c24 20c1 | ff1f 448b | 4424 2041 | 83f8 9c0f | 8e00 0400 | 008b 4c24 | 20e9 c3e6 
  0x000001fb87d78e38: ffff 4183 | c0fe 4d8b | 9750 0300 | 0041 8bc8 | ffc9 4963 | f84c 8b4c | 2450 4588 

  0x000001fb87d78e54: ; ImmutableOopMap {r9=Oop [48]=Oop [60]=NarrowOop [64]=Oop [72]=NarrowOop [80]=Oop }
                      ;*goto {reexecute=1 rethrow=0 return_oop=0}
                      ; - (reexecute) java.lang.Integer::getChars@69 (line 516)
                      ; - java.lang.StringConcatHelper::prepend@12 (line 283)
                      ; - java.lang.StringConcatHelper::prepend@3 (line 301)
                      ; - java.lang.invoke.DirectMethodHandle$Holder::invokeStatic@17
                      ; - java.lang.invoke.LambdaForm$MH/0x000001fb97094400::invoke@28
                      ; - java.lang.invoke.LambdaForm$MH/0x000001fb97095400::invoke@51
                      ; - java.lang.invoke.Invokers$Holder::linkToTargetMethod@5
                      ; - io.github.universityTycoon.MainScreen::draw@239 (line 268)
                      ;   {poll}
  0x000001fb87d78e54: 5c39 1041 | 8502 448b | ce41 c1f9 | 1f83 fe9c | 0f8e 0619 | 0000 448b | d6e9 b8e0 | ffff 83c7 
  0x000001fb87d78e74: fe4d 8b97 | 5003 0000 | 8bcf ffc9 | 4c63 cf4c | 8b44 2450 | 4788 6c08 

  0x000001fb87d78e8c: ; ImmutableOopMap {r8=Oop [48]=Oop [56]=NarrowOop [64]=Oop [72]=NarrowOop [80]=Oop }
                      ;*goto {reexecute=1 rethrow=0 return_oop=0}
                      ; - (reexecute) java.lang.Integer::getChars@69 (line 516)
                      ; - java.lang.StringConcatHelper::prepend@12 (line 283)
                      ; - java.lang.StringConcatHelper::prepend@3 (line 301)
                      ; - java.lang.invoke.DirectMethodHandle$Holder::invokeStatic@17
                      ; - java.lang.invoke.LambdaForm$MH/0x000001fb97094400::invoke@28
                      ; - java.lang.invoke.LambdaForm$MH/0x000001fb97095400::invoke@51
                      ; - java.lang.invoke.Invokers$Holder::linkToTargetMethod@5
                      ; - io.github.universityTycoon.MainScreen::draw@268 (line 269)
                      ;   {poll}
  0x000001fb87d78e8c: 1041 8502 | 448b d041 | c1fa 1f83 | f89c 0f8e | 4419 0000 | 448b c0e9 | 32e1 ffff | 83c1 fe4d 
  0x000001fb87d78eac: 8b97 5003 | 0000 448b | c941 ffc9 | 4c63 c148 | 8b5c 2450 | 4688 6c03 

  0x000001fb87d78ec4: ; ImmutableOopMap {rbx=Oop [48]=Oop [56]=NarrowOop [64]=Oop [72]=NarrowOop [80]=Oop }
                      ;*goto {reexecute=1 rethrow=0 return_oop=0}
                      ; - (reexecute) java.lang.Integer::getChars@69 (line 516)
                      ; - java.lang.StringConcatHelper::prepend@12 (line 283)
                      ; - java.lang.StringConcatHelper::prepend@3 (line 301)
                      ; - java.lang.invoke.DirectMethodHandle$Holder::invokeStatic@17
                      ; - java.lang.invoke.LambdaForm$MH/0x000001fb97094400::invoke@28
                      ; - java.lang.invoke.LambdaForm$MH/0x000001fb97095400::invoke@51
                      ; - java.lang.invoke.Invokers$Holder::linkToTargetMethod@5
                      ; - io.github.universityTycoon.MainScreen::draw@297 (line 270)
                      ;   {poll}
  0x000001fb87d78ec4: 1041 8502 | 458b d641 | c1fa 1f41 | 83fe 9c0f | 8e84 1900 | 0041 8bde | e9a4 e1ff | ff83 c1fe 
  0x000001fb87d78ee4: 4d8b 9f50 | 0300 0044 | 8bc9 41ff | c94c 63c1 | 488b 5c24 | 5042 887c 

  0x000001fb87d78efc: ; ImmutableOopMap {rbx=Oop [48]=Oop [56]=NarrowOop [64]=Oop [72]=NarrowOop [80]=Oop }
                      ;*goto {reexecute=1 rethrow=0 return_oop=0}
                      ; - (reexecute) java.lang.Integer::getChars@69 (line 516)
                      ; - java.lang.StringConcatHelper::prepend@12 (line 283)
                      ; - java.lang.StringConcatHelper::prepend@3 (line 301)
                      ; - java.lang.invoke.DirectMethodHandle$Holder::invokeStatic@17
                      ; - java.lang.invoke.LambdaForm$MH/0x000001fb97094400::invoke@28
                      ; - java.lang.invoke.LambdaForm$MH/0x000001fb97095400::invoke@51
                      ; - java.lang.invoke.Invokers$Holder::linkToTargetMethod@5
                      ; - io.github.universityTycoon.MainScreen::draw@326 (line 271)
                      ;   {poll}
  0x000001fb87d78efc: 0310 4185 | 0345 8bd6 | 41c1 fa1f | 4183 fe9c | 0f8e c419 | 0000 418b | dee9 16e2 | ffff 4183 
  0x000001fb87d78f1c: c2fe 498b | 9f50 0300 | 0045 8bca | 41ff c949 | 63ca 488b | 7c24 6044 

  0x000001fb87d78f34: ; ImmutableOopMap {rdi=Oop [48]=NarrowOop [52]=NarrowOop [56]=Oop [96]=Oop }
                      ;*goto {reexecute=1 rethrow=0 return_oop=0}
                      ; - (reexecute) java.lang.Integer::getChars@69 (line 516)
                      ; - java.lang.StringConcatHelper::prepend@12 (line 283)
                      ; - java.lang.StringConcatHelper::prepend@3 (line 301)
                      ; - java.lang.invoke.DirectMethodHandle$Holder::invokeStatic@17
                      ; - java.lang.invoke.LambdaForm$MH/0x000001fb97094400::invoke@28
                      ; - java.lang.invoke.LambdaForm$MH/0x000001fb97095400::invoke@51
                      ; - java.lang.invoke.Invokers$Holder::linkToTargetMethod@5
                      ; - io.github.universityTycoon.MainScreen::draw@488 (line 291)
  0x000001fb87d78f34: 8844 0f10 

  0x000001fb87d78f38: ;   {poll}
  0x000001fb87d78f38: 8503 418b | d5c1 fa1f | 4183 fd9c | 0f8e 041a | 0000 418b | fde9 a1e2 | ffff 4183 | c2fe 4d8b 
  0x000001fb87d78f58: 8750 0300 | 0041 8bca | ffc9 4963 | fa4c 8b4c | 2450 4188 

  0x000001fb87d78f6c: ; ImmutableOopMap {r9=Oop [48]=NarrowOop [52]=NarrowOop [56]=Oop [80]=Oop }
                      ;*goto {reexecute=1 rethrow=0 return_oop=0}
                      ; - (reexecute) java.lang.Integer::getChars@69 (line 516)
                      ; - java.lang.StringConcatHelper::prepend@12 (line 283)
                      ; - java.lang.StringConcatHelper::prepend@3 (line 301)
                      ; - java.lang.invoke.DirectMethodHandle$Holder::invokeStatic@17
                      ; - java.lang.invoke.LambdaForm$MH/0x000001fb97094400::invoke@28
                      ; - java.lang.invoke.LambdaForm$MH/0x000001fb97095400::invoke@51
                      ; - java.lang.invoke.Invokers$Holder::linkToTargetMethod@5
                      ; - io.github.universityTycoon.MainScreen::draw@513 (line 292)
                      ;   {poll}
  0x000001fb87d78f6c: 5c39 1041 | 8500 418b | dec1 fb1f | 4183 fe9c | 0f8e 431a | 0000 458b | cee9 0fe3 | ffff 81fd 
  0x000001fb87d78f8c: 6079 feff | 0f8e ba08 | 0000 41b9 | 0400 0000 | e928 e3ff | ff81 fd60 | 79fe ff0f | 8eba 0800 
  0x000001fb87d78fac: 0041 b802 | 0000 0041 | 83c0 02e9 | 27e3 ffff | 81fd 6079 | feff 0f8e | b608 0000 | 41ba 0200 
  0x000001fb87d78fcc: 0000 4183 | c202 e926 | e3ff ff81 | fd60 79fe | ff0f 8eb2 | 0800 0041 | ba02 0000 | 0041 83c2 
  0x000001fb87d78fec: 02e9 25e3 | ffff 81fd | 6079 feff | 0f8e ae08 | 0000 41bb | 0200 0000 | 4183 c302 | e924 e3ff 
  0x000001fb87d7900c: ff81 fd60 | 79fe ff0f | 8eaa 0800 | 0041 ba02 | 0000 0045 | 8bda 4183 | c302 4489 | 5c24 78e9 
  0x000001fb87d7902c: 20e3 ffff | 448b 4424 | 2041 83c0 | fe49 8bbf | 5003 0000 | 458b c841 | ffc9 4963 | c848 8bd8 
  0x000001fb87d7904c: ; ImmutableOopMap {rbx=Oop rax=Oop [40]=NarrowOop [44]=NarrowOop [56]=Oop }
                      ;*goto {reexecute=1 rethrow=0 return_oop=0}
                      ; - (reexecute) java.lang.Long::getChars@140 (line 564)
                      ; - java.lang.StringConcatHelper::prepend@12 (line 318)
                      ; - java.lang.StringConcatHelper::prepend@3 (line 336)
                      ; - java.lang.invoke.DirectMethodHandle$Holder::invokeStatic@17
                      ; - java.lang.invoke.LambdaForm$MH/0x000001fb97097c00::invoke@28
                      ; - java.lang.invoke.LambdaForm$MH/0x000001fb97099000::invoke@54
                      ; - java.lang.invoke.Invokers$Holder::linkToTargetMethod@5
                      ; - io.github.universityTycoon.MainScreen::draw@630 (line 299)
  0x000001fb87d7904c: 8854 0810 

  0x000001fb87d79050: ;   {poll}
  0x000001fb87d79050: 8507 8b7c | 2424 c1ff | 1f44 8b5c | 2424 4183 | fb9c 0f8e | d402 0000 | 448b 5424 | 24e9 41e6 
  0x000001fb87d79070: ffff c5fa | 115c 245c | c5fa 1164 | 2458 c5fa | 114c 2454 | c5fa 1154 | 2424 c5f9 | 7ec5 4b8d 
  0x000001fb87d79090: ;   {oop(a 'jdk/internal/math/FloatingDecimal$1'{0x000000070ae85eb0})}
  0x000001fb87d79090: 14cc 49b8 | b05e e80a | 0700 0000 | 458b cb33 | ff66 6690 

  0x000001fb87d790a4: ;   {optimized virtual_call}
  0x000001fb87d790a4: c5f8 77e8 

  0x000001fb87d790a8: ; ImmutableOopMap {[40]=NarrowOop [44]=NarrowOop [48]=Oop [56]=Oop [72]=Oop }
                      ;*invokevirtual getEntryAfterMiss {reexecute=0 rethrow=0 return_oop=1}
                      ; - java.lang.ThreadLocal$ThreadLocalMap::getEntry@38 (line 439)
                      ; - java.lang.ThreadLocal::get@16 (line 165)
                      ; - jdk.internal.math.FloatingDecimal::getBinaryToASCIIBuffer@3 (line 986)
                      ; - jdk.internal.math.FloatingDecimal::getBinaryToASCIIConverter@134 (line 1822)
                      ; - jdk.internal.math.FloatingDecimal::toJavaFormatString@1 (line 80)
                      ; - java.lang.Float::toString@1 (line 226)
                      ; - java.lang.String::valueOf@1 (line 4357)
                      ; - java.lang.invoke.LambdaForm$DMH/0x000001fb97095800::invokeStatic@10
                      ; - java.lang.invoke.LambdaForm$MH/0x000001fb97097000::invoke@15
                      ; - java.lang.invoke.LambdaForm$MH/0x000001fb97097400::linkToTargetMethod@5
                      ; - io.github.universityTycoon.MainScreen::draw@793 (line 309)
  0x000001fb87d790a8: d43c 72ff | 4885 c00f | 8458 0800 | 00c5 f96e | c5c5 fa10 | 5424 24c5 | fa10 4c24 | 54c5 fa10 
  0x000001fb87d790c8: 6424 58c5 | fa10 5c24 | 5ce9 c7c9 | ffff 4b8d 

  0x000001fb87d790d8: ;   {oop(a 'jdk/internal/math/FloatingDecimal$1'{0x000000070ae85eb0})}
  0x000001fb87d790d8: 14c4 49b8 | b05e e80a | 0700 0000 | 458b ca33 | ff48 8b6c | 2438 6690 

  0x000001fb87d790f0: ;   {optimized virtual_call}
  0x000001fb87d790f0: c5f8 77e8 

  0x000001fb87d790f4: ; ImmutableOopMap {rbp=Oop [40]=NarrowOop [44]=NarrowOop [56]=Oop }
                      ;*invokevirtual getEntryAfterMiss {reexecute=0 rethrow=0 return_oop=1}
                      ; - java.lang.ThreadLocal$ThreadLocalMap::getEntry@38 (line 439)
                      ; - java.lang.ThreadLocal::get@16 (line 165)
                      ; - jdk.internal.math.FloatingDecimal::getBinaryToASCIIBuffer@3 (line 986)
                      ; - jdk.internal.math.FloatingDecimal::getBinaryToASCIIConverter@134 (line 1822)
                      ; - jdk.internal.math.FloatingDecimal::toJavaFormatString@1 (line 80)
                      ; - java.lang.Float::toString@1 (line 226)
                      ; - java.lang.String::valueOf@1 (line 4357)
                      ; - java.lang.invoke.LambdaForm$DMH/0x000001fb97095800::invokeStatic@10
                      ; - java.lang.invoke.LambdaForm$MH/0x000001fb97097000::invoke@15
                      ; - java.lang.invoke.LambdaForm$MH/0x000001fb97097400::linkToTargetMethod@5
                      ; - io.github.universityTycoon.MainScreen::draw@818 (line 310)
  0x000001fb87d790f4: 883c 72ff | 4885 c00f | 85de ceff 

  0x000001fb87d79100: ;   {oop(a 'jdk/internal/math/FloatingDecimal$1'{0x000000070ae85eb0})}
  0x000001fb87d79100: ff48 bab0 | 5ee8 0a07 | 0000 0048 | 8b6c 2438 

  0x000001fb87d79110: ;   {optimized virtual_call}
  0x000001fb87d79110: c5f8 77e8 

  0x000001fb87d79114: ; ImmutableOopMap {rbp=Oop [40]=NarrowOop [44]=NarrowOop [56]=Oop }
                      ;*invokevirtual setInitialValue {reexecute=0 rethrow=0 return_oop=1}
                      ; - java.lang.ThreadLocal::get@34 (line 172)
                      ; - jdk.internal.math.FloatingDecimal::getBinaryToASCIIBuffer@3 (line 986)
                      ; - jdk.internal.math.FloatingDecimal::getBinaryToASCIIConverter@134 (line 1822)
                      ; - jdk.internal.math.FloatingDecimal::toJavaFormatString@1 (line 80)
                      ; - java.lang.Float::toString@1 (line 226)
                      ; - java.lang.String::valueOf@1 (line 4357)
                      ; - java.lang.invoke.LambdaForm$DMH/0x000001fb97095800::invokeStatic@10
                      ; - java.lang.invoke.LambdaForm$MH/0x000001fb97097000::invoke@15
                      ; - java.lang.invoke.LambdaForm$MH/0x000001fb97097400::linkToTargetMethod@5
                      ; - io.github.universityTycoon.MainScreen::draw@818 (line 310)
  0x000001fb87d79114: 683c 72ff | 4c8b d0e9 | c7ce ffff | 4b8d 14cc 

  0x000001fb87d79124: ;   {oop(a 'jdk/internal/math/FloatingDecimal$1'{0x000000070ae85eb0})}
  0x000001fb87d79124: 49b8 b05e | e80a 0700 | 0000 458b | cb33 ff48 | 8b6c 2438 

  0x000001fb87d79138: ;   {optimized virtual_call}
  0x000001fb87d79138: c5f8 77e8 

  0x000001fb87d7913c: ; ImmutableOopMap {rbp=Oop [40]=NarrowOop [44]=NarrowOop [48]=Oop [56]=Oop [72]=Oop }
                      ;*invokevirtual getEntryAfterMiss {reexecute=0 rethrow=0 return_oop=1}
                      ; - java.lang.ThreadLocal$ThreadLocalMap::getEntry@38 (line 439)
                      ; - java.lang.ThreadLocal::get@16 (line 165)
                      ; - jdk.internal.math.FloatingDecimal::getBinaryToASCIIBuffer@3 (line 986)
                      ; - jdk.internal.math.FloatingDecimal::getBinaryToASCIIConverter@134 (line 1822)
                      ; - jdk.internal.math.FloatingDecimal::toJavaFormatString@1 (line 80)
                      ; - java.lang.Float::toString@1 (line 226)
                      ; - java.lang.String::valueOf@1 (line 4357)
                      ; - java.lang.invoke.LambdaForm$DMH/0x000001fb97095800::invokeStatic@10
                      ; - java.lang.invoke.LambdaForm$MH/0x000001fb97097000::invoke@15
                      ; - java.lang.invoke.LambdaForm$MH/0x000001fb97097400::linkToTargetMethod@5
                      ; - io.github.universityTycoon.MainScreen::draw@658 (line 302)
  0x000001fb87d7913c: 403c 72ff | 4885 c00f | 85a1 a8ff 

  0x000001fb87d79148: ;   {oop(a 'jdk/internal/math/FloatingDecimal$1'{0x000000070ae85eb0})}
  0x000001fb87d79148: ff48 bab0 | 5ee8 0a07 | 0000 0048 | 8b6c 2438 

  0x000001fb87d79158: ;   {optimized virtual_call}
  0x000001fb87d79158: c5f8 77e8 

  0x000001fb87d7915c: ; ImmutableOopMap {rbp=Oop [40]=NarrowOop [44]=NarrowOop [48]=Oop [56]=Oop [72]=Oop }
                      ;*invokevirtual setInitialValue {reexecute=0 rethrow=0 return_oop=1}
                      ; - java.lang.ThreadLocal::get@34 (line 172)
                      ; - jdk.internal.math.FloatingDecimal::getBinaryToASCIIBuffer@3 (line 986)
                      ; - jdk.internal.math.FloatingDecimal::getBinaryToASCIIConverter@134 (line 1822)
                      ; - jdk.internal.math.FloatingDecimal::toJavaFormatString@1 (line 80)
                      ; - java.lang.Float::toString@1 (line 226)
                      ; - java.lang.String::valueOf@1 (line 4357)
                      ; - java.lang.invoke.LambdaForm$DMH/0x000001fb97095800::invokeStatic@10
                      ; - java.lang.invoke.LambdaForm$MH/0x000001fb97097000::invoke@15
                      ; - java.lang.invoke.LambdaForm$MH/0x000001fb97097400::linkToTargetMethod@5
                      ; - io.github.universityTycoon.MainScreen::draw@658 (line 302)
  0x000001fb87d7915c: 203c 72ff | 4c8b d0e9 | 8da8 ffff | 4b8d 14d4 

  0x000001fb87d7916c: ;   {oop(a 'jdk/internal/math/FloatingDecimal$1'{0x000000070ae85eb0})}
  0x000001fb87d7916c: 49b8 b05e | e80a 0700 | 0000 458b | cb33 ff48 | 8b6c 2438 

  0x000001fb87d79180: ;   {optimized virtual_call}
  0x000001fb87d79180: c5f8 77e8 

  0x000001fb87d79184: ; ImmutableOopMap {rbp=Oop [40]=NarrowOop [44]=NarrowOop [56]=Oop }
                      ;*invokevirtual getEntryAfterMiss {reexecute=0 rethrow=0 return_oop=1}
                      ; - java.lang.ThreadLocal$ThreadLocalMap::getEntry@38 (line 439)
                      ; - java.lang.ThreadLocal::get@16 (line 165)
                      ; - jdk.internal.math.FloatingDecimal::getBinaryToASCIIBuffer@3 (line 986)
                      ; - jdk.internal.math.FloatingDecimal::getBinaryToASCIIConverter@134 (line 1822)
                      ; - jdk.internal.math.FloatingDecimal::toJavaFormatString@1 (line 80)
                      ; - java.lang.Float::toString@1 (line 226)
                      ; - java.lang.String::valueOf@1 (line 4357)
                      ; - java.lang.invoke.LambdaForm$DMH/0x000001fb97095800::invokeStatic@10
                      ; - java.lang.invoke.LambdaForm$MH/0x000001fb97097000::invoke@15
                      ; - java.lang.invoke.LambdaForm$MH/0x000001fb97097400::linkToTargetMethod@5
                      ; - io.github.universityTycoon.MainScreen::draw@683 (line 303)
  0x000001fb87d79184: f83b 72ff | 4885 c00f | 851c adff 

  0x000001fb87d79190: ;   {oop(a 'jdk/internal/math/FloatingDecimal$1'{0x000000070ae85eb0})}
  0x000001fb87d79190: ff48 bab0 | 5ee8 0a07 | 0000 0048 | 8b6c 2438 

  0x000001fb87d791a0: ;   {optimized virtual_call}
  0x000001fb87d791a0: c5f8 77e8 

  0x000001fb87d791a4: ; ImmutableOopMap {rbp=Oop [40]=NarrowOop [44]=NarrowOop [56]=Oop }
                      ;*invokevirtual setInitialValue {reexecute=0 rethrow=0 return_oop=1}
                      ; - java.lang.ThreadLocal::get@34 (line 172)
                      ; - jdk.internal.math.FloatingDecimal::getBinaryToASCIIBuffer@3 (line 986)
                      ; - jdk.internal.math.FloatingDecimal::getBinaryToASCIIConverter@134 (line 1822)
                      ; - jdk.internal.math.FloatingDecimal::toJavaFormatString@1 (line 80)
                      ; - java.lang.Float::toString@1 (line 226)
                      ; - java.lang.String::valueOf@1 (line 4357)
                      ; - java.lang.invoke.LambdaForm$DMH/0x000001fb97095800::invokeStatic@10
                      ; - java.lang.invoke.LambdaForm$MH/0x000001fb97097000::invoke@15
                      ; - java.lang.invoke.LambdaForm$MH/0x000001fb97097400::linkToTargetMethod@5
                      ; - io.github.universityTycoon.MainScreen::draw@683 (line 303)
  0x000001fb87d791a4: d83b 72ff | 4c8b d0e9 | 08ad ffff | 4c63 5424 | 344d 69da | 1f85 eb51 | 49c1 fb25 | 458b cb44 
  0x000001fb87d791c4: 2bc9 416b | c964 448b | d944 2b5c | 2434 458b | f341 83fb | 640f 836b | 5100 0048 | 63c9 492b 
  0x000001fb87d791e4: ;   {oop([B{0x000000070ac06480})}
  0x000001fb87d791e4: ca49 ba80 | 64c0 0a07 | 0000 0045 | 0fbe 5c0a | 1048 8bde | 4688 5c06 

  0x000001fb87d791fc: ;   {oop([B{0x000000070ac064f8})}
  0x000001fb87d791fc: 0f49 baf8 | 64c0 0a07 | 0000 0045 | 0fbe 540a | 1044 8b5c | 2430 4183 | c3fe 4585 | db0f 8ec5 
  0x000001fb87d7921c: 5600 0044 | 894c 2434 | 4489 5c24 | 3041 8bd2 | e986 fbff | ff4c 6354 | 2420 4d69 | c21f 85eb 
  0x000001fb87d7923c: 5149 c1f8 | 2541 8bc8 | 2bcf 446b | c164 418b | d82b 5c24 | 208b fb83 | fb64 0f83 | fc50 0000 
  0x000001fb87d7925c: 4d63 c04d 

  0x000001fb87d79260: ;   {oop([B{0x000000070ac06480})}
  0x000001fb87d79260: 2bc2 49ba | 8064 c00a | 0700 0000 | 470f be54 | 0210 488b | de46 8854 

  0x000001fb87d79278: ;   {oop([B{0x000000070ac064f8})}
  0x000001fb87d79278: 1e0f 49ba | f864 c00a | 0700 0000 | 470f be44 | 0210 448b | da41 83c3 | fe45 85db | 0f8e 2357 
  0x000001fb87d79298: 0000 894c | 2420 418b | d345 8be8 | e957 fbff | ff4b 8d14 

  0x000001fb87d792ac: ;   {oop(a 'jdk/internal/math/FloatingDecimal$1'{0x000000070ae85eb0})}
  0x000001fb87d792ac: d449 b8b0 | 5ee8 0a07 | 0000 0045 | 8bcb 33ff | 488b 6c24 | 3866 6690 

  0x000001fb87d792c4: ;   {optimized virtual_call}
  0x000001fb87d792c4: c5f8 77e8 

  0x000001fb87d792c8: ; ImmutableOopMap {rbp=Oop [40]=NarrowOop [44]=NarrowOop [48]=Oop [56]=Oop [72]=Oop }
                      ;*invokevirtual getEntryAfterMiss {reexecute=0 rethrow=0 return_oop=1}
                      ; - java.lang.ThreadLocal$ThreadLocalMap::getEntry@38 (line 439)
                      ; - java.lang.ThreadLocal::get@16 (line 165)
                      ; - jdk.internal.math.FloatingDecimal::getBinaryToASCIIBuffer@3 (line 986)
                      ; - jdk.internal.math.FloatingDecimal::getBinaryToASCIIConverter@134 (line 1822)
                      ; - jdk.internal.math.FloatingDecimal::toJavaFormatString@1 (line 80)
                      ; - java.lang.Float::toString@1 (line 226)
                      ; - java.lang.String::valueOf@1 (line 4357)
                      ; - java.lang.invoke.LambdaForm$DMH/0x000001fb97095800::invokeStatic@10
                      ; - java.lang.invoke.LambdaForm$MH/0x000001fb97097000::invoke@15
                      ; - java.lang.invoke.LambdaForm$MH/0x000001fb97097400::linkToTargetMethod@5
                      ; - io.github.universityTycoon.MainScreen::draw@573 (line 297)
  0x000001fb87d792c8: b43a 72ff | 4885 c00f | 85c8 b9ff 

  0x000001fb87d792d4: ;   {oop(a 'jdk/internal/math/FloatingDecimal$1'{0x000000070ae85eb0})}
  0x000001fb87d792d4: ff48 bab0 | 5ee8 0a07 | 0000 0048 | 8b6c 2438 

  0x000001fb87d792e4: ;   {optimized virtual_call}
  0x000001fb87d792e4: c5f8 77e8 

  0x000001fb87d792e8: ; ImmutableOopMap {rbp=Oop [40]=NarrowOop [44]=NarrowOop [48]=Oop [56]=Oop [72]=Oop }
                      ;*invokevirtual setInitialValue {reexecute=0 rethrow=0 return_oop=1}
                      ; - java.lang.ThreadLocal::get@34 (line 172)
                      ; - jdk.internal.math.FloatingDecimal::getBinaryToASCIIBuffer@3 (line 986)
                      ; - jdk.internal.math.FloatingDecimal::getBinaryToASCIIConverter@134 (line 1822)
                      ; - jdk.internal.math.FloatingDecimal::toJavaFormatString@1 (line 80)
                      ; - java.lang.Float::toString@1 (line 226)
                      ; - java.lang.String::valueOf@1 (line 4357)
                      ; - java.lang.invoke.LambdaForm$DMH/0x000001fb97095800::invokeStatic@10
                      ; - java.lang.invoke.LambdaForm$MH/0x000001fb97097000::invoke@15
                      ; - java.lang.invoke.LambdaForm$MH/0x000001fb97097400::linkToTargetMethod@5
                      ; - io.github.universityTycoon.MainScreen::draw@573 (line 297)
  0x000001fb87d792e8: 943a 72ff | 4c8b d0e9 | b4b9 ffff | 4b8d 14cc 

  0x000001fb87d792f8: ;   {oop(a 'jdk/internal/math/FloatingDecimal$1'{0x000000070ae85eb0})}
  0x000001fb87d792f8: 49b8 b05e | e80a 0700 | 0000 458b | cb33 ff48 | 8b6c 2438 

  0x000001fb87d7930c: ;   {optimized virtual_call}
  0x000001fb87d7930c: c5f8 77e8 

  0x000001fb87d79310: ; ImmutableOopMap {rbp=Oop [40]=NarrowOop [44]=NarrowOop [56]=Oop }
                      ;*invokevirtual getEntryAfterMiss {reexecute=0 rethrow=0 return_oop=1}
                      ; - java.lang.ThreadLocal$ThreadLocalMap::getEntry@38 (line 439)
                      ; - java.lang.ThreadLocal::get@16 (line 165)
                      ; - jdk.internal.math.FloatingDecimal::getBinaryToASCIIBuffer@3 (line 986)
                      ; - jdk.internal.math.FloatingDecimal::getBinaryToASCIIConverter@134 (line 1822)
                      ; - jdk.internal.math.FloatingDecimal::toJavaFormatString@1 (line 80)
                      ; - java.lang.Float::toString@1 (line 226)
                      ; - java.lang.String::valueOf@1 (line 4357)
                      ; - java.lang.invoke.LambdaForm$DMH/0x000001fb97095800::invokeStatic@10
                      ; - java.lang.invoke.LambdaForm$MH/0x000001fb97097000::invoke@15
                      ; - java.lang.invoke.LambdaForm$MH/0x000001fb97097400::linkToTargetMethod@5
                      ; - io.github.universityTycoon.MainScreen::draw@598 (line 298)
  0x000001fb87d79310: 6c3a 72ff | 4885 c00f | 85a5 beff 

  0x000001fb87d7931c: ;   {oop(a 'jdk/internal/math/FloatingDecimal$1'{0x000000070ae85eb0})}
  0x000001fb87d7931c: ff48 bab0 | 5ee8 0a07 | 0000 0048 | 8b6c 2438 

  0x000001fb87d7932c: ;   {optimized virtual_call}
  0x000001fb87d7932c: c5f8 77e8 

  0x000001fb87d79330: ; ImmutableOopMap {rbp=Oop [40]=NarrowOop [44]=NarrowOop [56]=Oop }
                      ;*invokevirtual setInitialValue {reexecute=0 rethrow=0 return_oop=1}
                      ; - java.lang.ThreadLocal::get@34 (line 172)
                      ; - jdk.internal.math.FloatingDecimal::getBinaryToASCIIBuffer@3 (line 986)
                      ; - jdk.internal.math.FloatingDecimal::getBinaryToASCIIConverter@134 (line 1822)
                      ; - jdk.internal.math.FloatingDecimal::toJavaFormatString@1 (line 80)
                      ; - java.lang.Float::toString@1 (line 226)
                      ; - java.lang.String::valueOf@1 (line 4357)
                      ; - java.lang.invoke.LambdaForm$DMH/0x000001fb97095800::invokeStatic@10
                      ; - java.lang.invoke.LambdaForm$MH/0x000001fb97097000::invoke@15
                      ; - java.lang.invoke.LambdaForm$MH/0x000001fb97097400::linkToTargetMethod@5
                      ; - io.github.universityTycoon.MainScreen::draw@598 (line 298)
  0x000001fb87d79330: 4c3a 72ff | 4c8b d0e9 | 91be ffff | 418b f045 | 8be9 4c63 | 5c24 244d | 69d3 1f85 | eb51 49c1 
  0x000001fb87d79350: fa25 458b | d244 2bd7 | 456b c264 | 418b d82b | 5c24 2444 | 8bf3 83fb | 640f 832a | 5100 004d 
  0x000001fb87d79370: 63c8 4d2b 

  0x000001fb87d79374: ;   {oop([B{0x000000070ac06480})}
  0x000001fb87d79374: cb49 bb80 | 64c0 0a07 | 0000 0047 | 0fbe 440b | 1048 8bd8 | 4488 4408 

  0x000001fb87d7938c: ;   {oop([B{0x000000070ac064f8})}
  0x000001fb87d7938c: 0f49 bbf8 | 64c0 0a07 | 0000 0047 | 0fbe 5c0b | 1044 8bce | 4183 c1fe | 4585 c90f | 8e58 5700 
  0x000001fb87d793ac: 0044 8954 | 2424 458b | c141 8bd3 | e97c fcff | ff4c 63cb | 4d69 d11f | 85eb 5149 | c1fa 2541 
  0x000001fb87d793cc: 8bfa 2bfe | 6bf7 6444 | 8bd6 442b | d341 83fa | 640f 83f3 | 5700 0048 | 63d6 492b 

  0x000001fb87d793e8: ;   {oop([B{0x000000070ac06480})}
  0x000001fb87d793e8: d149 b980 | 64c0 0a07 | 0000 0045 | 0fbe 4c11 | 1044 3b5c | 2430 0f83 | ba51 0000 | 4c8b 5424 
  0x000001fb87d79408: 4845 884c 

  0x000001fb87d7940c: ;   {oop([B{0x000000070ac064f8})}
  0x000001fb87d7940c: 0a0f 49ba | f864 c00a | 0700 0000 | 450f be5c | 1210 458b | cb44 8b5c | 2430 4183 | c3fc 488b 
  0x000001fb87d7942c: 4c24 6848 | 83c1 fc4c | 8b54 2468 | 493b ca44 | 0f4f 5c24 | 3049 8bca | 48ff c949 | 63db 448b 
  0x000001fb87d7944c: d148 3bd9 | 450f 4fda | b9ff ffff | ff44 3bd9 | 41ba ffff | ffff 450f | 4cda 418b | c883 c1fe 
  0x000001fb87d7946c: 413b cb0f | 8e53 2000 | 008b df44 | 8bc1 e9d6 | eeff ff48 | 63fb 4c69 | df1f 85eb | 5149 c1fb 
  0x000001fb87d7948c: 2545 8bc3 | 458b d845 | 2bda 458b | eb45 6bd3 | 6445 8bc2 | 442b c341 | 83f8 640f | 8332 5700 
  0x000001fb87d794ac: 0049 63da 

  0x000001fb87d794b0: ;   {oop([B{0x000000070ac06480})}
  0x000001fb87d794b0: 482b df49 | ba80 64c0 | 0a07 0000 | 0045 0fbe | 541a 1041 | 8bfa 3b4c | 2430 0f83 | 7f51 0000 
  0x000001fb87d794d0: 4c8b 5424 | 4843 887c 

  0x000001fb87d794d8: ;   {oop([B{0x000000070ac064f8})}
  0x000001fb87d794d8: 0a0f 49ba | f864 c00a | 0700 0000 | 450f be5c | 1a10 458b | c38b 4c24 | 3083 c1fc | 4c8b 5c24 
  0x000001fb87d794f8: 6849 83c3 | fc4c 8b54 | 2468 4d3b | da0f 4f4c | 2430 49ff | ca4c 63c9 | 458b da4d | 3bca 410f 
  0x000001fb87d79518: 4fcb 41ba | ffff ffff | 413b ca41 | bbff ffff | ff41 0f4c | cb44 8bde | 4183 c3fe | 443b d90f 
  0x000001fb87d79538: 8eca 1f00 | 0041 8bdd | 418b f3e9 | d4ee ffff | 4963 d34c | 69c2 1f85 | eb51 49c1 | f825 458b 
  0x000001fb87d79558: c045 2bc2 | 418b c045 | 6bc0 6445 | 8bd0 452b | d341 8bca | 4183 fa64 | 0f83 7456 | 0000 4963 
  0x000001fb87d79578: f048 2bf2 

  0x000001fb87d7957c: ;   {oop([B{0x000000070ac06480})}
  0x000001fb87d7957c: 49ba 8064 | c00a 0700 | 0000 450f | be54 3210 | 458b c244 | 3b4c 2430 | 0f83 4951 | 0000 4c8b 
  0x000001fb87d7959c: 5c24 4845 | 8854 1b0f 

  0x000001fb87d795a4: ;   {oop([B{0x000000070ac064f8})}
  0x000001fb87d795a4: 49ba f864 | c00a 0700 | 0000 450f | be5c 3210 | 418b cb44 | 8b44 2430 | 4183 c0fc | 4c8b 5c24 
  0x000001fb87d795c4: 5849 83c3 | fc4c 8b54 | 2458 4d3b | da44 0f4f | 4424 304d | 8bda 49ff | cb4d 63c8 | 458b d34d 
  0x000001fb87d795e4: 3bcb 450f | 4fc2 41bb | ffff ffff | 453b c341 | baff ffff | ff45 0f4c | c244 8bcf | 4183 c1fe 
  0x000001fb87d79604: 453b c80f | 8e40 1f00 | 0044 8bd8 | 418b f9e9 | c4ee ffff | 4963 fb4c | 69c7 1f85 | eb51 49c1 
  0x000001fb87d79624: f825 458b | c045 8bc8 | 452b ca44 | 894c 2420 | 456b d164 | 458b c245 | 2bc3 418b | f041 83f8 
  0x000001fb87d79644: 640f 83aa | 5500 004d | 63c2 4c2b 

  0x000001fb87d79650: ;   {oop([B{0x000000070ac06480})}
  0x000001fb87d79650: c749 ba80 | 64c0 0a07 | 0000 0047 | 0fbe 5402 | 1044 3b6c | 2430 0f83 | 7951 0000 | 4c8b 5c24 
  0x000001fb87d79670: 5845 8854 

  0x000001fb87d79674: ;   {oop([B{0x000000070ac064f8})}
  0x000001fb87d79674: 1b0f 49ba | f864 c00a | 0700 0000 | 470f be5c | 0210 418b | f34c 635c | 2430 4c8b | c149 83c0 
  0x000001fb87d79694: fc4d 8bcb | 49ff c944 | 8bd0 4183 | c2fc 4d3b | c344 0f4f | 5424 3045 | 8bc1 4d63 | da4d 3bd9 
  0x000001fb87d796b4: 450f 4fd0 | 41bb ffff | ffff 453b | d341 b8ff | ffff ff45 | 0f4c d045 | 8bc6 4183 | c0fe 453b 
  0x000001fb87d796d4: c20f 8eb7 | 1e00 0044 | 8b5c 2420 | 458b f0e9 | c4ee ffff | 4963 fb4c | 69c7 1f85 | eb51 49c1 
  0x000001fb87d796f4: f825 458b | c045 2bc2 | 4489 4424 | 2045 6bd0 | 6445 8bca | 452b cb41 | 83f9 640f | 83ed 5400 
  0x000001fb87d79714: 004d 63c2 

  0x000001fb87d79718: ;   {oop([B{0x000000070ac06480})}
  0x000001fb87d79718: 4c2b c749 | ba80 64c0 | 0a07 0000 | 0047 0fbe | 5c02 1045 | 8beb 3b44 | 2430 0f83 | 2951 0000 
  0x000001fb87d79738: 4c8b 5424 | 5845 885c 

  0x000001fb87d79740: ;   {oop([B{0x000000070ac064f8})}
  0x000001fb87d79740: 1a0f 49ba | f864 c00a | 0700 0000 | 470f be54 | 0210 458b | ca4c 6354 | 2430 4c8b | d949 83c3 
  0x000001fb87d79760: fc49 8bda | 48ff cb44 | 8bc6 4183 | c0fc 4d3b | da44 0f4f | 4424 3044 | 8bdb 4d63 | d04c 3bd3 
  0x000001fb87d79780: 450f 4fc3 | 41bb ffff | ffff 453b | c341 baff | ffff ff45 | 0f4c c245 | 8bd6 4183 | c2fe 453b 
  0x000001fb87d797a0: d00f 8e3a | 1e00 0044 | 8b5c 2420 | 458b f2e9 | b8ee ffff | 4181 fbf0 | d8ff ff0f | 8ebf 1f00 
  0x000001fb87d797c0: 0041 b902 | 0000 0041 | 83c1 02e9 | 2bcc ffff | 4181 f8f0 | d8ff ff0f | 8ebf 1f00 | 0041 b802 
  0x000001fb87d797e0: 0000 0041 | 83c0 02e9 | 53ce ffff | 4181 f8f0 | d8ff ff0f | 8ebf 1f00 | 0041 b802 | 0000 0045 
  0x000001fb87d79800: 8bd0 4183 | c202 4489 | 5424 78e9 | 54d0 ffff | 4181 fbf0 | d8ff ff0f | 8ebc 1f00 | 0041 bb02 
  0x000001fb87d79820: 0000 0041 | 83c3 02e9 | cbe1 ffff | 4181 fbf0 | d8ff ff0f | 8ebc 1f00 | 0041 bb02 | 0000 0045 
  0x000001fb87d79840: 8bd3 4183 | c202 4489 | 5424 78e9 | cde1 ffff | 81fd c0bd | f0ff 0f8e | 1823 0000 | 41b9 0600 
  0x000001fb87d79860: 0000 e916 | 80ff ff81 | fdc0 bdf0 | ff0f 8e18 | 2300 0041 | b806 0000 | 00e9 4182 | ffff 81fd 
  0x000001fb87d79880: c0bd f0ff | 0f8e 1823 | 0000 41ba | 0600 0000 | e936 84ff | ff81 fdc0 | bdf0 ff0f | 8e18 2300 
  0x000001fb87d798a0: 0041 ba06 | 0000 00e9 | 1b86 ffff | 81fd c0bd | f0ff 0f8e | 1823 0000 | 41bb 0600 | 0000 e998 
  0x000001fb87d798c0: 94ff ff81 | fdc0 bdf0 | ff0f 8fad | 96ff ff81 | fd80 6967 | ff0f 8f75 | daff ff81 | fd00 1f0a 
  0x000001fb87d798e0: fa0f 8e48 | 4a00 0044 | 8b5c 2478 | e910 e8ff | ffc5 f97e | c5c5 fa11 | 5424 24c5 | fa11 4c24 
  0x000001fb87d79900: 54c5 fa11 | 6424 58c5 | fa11 5c24 

  0x000001fb87d7990c: ;   {oop(a 'jdk/internal/math/FloatingDecimal$1'{0x000000070ae85eb0})}
  0x000001fb87d7990c: 5c48 bab0 | 5ee8 0a07 | 0000 0090 

  0x000001fb87d79918: ;   {optimized virtual_call}
  0x000001fb87d79918: c5f8 77e8 

  0x000001fb87d7991c: ; ImmutableOopMap {[40]=NarrowOop [44]=NarrowOop [48]=Oop [56]=Oop [72]=Oop }
                      ;*invokevirtual setInitialValue {reexecute=0 rethrow=0 return_oop=1}
                      ; - java.lang.ThreadLocal::get@34 (line 172)
                      ; - jdk.internal.math.FloatingDecimal::getBinaryToASCIIBuffer@3 (line 986)
                      ; - jdk.internal.math.FloatingDecimal::getBinaryToASCIIConverter@134 (line 1822)
                      ; - jdk.internal.math.FloatingDecimal::toJavaFormatString@1 (line 80)
                      ; - java.lang.Float::toString@1 (line 226)
                      ; - java.lang.String::valueOf@1 (line 4357)
                      ; - java.lang.invoke.LambdaForm$DMH/0x000001fb97095800::invokeStatic@10
                      ; - java.lang.invoke.LambdaForm$MH/0x000001fb97097000::invoke@15
                      ; - java.lang.invoke.LambdaForm$MH/0x000001fb97097400::linkToTargetMethod@5
                      ; - io.github.universityTycoon.MainScreen::draw@793 (line 309)
  0x000001fb87d7991c: 6034 72ff | 4c8b d0c5 | f96e c5c5 | fa10 5424 | 24c5 fa10 | 4c24 54c5 | fa10 6424 | 58c5 fa10 
  0x000001fb87d7993c: 5c24 5ce9 | 61c1 ffff | baf6 ffff | ff66 6690 

  0x000001fb87d7994c: ;   {runtime_call UncommonTrapBlob}
  0x000001fb87d7994c: c5f8 77e8 

  0x000001fb87d79950: ; ImmutableOopMap {}
                      ;*invokevirtual apply {reexecute=0 rethrow=0 return_oop=0}
                      ; - io.github.universityTycoon.MainScreen::draw@17 (line 245)
  0x000001fb87d79950: ac89 72ff | baf6 ffff | ff66 6690 

  0x000001fb87d7995c: ;   {runtime_call UncommonTrapBlob}
  0x000001fb87d7995c: c5f8 77e8 

  0x000001fb87d79960: ; ImmutableOopMap {}
                      ;*invokevirtual set {reexecute=0 rethrow=0 return_oop=0}
                      ; - io.github.universityTycoon.MainScreen::draw@53 (line 249)
  0x000001fb87d79960: 9c89 72ff | baf6 ffff | ff41 8be8 

  0x000001fb87d7996c: ;   {runtime_call UncommonTrapBlob}
  0x000001fb87d7996c: c5f8 77e8 

  0x000001fb87d79970: ; ImmutableOopMap {rbp=NarrowOop }
                      ;*invokevirtual draw {reexecute=0 rethrow=0 return_oop=0}
                      ; - io.github.universityTycoon.MainScreen::draw@72 (line 250)
  0x000001fb87d79970: 8c89 72ff | baf6 ffff | ff41 8bea 

  0x000001fb87d7997c: ;   {runtime_call UncommonTrapBlob}
  0x000001fb87d7997c: c5f8 77e8 

  0x000001fb87d79980: ; ImmutableOopMap {rbp=NarrowOop }
                      ;*invokevirtual draw {reexecute=0 rethrow=0 return_oop=0}
                      ; - io.github.universityTycoon.MainScreen::draw@105 (line 252)
  0x000001fb87d79980: 7c89 72ff | baf6 ffff | ff41 8bea | 4489 5c24 | 2066 6690 

  0x000001fb87d79994: ;   {runtime_call UncommonTrapBlob}
  0x000001fb87d79994: c5f8 77e8 

  0x000001fb87d79998: ; ImmutableOopMap {rbp=NarrowOop [32]=NarrowOop }
                      ;*invokevirtual draw {reexecute=0 rethrow=0 return_oop=0}
                      ; - io.github.universityTycoon.MainScreen::draw@155 (line 262)
  0x000001fb87d79998: 6489 72ff | 4963 cae9 | e37c ffff | baf6 ffff | ff4c 894c | 2420 6690 

  0x000001fb87d799b0: ;   {runtime_call UncommonTrapBlob}
  0x000001fb87d799b0: c5f8 77e8 

  0x000001fb87d799b4: ; ImmutableOopMap {[32]=Oop [56]=NarrowOop }
                      ;*invokevirtual draw {reexecute=0 rethrow=0 return_oop=0}
                      ; - io.github.universityTycoon.MainScreen::draw@200 (line 263)
  0x000001fb87d799b4: 4889 72ff | baf6 ffff | ff41 8be8 | 4489 5c24 | 2066 6690 

  0x000001fb87d799c8: ;   {runtime_call UncommonTrapBlob}
  0x000001fb87d799c8: c5f8 77e8 

  0x000001fb87d799cc: ; ImmutableOopMap {rbp=NarrowOop [32]=NarrowOop }
                      ;*invokevirtual draw {reexecute=0 rethrow=0 return_oop=0}
                      ; - io.github.universityTycoon.MainScreen::draw@221 (line 264)
  0x000001fb87d799cc: 3089 72ff | 0fbe ebba | e4ff ffff | 4c8b 5c24 | 404c 895c | 2420 448b | 4424 4844 | 8944 2428 
  0x000001fb87d799ec: 448b 5c24 | 3c44 895c | 242c 4c8b | 5c24 504c | 895c 2438 | 4c89 5c24 | 4044 8954 | 2448 894c 
  0x000001fb87d79a0c: 2458 6690 

  0x000001fb87d79a10: ;   {runtime_call UncommonTrapBlob}
  0x000001fb87d79a10: c5f8 77e8 

  0x000001fb87d79a14: ; ImmutableOopMap {[32]=Oop [40]=NarrowOop [44]=NarrowOop [56]=Oop [64]=Oop }
                      ;*bastore {reexecute=0 rethrow=0 return_oop=0}
                      ; - java.lang.Integer::getChars@97 (line 522)
                      ; - java.lang.StringConcatHelper::prepend@12 (line 283)
                      ; - java.lang.StringConcatHelper::prepend@3 (line 301)
                      ; - java.lang.invoke.DirectMethodHandle$Holder::invokeStatic@17
                      ; - java.lang.invoke.LambdaForm$MH/0x000001fb97094400::invoke@28
                      ; - java.lang.invoke.LambdaForm$MH/0x000001fb97095400::invoke@51
                      ; - java.lang.invoke.Invokers$Holder::linkToTargetMethod@5
                      ; - io.github.universityTycoon.MainScreen::draw@239 (line 268)
  0x000001fb87d79a14: e888 72ff | baf6 ffff | ff8b 6c24 | 3c4c 894c | 2420 6690 

  0x000001fb87d79a28: ;   {runtime_call UncommonTrapBlob}
  0x000001fb87d79a28: c5f8 77e8 

  0x000001fb87d79a2c: ; ImmutableOopMap {rbp=NarrowOop [32]=Oop }
                      ;*invokevirtual draw {reexecute=0 rethrow=0 return_oop=0}
                      ; - io.github.universityTycoon.MainScreen::draw@250 (line 268)
  0x000001fb87d79a2c: d088 72ff | 410f beeb | bae4 ffff | ff4c 8b54 | 2440 4c89 | 5424 2044 | 8b54 2448 | 4489 5424 
  0x000001fb87d79a4c: 2844 8b5c | 2438 4489 | 5c24 2c4c | 8b54 2450 | 4c89 5424 | 384c 8954 | 2440 4489 | 4c24 4889 
  0x000001fb87d79a6c: 4c24 5890 

  0x000001fb87d79a70: ;   {runtime_call UncommonTrapBlob}
  0x000001fb87d79a70: c5f8 77e8 

  0x000001fb87d79a74: ; ImmutableOopMap {[32]=Oop [40]=NarrowOop [44]=NarrowOop [56]=Oop [64]=Oop }
                      ;*bastore {reexecute=0 rethrow=0 return_oop=0}
                      ; - java.lang.Integer::getChars@97 (line 522)
                      ; - java.lang.StringConcatHelper::prepend@12 (line 283)
                      ; - java.lang.StringConcatHelper::prepend@3 (line 301)
                      ; - java.lang.invoke.DirectMethodHandle$Holder::invokeStatic@17
                      ; - java.lang.invoke.LambdaForm$MH/0x000001fb97094400::invoke@28
                      ; - java.lang.invoke.LambdaForm$MH/0x000001fb97095400::invoke@51
                      ; - java.lang.invoke.Invokers$Holder::linkToTargetMethod@5
                      ; - io.github.universityTycoon.MainScreen::draw@268 (line 269)
  0x000001fb87d79a74: 8888 72ff | baf6 ffff | ff8b 6c24 | 384c 894c | 2420 6690 

  0x000001fb87d79a88: ;   {runtime_call UncommonTrapBlob}
  0x000001fb87d79a88: c5f8 77e8 

  0x000001fb87d79a8c: ; ImmutableOopMap {rbp=NarrowOop [32]=Oop }
                      ;*invokevirtual draw {reexecute=0 rethrow=0 return_oop=0}
                      ; - io.github.universityTycoon.MainScreen::draw@279 (line 269)
  0x000001fb87d79a8c: 7088 72ff | 410f beeb | bae4 ffff | ff4c 8b54 | 2440 4c89 | 5424 2044 | 8b5c 2448 | 4489 5c24 
  0x000001fb87d79aac: 2844 8b54 | 2438 4489 | 5424 2c4c | 8b54 2450 | 4c89 5424 | 384c 8954 | 2440 895c | 2448 4489 
  0x000001fb87d79acc: 4c24 5890 

  0x000001fb87d79ad0: ;   {runtime_call UncommonTrapBlob}
  0x000001fb87d79ad0: c5f8 77e8 

  0x000001fb87d79ad4: ; ImmutableOopMap {[32]=Oop [40]=NarrowOop [44]=NarrowOop [56]=Oop [64]=Oop }
                      ;*bastore {reexecute=0 rethrow=0 return_oop=0}
                      ; - java.lang.Integer::getChars@97 (line 522)
                      ; - java.lang.StringConcatHelper::prepend@12 (line 283)
                      ; - java.lang.StringConcatHelper::prepend@3 (line 301)
                      ; - java.lang.invoke.DirectMethodHandle$Holder::invokeStatic@17
                      ; - java.lang.invoke.LambdaForm$MH/0x000001fb97094400::invoke@28
                      ; - java.lang.invoke.LambdaForm$MH/0x000001fb97095400::invoke@51
                      ; - java.lang.invoke.Invokers$Holder::linkToTargetMethod@5
                      ; - io.github.universityTycoon.MainScreen::draw@297 (line 270)
  0x000001fb87d79ad4: 2888 72ff | baf6 ffff | ff8b 6c24 | 384c 894c | 2420 6690 

  0x000001fb87d79ae8: ;   {runtime_call UncommonTrapBlob}
  0x000001fb87d79ae8: c5f8 77e8 

  0x000001fb87d79aec: ; ImmutableOopMap {rbp=NarrowOop [32]=Oop }
                      ;*invokevirtual draw {reexecute=0 rethrow=0 return_oop=0}
                      ; - io.github.universityTycoon.MainScreen::draw@308 (line 270)
  0x000001fb87d79aec: 1088 72ff | 410f beeb | bae4 ffff | ff4c 8b54 | 2440 4c89 | 5424 2044 | 8b54 2448 | 4489 5424 
  0x000001fb87d79b0c: 2844 8b5c | 2438 4489 | 5c24 2c4c | 8b54 2450 | 4c89 5424 | 384c 8954 | 2440 895c | 2448 4489 
  0x000001fb87d79b2c: 4c24 5890 

  0x000001fb87d79b30: ;   {runtime_call UncommonTrapBlob}
  0x000001fb87d79b30: c5f8 77e8 

  0x000001fb87d79b34: ; ImmutableOopMap {[32]=Oop [40]=NarrowOop [44]=NarrowOop [56]=Oop [64]=Oop }
                      ;*bastore {reexecute=0 rethrow=0 return_oop=0}
                      ; - java.lang.Integer::getChars@97 (line 522)
                      ; - java.lang.StringConcatHelper::prepend@12 (line 283)
                      ; - java.lang.StringConcatHelper::prepend@3 (line 301)
                      ; - java.lang.invoke.DirectMethodHandle$Holder::invokeStatic@17
                      ; - java.lang.invoke.LambdaForm$MH/0x000001fb97094400::invoke@28
                      ; - java.lang.invoke.LambdaForm$MH/0x000001fb97095400::invoke@51
                      ; - java.lang.invoke.Invokers$Holder::linkToTargetMethod@5
                      ; - io.github.universityTycoon.MainScreen::draw@326 (line 271)
  0x000001fb87d79b34: c887 72ff | baf6 ffff | ff8b 6c24 | 384c 894c | 2420 6690 

  0x000001fb87d79b48: ;   {runtime_call UncommonTrapBlob}
  0x000001fb87d79b48: c5f8 77e8 

  0x000001fb87d79b4c: ; ImmutableOopMap {rbp=NarrowOop [32]=Oop }
                      ;*invokevirtual draw {reexecute=0 rethrow=0 return_oop=0}
                      ; - io.github.universityTycoon.MainScreen::draw@337 (line 271)
  0x000001fb87d79b4c: b087 72ff | baf6 ffff | ff66 6690 

  0x000001fb87d79b58: ;   {runtime_call UncommonTrapBlob}
  0x000001fb87d79b58: c5f8 77e8 

  0x000001fb87d79b5c: ; ImmutableOopMap {}
                      ;*invokevirtual end {reexecute=0 rethrow=0 return_oop=0}
                      ; - io.github.universityTycoon.MainScreen::draw@345 (line 273)
  0x000001fb87d79b5c: a087 72ff | 4d63 dae9 | 8f79 ffff | 4983 c3fe | 498b cb48 | 8bfa 4833 | c048 83f9 | 087f 1048 
  0x000001fb87d79b7c: ffc9 784f | 4889 04cf | 48ff c97d | f7eb 44c5 | fdef c0e9 | 0d00 0000 | c5fe 7f07 | c5fe 7f47 
  0x000001fb87d79b9c: 2048 83c7 | 4048 83e9 | 087d ed48 | 83c1 047c | 0cc5 fe7f | 0748 83c7 | 2048 83e9 | 0448 83c1 
  0x000001fb87d79bbc: 047e 1048 | ffc9 c5f9 | d607 4883 | c708 48ff | c97d f3e9 | 057a ffff | baf6 ffff | ff66 6690 
  0x000001fb87d79bdc: ;   {runtime_call UncommonTrapBlob}
  0x000001fb87d79bdc: c5f8 77e8 

  0x000001fb87d79be0: ; ImmutableOopMap {}
                      ;*arraylength {reexecute=0 rethrow=0 return_oop=0}
                      ; - java.lang.String::isEmpty@4 (line 1496)
                      ; - java.lang.StringConcatHelper::simpleConcat@27 (line 413)
                      ; - java.lang.invoke.DirectMethodHandle$Holder::invokeStatic@11
                      ; - java.lang.invoke.LambdaForm$MH/0x000001fb9700d000::invoke@21
                      ; - java.lang.invoke.Invokers$Holder::linkToTargetMethod@5
                      ; - io.github.universityTycoon.MainScreen::draw@189 (line 263)
  0x000001fb87d79be0: 1c87 72ff | 4d63 dbe9 | 1686 ffff | baf6 ffff | ff8b 6c24 | 2c4c 894c | 2420 6690 

  0x000001fb87d79bfc: ;   {runtime_call UncommonTrapBlob}
  0x000001fb87d79bfc: c5f8 77e8 

  0x000001fb87d79c00: ; ImmutableOopMap {rbp=NarrowOop [32]=Oop }
                      ;*invokevirtual draw {reexecute=0 rethrow=0 return_oop=0}
                      ; - io.github.universityTycoon.MainScreen::draw@384 (line 285)
  0x000001fb87d79c00: fc86 72ff | bae4 ffff | ff48 8b6c | 2438 4489 | 5c24 2090 

  0x000001fb87d79c14: ;   {runtime_call UncommonTrapBlob}
  0x000001fb87d79c14: c5f8 77e8 

  0x000001fb87d79c18: ; ImmutableOopMap {rbp=Oop }
                      ;*iaload {reexecute=0 rethrow=0 return_oop=0}
                      ; - io.github.universityTycoon.MainScreen::draw@398 (line 287)
  0x000001fb87d79c18: e486 72ff | baf6 ffff | ff66 6690 

  0x000001fb87d79c24: ;   {runtime_call UncommonTrapBlob}
  0x000001fb87d79c24: c5f8 77e8 

  0x000001fb87d79c28: ; ImmutableOopMap {}
                      ;*invokevirtual end {reexecute=0 rethrow=0 return_oop=0}
                      ; - io.github.universityTycoon.MainScreen::draw@1144 (line 332)
  0x000001fb87d79c28: d486 72ff | baf6 ffff | ff66 6690 

  0x000001fb87d79c34: ;   {runtime_call UncommonTrapBlob}
  0x000001fb87d79c34: c5f8 77e8 

  0x000001fb87d79c38: ; ImmutableOopMap {}
                      ;*invokevirtual begin {reexecute=0 rethrow=0 return_oop=0}
                      ; - io.github.universityTycoon.MainScreen::draw@1154 (line 337)
  0x000001fb87d79c38: c486 72ff | baf6 ffff | ff66 6690 

  0x000001fb87d79c44: ;   {runtime_call UncommonTrapBlob}
  0x000001fb87d79c44: c5f8 77e8 

  0x000001fb87d79c48: ; ImmutableOopMap {}
                      ;*invokevirtual rectLine {reexecute=0 rethrow=0 return_oop=0}
                      ; - io.github.universityTycoon.MainScreen::draw@1182 (line 338)
  0x000001fb87d79c48: b486 72ff | baf6 ffff | ff66 6690 

  0x000001fb87d79c54: ;   {runtime_call UncommonTrapBlob}
  0x000001fb87d79c54: c5f8 77e8 

  0x000001fb87d79c58: ; ImmutableOopMap {}
                      ;*invokevirtual rectLine {reexecute=0 rethrow=0 return_oop=0}
                      ; - io.github.universityTycoon.MainScreen::draw@1210 (line 339)
  0x000001fb87d79c58: a486 72ff | baf6 ffff | ff66 6690 

  0x000001fb87d79c64: ;   {runtime_call UncommonTrapBlob}
  0x000001fb87d79c64: c5f8 77e8 

  0x000001fb87d79c68: ; ImmutableOopMap {}
                      ;*invokevirtual end {reexecute=0 rethrow=0 return_oop=0}
                      ; - io.github.universityTycoon.MainScreen::draw@1217 (line 340)
  0x000001fb87d79c68: 9486 72ff | bade ffff | ff4c 8944 | 2420 4489 | 5c24 2890 

  0x000001fb87d79c7c: ;   {runtime_call UncommonTrapBlob}
  0x000001fb87d79c7c: c5f8 77e8 

  0x000001fb87d79c80: ; ImmutableOopMap {rbp=NarrowOop [32]=Oop [40]=NarrowOop }
                      ;*invokeinterface glDepthMask {reexecute=0 rethrow=0 return_oop=0}
                      ; - com.badlogic.gdx.graphics.g2d.SpriteBatch::begin@26 (line 179)
                      ; - io.github.universityTycoon.MainScreen::draw@4 (line 242)
  0x000001fb87d79c80: 7c86 72ff | 4c8b 5424 | 284c 8954 | 2420 4489 | 4424 2889 | 5424 2cba | deff ffff 

  0x000001fb87d79c9c: ;   {runtime_call UncommonTrapBlob}
  0x000001fb87d79c9c: c5f8 77e8 

  0x000001fb87d79ca0: ; ImmutableOopMap {rbp=NarrowOop [32]=Oop [40]=NarrowOop }
                      ;*invokeinterface glUseProgram {reexecute=0 rethrow=0 return_oop=0}
                      ; - com.badlogic.gdx.graphics.glutils.ShaderProgram::bind@13 (line 705)
                      ; - com.badlogic.gdx.graphics.g2d.SpriteBatch::begin@52 (line 183)
                      ; - io.github.universityTycoon.MainScreen::draw@4 (line 242)
  0x000001fb87d79ca0: 5c86 72ff | bade ffff | ff48 8b6c | 2428 4489 | 4424 20c5 | fa11 4424 | 24c5 fa11 | 4c24 28c5 
  0x000001fb87d79cc0: fa11 5424 | 2cc5 fa11 | 5c24 3090 

  0x000001fb87d79ccc: ;   {runtime_call UncommonTrapBlob}
  0x000001fb87d79ccc: c5f8 77e8 

  0x000001fb87d79cd0: ; ImmutableOopMap {rbp=Oop [32]=NarrowOop }
                      ;*invokeinterface glClearColor {reexecute=0 rethrow=0 return_oop=0}
                      ; - com.badlogic.gdx.utils.ScreenUtils::clear@7 (line 68)
                      ; - com.badlogic.gdx.utils.ScreenUtils::clear@7 (line 59)
                      ; - com.badlogic.gdx.utils.ScreenUtils::clear@17 (line 41)
                      ; - io.github.universityTycoon.MainScreen::draw@10 (line 244)
  0x000001fb87d79cd0: 2c86 72ff | bade ffff | ff48 8b6c | 2428 4489 | 5c24 2090 

  0x000001fb87d79ce4: ;   {runtime_call UncommonTrapBlob}
  0x000001fb87d79ce4: c5f8 77e8 

  0x000001fb87d79ce8: ; ImmutableOopMap {rbp=Oop [32]=NarrowOop }
                      ;*invokeinterface glClear {reexecute=0 rethrow=0 return_oop=0}
                      ; - com.badlogic.gdx.utils.ScreenUtils::clear@61 (line 72)
                      ; - com.badlogic.gdx.utils.ScreenUtils::clear@7 (line 59)
                      ; - com.badlogic.gdx.utils.ScreenUtils::clear@17 (line 41)
                      ; - io.github.universityTycoon.MainScreen::draw@10 (line 244)
  0x000001fb87d79ce8: 1486 72ff | bacc ffff | ff89 7c24 | 2044 8954 | 2424 4489 | 4424 2844 | 895c 242c | 4489 4c24 
  0x000001fb87d79d08: 3066 6690 

  0x000001fb87d79d0c: ;   {runtime_call UncommonTrapBlob}
  0x000001fb87d79d0c: c5f8 77e8 

  0x000001fb87d79d10: ; ImmutableOopMap {rbp=Oop [32]=NarrowOop [36]=NarrowOop [40]=NarrowOop [44]=NarrowOop }
                      ;*invokestatic arraycopy {reexecute=0 rethrow=0 return_oop=0}
                      ; - com.badlogic.gdx.math.Matrix4::set@12 (line 139)
                      ; - com.badlogic.gdx.math.Matrix4::set@5 (line 129)
                      ; - com.badlogic.gdx.graphics.g2d.SpriteBatch::setProjectionMatrix@16 (line 1050)
                      ; - io.github.universityTycoon.MainScreen::draw@34 (line 246)
  0x000001fb87d79d10: ec85 72ff | bade ffff | ff48 8b6c | 2428 4489 | 5c24 2890 

  0x000001fb87d79d24: ;   {runtime_call UncommonTrapBlob}
  0x000001fb87d79d24: c5f8 77e8 

  0x000001fb87d79d28: ; ImmutableOopMap {rbp=Oop [40]=NarrowOop [56]=NarrowOop [60]=NarrowOop }
                      ;*invokevirtual toString {reexecute=0 rethrow=0 return_oop=0}
                      ; - java.util.Formatter::toString@8 (line 2525)
                      ; - java.lang.String::format@12 (line 4147)
                      ; - io.github.universityTycoon.MainScreen::draw@186 (line 263)
  0x000001fb87d79d28: d485 72ff | bd01 0000 | 0045 33db | 448b 4424 | 5445 85c0 | 410f 47eb | ba45 ffff | ff4c 8b54 
  0x000001fb87d79d48: 2428 4c89 | 5424 2048 | 895c 2430 

  0x000001fb87d79d54: ;   {runtime_call UncommonTrapBlob}
  0x000001fb87d79d54: c5f8 77e8 

  0x000001fb87d79d58: ; ImmutableOopMap {[32]=Oop [48]=Oop [56]=NarrowOop [60]=NarrowOop }
                      ;*ifeq {reexecute=1 rethrow=0 return_oop=0}
                      ; - (reexecute) java.lang.StringConcatHelper::simpleConcat@30 (line 413)
                      ; - java.lang.invoke.DirectMethodHandle$Holder::invokeStatic@11
                      ; - java.lang.invoke.LambdaForm$MH/0x000001fb9700d000::invoke@21
                      ; - java.lang.invoke.Invokers$Holder::linkToTargetMethod@5
                      ; - io.github.universityTycoon.MainScreen::draw@189 (line 263)
  0x000001fb87d79d58: a485 72ff | bacc ffff | ff4c 8b54 | 2428 498b | ea44 8b5c | 243c 4489 | 5c24 2044 | 8b54 2438 
  0x000001fb87d79d78: 4489 5424 | 244c 894c | 2430 4889 | 7c24 3890 

  0x000001fb87d79d88: ;   {runtime_call UncommonTrapBlob}
  0x000001fb87d79d88: c5f8 77e8 

  0x000001fb87d79d8c: ; ImmutableOopMap {rbp=Oop [32]=NarrowOop [36]=NarrowOop [48]=Oop [56]=Oop }
                      ;*invokestatic arraycopy {reexecute=0 rethrow=0 return_oop=0}
                      ; - java.lang.String::getBytes@22 (line 4461)
                      ; - java.lang.StringConcatHelper::prepend@21 (line 354)
                      ; - java.lang.StringConcatHelper::simpleConcat@71 (line 424)
                      ; - java.lang.invoke.DirectMethodHandle$Holder::invokeStatic@11
                      ; - java.lang.invoke.LambdaForm$MH/0x000001fb9700d000::invoke@21
                      ; - java.lang.invoke.Invokers$Holder::linkToTargetMethod@5
                      ; - io.github.universityTycoon.MainScreen::draw@189 (line 263)
  0x000001fb87d79d8c: 7085 72ff | bacc ffff | ff48 8b6c | 2428 4889 | 7c24 3090 

  0x000001fb87d79da0: ;   {runtime_call UncommonTrapBlob}
  0x000001fb87d79da0: c5f8 77e8 

  0x000001fb87d79da4: ; ImmutableOopMap {rbp=Oop [48]=Oop [56]=NarrowOop [60]=NarrowOop }
                      ;*invokestatic arraycopy {reexecute=0 rethrow=0 return_oop=0}
                      ; - java.lang.String::getBytes@22 (line 4461)
                      ; - java.lang.StringConcatHelper::prepend@21 (line 354)
                      ; - java.lang.StringConcatHelper::simpleConcat@81 (line 425)
                      ; - java.lang.invoke.DirectMethodHandle$Holder::invokeStatic@11
                      ; - java.lang.invoke.LambdaForm$MH/0x000001fb9700d000::invoke@21
                      ; - java.lang.invoke.Invokers$Holder::linkToTargetMethod@5
                      ; - io.github.universityTycoon.MainScreen::draw@189 (line 263)
  0x000001fb87d79da4: 5885 72ff | bacc ffff | ff48 8b6c | 2440 448b | 5424 3c44 | 8954 2424 | 4c8b 5424 | 5048 895c 
  0x000001fb87d79dc4: 2430 4c89 | 5424 3844 | 895c 2440 

  0x000001fb87d79dd0: ;   {runtime_call UncommonTrapBlob}
  0x000001fb87d79dd0: c5f8 77e8 

  0x000001fb87d79dd4: ; ImmutableOopMap {rbp=Oop [36]=NarrowOop [56]=Oop [72]=NarrowOop [80]=Oop }
                      ;*invokestatic arraycopy {reexecute=0 rethrow=0 return_oop=0}
                      ; - java.lang.String::getBytes@22 (line 4461)
                      ; - java.lang.StringConcatHelper::prepend@21 (line 354)
                      ; - java.lang.StringConcatHelper::prepend@16 (line 302)
                      ; - java.lang.invoke.DirectMethodHandle$Holder::invokeStatic@17
                      ; - java.lang.invoke.LambdaForm$MH/0x000001fb97094400::invoke@28
                      ; - java.lang.invoke.LambdaForm$MH/0x000001fb97095400::invoke@51
                      ; - java.lang.invoke.Invokers$Holder::linkToTargetMethod@5
                      ; - io.github.universityTycoon.MainScreen::draw@239 (line 268)
  0x000001fb87d79dd4: 2885 72ff | bacc ffff | ff48 8b6c | 2440 448b | 4424 3844 | 8944 2424 | 4c8b 5c24 | 5048 895c 
  0x000001fb87d79df4: 2430 4c89 | 5c24 3844 | 8954 2440 

  0x000001fb87d79e00: ;   {runtime_call UncommonTrapBlob}
  0x000001fb87d79e00: c5f8 77e8 

  0x000001fb87d79e04: ; ImmutableOopMap {rbp=Oop [36]=NarrowOop [56]=Oop [72]=NarrowOop [80]=Oop }
                      ;*invokestatic arraycopy {reexecute=0 rethrow=0 return_oop=0}
                      ; - java.lang.String::getBytes@22 (line 4461)
                      ; - java.lang.StringConcatHelper::prepend@21 (line 354)
                      ; - java.lang.StringConcatHelper::prepend@16 (line 302)
                      ; - java.lang.invoke.DirectMethodHandle$Holder::invokeStatic@17
                      ; - java.lang.invoke.LambdaForm$MH/0x000001fb97094400::invoke@28
                      ; - java.lang.invoke.LambdaForm$MH/0x000001fb97095400::invoke@51
                      ; - java.lang.invoke.Invokers$Holder::linkToTargetMethod@5
                      ; - io.github.universityTycoon.MainScreen::draw@268 (line 269)
  0x000001fb87d79e04: f884 72ff | bacc ffff | ff48 8b6c | 2440 448b | 5c24 3844 | 895c 2424 | 4c8b 5c24 | 5048 895c 
  0x000001fb87d79e24: 2430 4c89 | 5c24 3844 | 8954 2440 

  0x000001fb87d79e30: ;   {runtime_call UncommonTrapBlob}
  0x000001fb87d79e30: c5f8 77e8 

  0x000001fb87d79e34: ; ImmutableOopMap {rbp=Oop [36]=NarrowOop [56]=Oop [72]=NarrowOop [80]=Oop }
                      ;*invokestatic arraycopy {reexecute=0 rethrow=0 return_oop=0}
                      ; - java.lang.String::getBytes@22 (line 4461)
                      ; - java.lang.StringConcatHelper::prepend@21 (line 354)
                      ; - java.lang.StringConcatHelper::prepend@16 (line 302)
                      ; - java.lang.invoke.DirectMethodHandle$Holder::invokeStatic@17
                      ; - java.lang.invoke.LambdaForm$MH/0x000001fb97094400::invoke@28
                      ; - java.lang.invoke.LambdaForm$MH/0x000001fb97095400::invoke@51
                      ; - java.lang.invoke.Invokers$Holder::linkToTargetMethod@5
                      ; - io.github.universityTycoon.MainScreen::draw@297 (line 270)
  0x000001fb87d79e34: c884 72ff | bacc ffff | ff48 8b6c | 2440 448b | 4424 3844 | 8944 2424 | 4c8b 5c24 | 5048 895c 
  0x000001fb87d79e54: 2430 4c89 | 5c24 3844 | 8954 2440 

  0x000001fb87d79e60: ;   {runtime_call UncommonTrapBlob}
  0x000001fb87d79e60: c5f8 77e8 

  0x000001fb87d79e64: ; ImmutableOopMap {rbp=Oop [36]=NarrowOop [56]=Oop [72]=NarrowOop [80]=Oop }
                      ;*invokestatic arraycopy {reexecute=0 rethrow=0 return_oop=0}
                      ; - java.lang.String::getBytes@22 (line 4461)
                      ; - java.lang.StringConcatHelper::prepend@21 (line 354)
                      ; - java.lang.StringConcatHelper::prepend@16 (line 302)
                      ; - java.lang.invoke.DirectMethodHandle$Holder::invokeStatic@17
                      ; - java.lang.invoke.LambdaForm$MH/0x000001fb97094400::invoke@28
                      ; - java.lang.invoke.LambdaForm$MH/0x000001fb97095400::invoke@51
                      ; - java.lang.invoke.Invokers$Holder::linkToTargetMethod@5
                      ; - io.github.universityTycoon.MainScreen::draw@326 (line 271)
  0x000001fb87d79e64: 9884 72ff | bacc ffff | ff48 8b6c | 2428 448b | 4424 3c44 | 8944 2420 | 448b 5c24 | 3844 895c 
  0x000001fb87d79e84: 2424 4889 | 5c24 3044 | 8954 2440 

  0x000001fb87d79e90: ;   {runtime_call UncommonTrapBlob}
  0x000001fb87d79e90: c5f8 77e8 

  0x000001fb87d79e94: ; ImmutableOopMap {rbp=Oop [32]=NarrowOop [36]=NarrowOop [48]=Oop [72]=NarrowOop }
                      ;*newarray {reexecute=1 rethrow=0 return_oop=0}
                      ; - (reexecute) java.util.Arrays::copyOfRange@41 (line 3822)
                      ; - java.lang.StringLatin1::newString@16 (line 769)
                      ; - java.lang.StringBuilder::toString@16 (line 453)
                      ; - java.util.Formatter::toString@8 (line 2525)
                      ; - java.lang.String::format@12 (line 4147)
                      ; - io.github.universityTycoon.MainScreen::draw@186 (line 263)
  0x000001fb87d79e94: 6884 72ff | bade ffff | ff44 895c | 2428 6690 

  0x000001fb87d79ea4: ;   {runtime_call UncommonTrapBlob}
  0x000001fb87d79ea4: c5f8 77e8 

  0x000001fb87d79ea8: ; ImmutableOopMap {rbp=NarrowOop [40]=NarrowOop [64]=Oop }
                      ;*invokeinterface glDepthMask {reexecute=0 rethrow=0 return_oop=0}
                      ; - com.badlogic.gdx.graphics.g2d.SpriteBatch::begin@26 (line 179)
                      ; - io.github.universityTycoon.MainScreen::draw@356 (line 282)
  0x000001fb87d79ea8: 5484 72ff | 4489 5424 | 2889 5424 | 2cba deff | ffff 6690 

  0x000001fb87d79ebc: ;   {runtime_call UncommonTrapBlob}
  0x000001fb87d79ebc: c5f8 77e8 

  0x000001fb87d79ec0: ; ImmutableOopMap {rbp=NarrowOop [40]=NarrowOop [64]=Oop }
                      ;*invokeinterface glUseProgram {reexecute=0 rethrow=0 return_oop=0}
                      ; - com.badlogic.gdx.graphics.glutils.ShaderProgram::bind@13 (line 705)
                      ; - com.badlogic.gdx.graphics.g2d.SpriteBatch::begin@52 (line 183)
                      ; - io.github.universityTycoon.MainScreen::draw@356 (line 282)
  0x000001fb87d79ec0: 3c84 72ff | bd01 0000 | 0045 33db | 4585 d241 | 0f47 ebba | 45ff ffff | 4489 4424 | 3066 6690 
  0x000001fb87d79ee0: ;   {runtime_call UncommonTrapBlob}
  0x000001fb87d79ee0: c5f8 77e8 

  0x000001fb87d79ee4: ; ImmutableOopMap {[40]=NarrowOop [44]=NarrowOop [48]=NarrowOop [56]=Oop }
                      ;*ifeq {reexecute=1 rethrow=0 return_oop=0}
                      ; - (reexecute) java.lang.StringConcatHelper::simpleConcat@30 (line 413)
                      ; - java.lang.invoke.DirectMethodHandle$Holder::invokeStatic@11
                      ; - java.lang.invoke.LambdaForm$MH/0x000001fb9700d000::invoke@21
                      ; - java.lang.invoke.Invokers$Holder::linkToTargetMethod@5
                      ; - io.github.universityTycoon.MainScreen::draw@373 (line 285)
  0x000001fb87d79ee4: 1884 72ff | bacc ffff | ff48 8b6c | 2438 448b | 4424 2844 | 8944 2420 | 448b 5c24 | 2c44 895c 
  0x000001fb87d79f04: 2424 4c8b | 5c24 4844 | 894c 2430 | 4c89 5c24 | 3844 8954 | 2434 6690 

  0x000001fb87d79f1c: ;   {runtime_call UncommonTrapBlob}
  0x000001fb87d79f1c: c5f8 77e8 

  0x000001fb87d79f20: ; ImmutableOopMap {rbp=Oop [32]=NarrowOop [36]=NarrowOop [48]=NarrowOop [56]=Oop [72]=Oop }
                      ;*invokestatic arraycopy {reexecute=0 rethrow=0 return_oop=0}
                      ; - java.lang.String::getBytes@22 (line 4461)
                      ; - java.lang.StringConcatHelper::prepend@21 (line 354)
                      ; - java.lang.StringConcatHelper::simpleConcat@71 (line 424)
                      ; - java.lang.invoke.DirectMethodHandle$Holder::invokeStatic@11
                      ; - java.lang.invoke.LambdaForm$MH/0x000001fb9700d000::invoke@21
                      ; - java.lang.invoke.Invokers$Holder::linkToTargetMethod@5
                      ; - io.github.universityTycoon.MainScreen::draw@373 (line 285)
  0x000001fb87d79f20: dc83 72ff | bacc ffff | ff48 8b6c | 2438 448b | 5424 2844 | 8954 2420 | 448b 5c24 | 2c44 895c 
  0x000001fb87d79f40: 2424 4c8b | 5424 484c | 8954 2430 

  0x000001fb87d79f4c: ;   {runtime_call UncommonTrapBlob}
  0x000001fb87d79f4c: c5f8 77e8 

  0x000001fb87d79f50: ; ImmutableOopMap {rbp=Oop [32]=NarrowOop [36]=NarrowOop [48]=Oop [72]=Oop }
                      ;*invokestatic arraycopy {reexecute=0 rethrow=0 return_oop=0}
                      ; - java.lang.String::getBytes@22 (line 4461)
                      ; - java.lang.StringConcatHelper::prepend@21 (line 354)
                      ; - java.lang.StringConcatHelper::simpleConcat@81 (line 425)
                      ; - java.lang.invoke.DirectMethodHandle$Holder::invokeStatic@11
                      ; - java.lang.invoke.LambdaForm$MH/0x000001fb9700d000::invoke@21
                      ; - java.lang.invoke.Invokers$Holder::linkToTargetMethod@5
                      ; - io.github.universityTycoon.MainScreen::draw@373 (line 285)
  0x000001fb87d79f50: ac83 72ff | 4d63 c1e9 | d187 ffff | baf6 ffff | ff8b 6c24 | 2c4c 894c | 2420 6690 

  0x000001fb87d79f6c: ;   {runtime_call UncommonTrapBlob}
  0x000001fb87d79f6c: c5f8 77e8 

  0x000001fb87d79f70: ; ImmutableOopMap {rbp=NarrowOop [32]=Oop }
                      ;*invokevirtual draw {reexecute=0 rethrow=0 return_oop=0}
                      ; - io.github.universityTycoon.MainScreen::draw@449 (line 289)
  0x000001fb87d79f70: 8c83 72ff | 4d63 d8e9 | 328c ffff | baf6 ffff | ff8b 6c24 | 2c4c 894c | 2420 6690 

  0x000001fb87d79f8c: ;   {runtime_call UncommonTrapBlob}
  0x000001fb87d79f8c: c5f8 77e8 

  0x000001fb87d79f90: ; ImmutableOopMap {rbp=NarrowOop [32]=Oop }
                      ;*invokevirtual draw {reexecute=0 rethrow=0 return_oop=0}
                      ; - io.github.universityTycoon.MainScreen::draw@474 (line 290)
  0x000001fb87d79f90: 6c83 72ff | 0fbe ebba | e4ff ffff | 4c8b 5424 | 384c 8954 | 2420 448b | 5c24 3444 | 895c 2428 
  0x000001fb87d79fb0: 448b 5424 | 3044 8954 | 242c 4c8b | 5424 604c | 8954 2438 | 4c89 5424 | 4044 8944 | 2448 4489 
  0x000001fb87d79fd0: 4c24 5890 

  0x000001fb87d79fd4: ;   {runtime_call UncommonTrapBlob}
  0x000001fb87d79fd4: c5f8 77e8 

  0x000001fb87d79fd8: ; ImmutableOopMap {[32]=Oop [40]=NarrowOop [44]=NarrowOop [56]=Oop [64]=Oop }
                      ;*bastore {reexecute=0 rethrow=0 return_oop=0}
                      ; - java.lang.Integer::getChars@97 (line 522)
                      ; - java.lang.StringConcatHelper::prepend@12 (line 283)
                      ; - java.lang.StringConcatHelper::prepend@3 (line 301)
                      ; - java.lang.invoke.DirectMethodHandle$Holder::invokeStatic@17
                      ; - java.lang.invoke.LambdaForm$MH/0x000001fb97094400::invoke@28
                      ; - java.lang.invoke.LambdaForm$MH/0x000001fb97095400::invoke@51
                      ; - java.lang.invoke.Invokers$Holder::linkToTargetMethod@5
                      ; - io.github.universityTycoon.MainScreen::draw@488 (line 291)
  0x000001fb87d79fd8: 2483 72ff | baf6 ffff | ff8b 6c24 | 304c 894c | 2420 6690 

  0x000001fb87d79fec: ;   {runtime_call UncommonTrapBlob}
  0x000001fb87d79fec: c5f8 77e8 

  0x000001fb87d79ff0: ; ImmutableOopMap {rbp=NarrowOop [32]=Oop }
                      ;*invokevirtual draw {reexecute=0 rethrow=0 return_oop=0}
                      ; - io.github.universityTycoon.MainScreen::draw@499 (line 291)
  0x000001fb87d79ff0: 0c83 72ff | 0fbe ebba | e4ff ffff | 4c8b 5424 | 384c 8954 | 2420 448b | 5424 3444 | 8954 2428 
  0x000001fb87d7a010: 448b 5c24 | 3044 895c | 242c 4c8b | 5424 504c | 8954 2438 | 4c89 5424 | 4044 894c | 2448 894c 
  0x000001fb87d7a030: 2458 6690 

  0x000001fb87d7a034: ;   {runtime_call UncommonTrapBlob}
  0x000001fb87d7a034: c5f8 77e8 

  0x000001fb87d7a038: ; ImmutableOopMap {[32]=Oop [40]=NarrowOop [44]=NarrowOop [56]=Oop [64]=Oop }
                      ;*bastore {reexecute=0 rethrow=0 return_oop=0}
                      ; - java.lang.Integer::getChars@97 (line 522)
                      ; - java.lang.StringConcatHelper::prepend@12 (line 283)
                      ; - java.lang.StringConcatHelper::prepend@3 (line 301)
                      ; - java.lang.invoke.DirectMethodHandle$Holder::invokeStatic@17
                      ; - java.lang.invoke.LambdaForm$MH/0x000001fb97094400::invoke@28
                      ; - java.lang.invoke.LambdaForm$MH/0x000001fb97095400::invoke@51
                      ; - java.lang.invoke.Invokers$Holder::linkToTargetMethod@5
                      ; - io.github.universityTycoon.MainScreen::draw@513 (line 292)
  0x000001fb87d7a038: c482 72ff | baf6 ffff | ff8b 6c24 | 304c 894c | 2420 6690 

  0x000001fb87d7a04c: ;   {runtime_call UncommonTrapBlob}
  0x000001fb87d7a04c: c5f8 77e8 

  0x000001fb87d7a050: ; ImmutableOopMap {rbp=NarrowOop [32]=Oop }
                      ;*invokevirtual draw {reexecute=0 rethrow=0 return_oop=0}
                      ; - io.github.universityTycoon.MainScreen::draw@524 (line 292)
  0x000001fb87d7a050: ac82 72ff | baf6 ffff | ff66 6690 

  0x000001fb87d7a05c: ;   {runtime_call UncommonTrapBlob}
  0x000001fb87d7a05c: c5f8 77e8 

  0x000001fb87d7a060: ; ImmutableOopMap {}
                      ;*invokevirtual getSeconds {reexecute=0 rethrow=0 return_oop=0}
                      ; - io.github.universityTycoon.MainScreen::draw@538 (line 294)
  0x000001fb87d7a060: 9c82 72ff | 0fbe eaba | e4ff ffff | 4c8b 5c24 | 384c 895c | 2420 4889 | 5c24 3848 | 895c 2440 
  0x000001fb87d7a080: 4489 4c24 | 4c44 8954 | 2458 6690 

  0x000001fb87d7a08c: ;   {runtime_call UncommonTrapBlob}
  0x000001fb87d7a08c: c5f8 77e8 

  0x000001fb87d7a090: ; ImmutableOopMap {[32]=Oop [40]=NarrowOop [44]=NarrowOop [56]=Oop [64]=Oop }
                      ;*bastore {reexecute=0 rethrow=0 return_oop=0}
                      ; - java.lang.Long::getChars@172 (line 570)
                      ; - java.lang.StringConcatHelper::prepend@12 (line 318)
                      ; - java.lang.StringConcatHelper::prepend@3 (line 336)
                      ; - java.lang.invoke.DirectMethodHandle$Holder::invokeStatic@17
                      ; - java.lang.invoke.LambdaForm$MH/0x000001fb97097c00::invoke@28
                      ; - java.lang.invoke.LambdaForm$MH/0x000001fb97099000::invoke@54
                      ; - java.lang.invoke.Invokers$Holder::linkToTargetMethod@5
                      ; - io.github.universityTycoon.MainScreen::draw@545 (line 294)
  0x000001fb87d7a090: 6c82 72ff | baf6 ffff | ff8b 6c24 | 2c4c 894c | 2420 6690 

  0x000001fb87d7a0a4: ;   {runtime_call UncommonTrapBlob}
  0x000001fb87d7a0a4: c5f8 77e8 

  0x000001fb87d7a0a8: ; ImmutableOopMap {rbp=NarrowOop [32]=Oop }
                      ;*invokevirtual draw {reexecute=0 rethrow=0 return_oop=0}
                      ; - io.github.universityTycoon.MainScreen::draw@556 (line 294)
  0x000001fb87d7a0a8: 5482 72ff | 4489 4424 

  0x000001fb87d7a0b0: ;   {metadata({type array byte})}
  0x000001fb87d7a0b0: 7c48 ba38 | 6700 96fb | 0100 0044 | 8b44 2464 

  0x000001fb87d7a0c0: ;   {runtime_call _new_array_Java}
  0x000001fb87d7a0c0: c5f8 77e8 

  0x000001fb87d7a0c4: ; ImmutableOopMap {rbp=Oop [40]=NarrowOop [44]=NarrowOop [48]=Oop [56]=Oop [72]=Oop [124]=NarrowOop }
                      ;*invokevirtual allocateUninitializedArray0 {reexecute=0 rethrow=0 return_oop=1}
                      ; - jdk.internal.misc.Unsafe::allocateUninitializedArray@51 (line 1375)
                      ; - java.lang.StringConcatHelper::newArray@19 (line 494)
                      ; - java.lang.StringConcatHelper::newArrayWithSuffix@7 (line 475)
                      ; - java.lang.invoke.DirectMethodHandle$Holder::invokeStatic@13
                      ; - java.lang.invoke.LambdaForm$MH/0x000001fb97098400::invoke@23
                      ; - java.lang.invoke.LambdaForm$MH/0x000001fb97097000::invoke@49
                      ; - java.lang.invoke.LambdaForm$MH/0x000001fb97097400::linkToTargetMethod@5
                      ; - io.github.universityTycoon.MainScreen::draw@793 (line 309)
  0x000001fb87d7a0c4: 3853 7dff | 4c8b d8e9 | d7bc ffff 

  0x000001fb87d7a0d0: ;   {metadata('java/lang/String')}
  0x000001fb87d7a0d0: 48ba 70e9 | 0096 fb01 | 0000 488b | 6c24 3890 

  0x000001fb87d7a0e0: ;   {runtime_call _new_instance_Java}
  0x000001fb87d7a0e0: c5f8 77e8 

  0x000001fb87d7a0e4: ; ImmutableOopMap {rbp=Oop [40]=NarrowOop [44]=NarrowOop [48]=Oop [56]=Oop [72]=Oop [128]=Oop }
                      ;*new {reexecute=0 rethrow=0 return_oop=1}
                      ; - java.lang.StringConcatHelper::newString@6 (line 387)
                      ; - java.lang.invoke.DirectMethodHandle$Holder::invokeStatic@13
                      ; - java.lang.invoke.LambdaForm$MH/0x000001fb97097000::invoke@90
                      ; - java.lang.invoke.LambdaForm$MH/0x000001fb97097400::linkToTargetMethod@5
                      ; - io.github.universityTycoon.MainScreen::draw@793 (line 309)
  0x000001fb87d7a0e4: 1850 7dff | 4c8b d0e9 | cabd ffff | 4489 4c24 

  0x000001fb87d7a0f4: ;   {metadata({type array byte})}
  0x000001fb87d7a0f4: 4848 ba38 | 6700 96fb | 0100 0044 | 8b44 2444 | 4c89 5424 | 6866 6690 

  0x000001fb87d7a10c: ;   {runtime_call _new_array_Java}
  0x000001fb87d7a10c: c5f8 77e8 

  0x000001fb87d7a110: ; ImmutableOopMap {rbp=Oop [40]=NarrowOop [44]=NarrowOop [56]=Oop [72]=NarrowOop }
                      ;*invokevirtual allocateUninitializedArray0 {reexecute=0 rethrow=0 return_oop=1}
                      ; - jdk.internal.misc.Unsafe::allocateUninitializedArray@51 (line 1375)
                      ; - java.lang.StringConcatHelper::newArray@19 (line 494)
                      ; - java.lang.invoke.DirectMethodHandle$Holder::invokeStatic@10
                      ; - java.lang.invoke.LambdaForm$MH/0x000001fb97097000::invoke@49
                      ; - java.lang.invoke.LambdaForm$MH/0x000001fb97097400::linkToTargetMethod@5
                      ; - io.github.universityTycoon.MainScreen::draw@818 (line 310)
  0x000001fb87d7a110: ec52 7dff | 4c8b d8e9 | 89c1 ffff 

  0x000001fb87d7a11c: ;   {metadata('java/lang/String')}
  0x000001fb87d7a11c: 48ba 70e9 | 0096 fb01 | 0000 488b | 6c24 3890 

  0x000001fb87d7a12c: ;   {runtime_call _new_instance_Java}
  0x000001fb87d7a12c: c5f8 77e8 

  0x000001fb87d7a130: ; ImmutableOopMap {rbp=Oop [40]=NarrowOop [44]=NarrowOop [56]=Oop [104]=Oop }
                      ;*new {reexecute=0 rethrow=0 return_oop=1}
                      ; - java.lang.StringConcatHelper::newString@6 (line 387)
                      ; - java.lang.invoke.DirectMethodHandle$Holder::invokeStatic@13
                      ; - java.lang.invoke.LambdaForm$MH/0x000001fb97097000::invoke@90
                      ; - java.lang.invoke.LambdaForm$MH/0x000001fb97097400::linkToTargetMethod@5
                      ; - io.github.universityTycoon.MainScreen::draw@818 (line 310)
  0x000001fb87d7a130: cc4f 7dff | 4c8b d0e9 | 34c2 ffff 

  0x000001fb87d7a13c: ;   {metadata({type array byte})}
  0x000001fb87d7a13c: 48ba 3867 | 0096 fb01 | 0000 448b | 4424 3089 | 4424 3490 

  0x000001fb87d7a150: ;   {runtime_call _new_array_Java}
  0x000001fb87d7a150: c5f8 77e8 

  0x000001fb87d7a154: ; ImmutableOopMap {[40]=NarrowOop [44]=NarrowOop [56]=Oop }
                      ;*invokevirtual allocateUninitializedArray0 {reexecute=0 rethrow=0 return_oop=1}
                      ; - jdk.internal.misc.Unsafe::allocateUninitializedArray@51 (line 1375)
                      ; - java.lang.StringConcatHelper::newArray@19 (line 494)
                      ; - java.lang.invoke.DirectMethodHandle$Holder::invokeStatic@10
                      ; - java.lang.invoke.LambdaForm$MH/0x000001fb97095400::invoke@31
                      ; - java.lang.invoke.Invokers$Holder::linkToTargetMethod@5
                      ; - io.github.universityTycoon.MainScreen::draw@843 (line 311)
  0x000001fb87d7a154: a852 7dff | 4c8b d8e9 | 0bc3 ffff 

  0x000001fb87d7a160: ;   {metadata('java/lang/String')}
  0x000001fb87d7a160: 48ba 70e9 | 0096 fb01 | 0000 488b | 6c24 3890 

  0x000001fb87d7a170: ;   {runtime_call _new_instance_Java}
  0x000001fb87d7a170: c5f8 77e8 

  0x000001fb87d7a174: ; ImmutableOopMap {rbp=Oop [40]=NarrowOop [44]=NarrowOop [56]=Oop [72]=Oop }
                      ;*new {reexecute=0 rethrow=0 return_oop=1}
                      ; - java.lang.StringConcatHelper::newString@6 (line 387)
                      ; - java.lang.invoke.DirectMethodHandle$Holder::invokeStatic@13
                      ; - java.lang.invoke.LambdaForm$MH/0x000001fb97095400::invoke@71
                      ; - java.lang.invoke.Invokers$Holder::linkToTargetMethod@5
                      ; - io.github.universityTycoon.MainScreen::draw@843 (line 311)
  0x000001fb87d7a174: 884f 7dff | 4c8b d0e9 | 28c4 ffff 

  0x000001fb87d7a180: ;   {metadata({type array byte})}
  0x000001fb87d7a180: 48ba 3867 | 0096 fb01 | 0000 448b | 4424 3089 | 4424 3490 

  0x000001fb87d7a194: ;   {runtime_call _new_array_Java}
  0x000001fb87d7a194: c5f8 77e8 

  0x000001fb87d7a198: ; ImmutableOopMap {[40]=NarrowOop [44]=NarrowOop [56]=Oop }
                      ;*invokevirtual allocateUninitializedArray0 {reexecute=0 rethrow=0 return_oop=1}
                      ; - jdk.internal.misc.Unsafe::allocateUninitializedArray@51 (line 1375)
                      ; - java.lang.StringConcatHelper::newArray@19 (line 494)
                      ; - java.lang.invoke.DirectMethodHandle$Holder::invokeStatic@10
                      ; - java.lang.invoke.LambdaForm$MH/0x000001fb97095400::invoke@31
                      ; - java.lang.invoke.Invokers$Holder::linkToTargetMethod@5
                      ; - io.github.universityTycoon.MainScreen::draw@868 (line 312)
  0x000001fb87d7a198: 6452 7dff | 4c8b d0e9 | 0bc5 ffff 

  0x000001fb87d7a1a4: ;   {metadata('java/lang/String')}
  0x000001fb87d7a1a4: 48ba 70e9 | 0096 fb01 | 0000 488b | 6c24 3890 

  0x000001fb87d7a1b4: ;   {runtime_call _new_instance_Java}
  0x000001fb87d7a1b4: c5f8 77e8 

  0x000001fb87d7a1b8: ; ImmutableOopMap {rbp=Oop [40]=NarrowOop [44]=NarrowOop [56]=Oop [72]=Oop }
                      ;*new {reexecute=0 rethrow=0 return_oop=1}
                      ; - java.lang.StringConcatHelper::newString@6 (line 387)
                      ; - java.lang.invoke.DirectMethodHandle$Holder::invokeStatic@13
                      ; - java.lang.invoke.LambdaForm$MH/0x000001fb97095400::invoke@71
                      ; - java.lang.invoke.Invokers$Holder::linkToTargetMethod@5
                      ; - io.github.universityTycoon.MainScreen::draw@868 (line 312)
  0x000001fb87d7a1b8: 444f 7dff | 4c8b d0e9 | 08c6 ffff 

  0x000001fb87d7a1c4: ;   {metadata({type array byte})}
  0x000001fb87d7a1c4: 48ba 3867 | 0096 fb01 | 0000 448b | 4424 3089 | 4424 3490 

  0x000001fb87d7a1d8: ;   {runtime_call _new_array_Java}
  0x000001fb87d7a1d8: c5f8 77e8 

  0x000001fb87d7a1dc: ; ImmutableOopMap {[40]=NarrowOop [44]=NarrowOop [56]=Oop }
                      ;*invokevirtual allocateUninitializedArray0 {reexecute=0 rethrow=0 return_oop=1}
                      ; - jdk.internal.misc.Unsafe::allocateUninitializedArray@51 (line 1375)
                      ; - java.lang.StringConcatHelper::newArray@19 (line 494)
                      ; - java.lang.invoke.DirectMethodHandle$Holder::invokeStatic@10
                      ; - java.lang.invoke.LambdaForm$MH/0x000001fb97095400::invoke@31
                      ; - java.lang.invoke.Invokers$Holder::linkToTargetMethod@5
                      ; - io.github.universityTycoon.MainScreen::draw@893 (line 313)
  0x000001fb87d7a1dc: 2052 7dff | 4c8b d0e9 | eec6 ffff 

  0x000001fb87d7a1e8: ;   {metadata('java/lang/String')}
  0x000001fb87d7a1e8: 48ba 70e9 | 0096 fb01 | 0000 488b | 6c24 3890 

  0x000001fb87d7a1f8: ;   {runtime_call _new_instance_Java}
  0x000001fb87d7a1f8: c5f8 77e8 

  0x000001fb87d7a1fc: ; ImmutableOopMap {rbp=Oop [40]=NarrowOop [44]=NarrowOop [56]=Oop [72]=Oop }
                      ;*new {reexecute=0 rethrow=0 return_oop=1}
                      ; - java.lang.StringConcatHelper::newString@6 (line 387)
                      ; - java.lang.invoke.DirectMethodHandle$Holder::invokeStatic@13
                      ; - java.lang.invoke.LambdaForm$MH/0x000001fb97095400::invoke@71
                      ; - java.lang.invoke.Invokers$Holder::linkToTargetMethod@5
                      ; - io.github.universityTycoon.MainScreen::draw@893 (line 313)
  0x000001fb87d7a1fc: 004f 7dff | 4c8b d0e9 | f2c7 ffff 

  0x000001fb87d7a208: ;   {metadata({type array byte})}
  0x000001fb87d7a208: 48ba 3867 | 0096 fb01 | 0000 448b | 4424 2490 

  0x000001fb87d7a218: ;   {runtime_call _new_array_Java}
  0x000001fb87d7a218: c5f8 77e8 

  0x000001fb87d7a21c: ; ImmutableOopMap {[40]=NarrowOop [44]=NarrowOop [56]=Oop }
                      ;*invokevirtual allocateUninitializedArray0 {reexecute=0 rethrow=0 return_oop=1}
                      ; - jdk.internal.misc.Unsafe::allocateUninitializedArray@51 (line 1375)
                      ; - java.lang.StringConcatHelper::newArray@19 (line 494)
                      ; - java.lang.StringConcatHelper::newArrayWithSuffix@7 (line 475)
                      ; - java.lang.invoke.DirectMethodHandle$Holder::invokeStatic@13
                      ; - java.lang.invoke.LambdaForm$MH/0x000001fb97098400::invoke@23
                      ; - java.lang.invoke.LambdaForm$MH/0x000001fb97099000::invoke@33
                      ; - java.lang.invoke.Invokers$Holder::linkToTargetMethod@5
                      ; - io.github.universityTycoon.MainScreen::draw@925 (line 314)
  0x000001fb87d7a21c: e051 7dff | 4c8b d0e9 | 5ac9 ffff 

  0x000001fb87d7a228: ;   {metadata('java/lang/String')}
  0x000001fb87d7a228: 488b eb48 | ba70 e900 | 96fb 0100 | 0066 6690 

  0x000001fb87d7a238: ;   {runtime_call _new_instance_Java}
  0x000001fb87d7a238: c5f8 77e8 

  0x000001fb87d7a23c: ; ImmutableOopMap {rbp=Oop [40]=NarrowOop [44]=NarrowOop [56]=Oop }
                      ;*new {reexecute=0 rethrow=0 return_oop=1}
                      ; - java.lang.StringConcatHelper::newString@6 (line 387)
                      ; - java.lang.invoke.DirectMethodHandle$Holder::invokeStatic@13
                      ; - java.lang.invoke.LambdaForm$MH/0x000001fb97099000::invoke@74
                      ; - java.lang.invoke.Invokers$Holder::linkToTargetMethod@5
                      ; - io.github.universityTycoon.MainScreen::draw@925 (line 314)
  0x000001fb87d7a23c: c04e 7dff | 488b dd4c | 8bd8 e9a5 | caff ffba | deff ffff | 488b 6c24 | 3844 8b5c | 2428 4489 
  0x000001fb87d7a25c: 5c24 2044 | 8b44 242c | 4489 4424 | 244c 8954 | 2428 6690 

  0x000001fb87d7a270: ;   {runtime_call UncommonTrapBlob}
  0x000001fb87d7a270: c5f8 77e8 

  0x000001fb87d7a274: ; ImmutableOopMap {rbp=Oop [32]=NarrowOop [36]=NarrowOop [40]=Oop }
                      ;*invokeinterface toJavaFormatString {reexecute=0 rethrow=0 return_oop=0}
                      ; - jdk.internal.math.FloatingDecimal::toJavaFormatString@4 (line 80)
                      ; - java.lang.Float::toString@1 (line 226)
                      ; - java.lang.String::valueOf@1 (line 4357)
                      ; - java.lang.invoke.LambdaForm$DMH/0x000001fb97095800::invokeStatic@10
                      ; - java.lang.invoke.LambdaForm$MH/0x000001fb97097000::invoke@15
                      ; - java.lang.invoke.LambdaForm$MH/0x000001fb97097400::linkToTargetMethod@5
                      ; - io.github.universityTycoon.MainScreen::draw@438 (line 289)
  0x000001fb87d7a274: 8880 72ff | bacc ffff | ff48 8b6c | 2438 448b | 4c24 2844 | 894c 2420 | 448b 4424 | 2c44 8944 
  0x000001fb87d7a294: 2424 4889 | 4c24 3044 | 8954 2438 | 4889 4c24 | 4044 895c | 243c 6690 

  0x000001fb87d7a2ac: ;   {runtime_call UncommonTrapBlob}
  0x000001fb87d7a2ac: c5f8 77e8 

  0x000001fb87d7a2b0: ; ImmutableOopMap {rbp=Oop [32]=NarrowOop [36]=NarrowOop [48]=Oop [56]=NarrowOop [64]=Oop }
                      ;*invokestatic arraycopy {reexecute=0 rethrow=0 return_oop=0}
                      ; - java.lang.String::getBytes@22 (line 4461)
                      ; - java.lang.StringConcatHelper::prepend@21 (line 354)
                      ; - java.lang.StringConcatHelper::prepend@3 (line 373)
                      ; - java.lang.invoke.DirectMethodHandle$Holder::invokeStatic@17
                      ; - java.lang.invoke.LambdaForm$MH/0x000001fb97089400::invoke@28
                      ; - java.lang.invoke.LambdaForm$MH/0x000001fb97097000::invoke@70
                      ; - java.lang.invoke.LambdaForm$MH/0x000001fb97097400::linkToTargetMethod@5
                      ; - io.github.universityTycoon.MainScreen::draw@438 (line 289)
  0x000001fb87d7a2b0: 4c80 72ff | bacc ffff | ff48 8b6c | 2438 448b | 5c24 2844 | 895c 2420 | 448b 5424 | 2c44 8954 
  0x000001fb87d7a2d0: 2424 4c8b | 5424 704c | 8954 2430 

  0x000001fb87d7a2dc: ;   {runtime_call UncommonTrapBlob}
  0x000001fb87d7a2dc: c5f8 77e8 

  0x000001fb87d7a2e0: ; ImmutableOopMap {rbp=Oop [32]=NarrowOop [36]=NarrowOop [48]=Oop [112]=Oop }
                      ;*invokestatic arraycopy {reexecute=0 rethrow=0 return_oop=0}
                      ; - java.lang.String::getBytes@22 (line 4461)
                      ; - java.lang.StringConcatHelper::prepend@21 (line 354)
                      ; - java.lang.StringConcatHelper::prepend@16 (line 374)
                      ; - java.lang.invoke.DirectMethodHandle$Holder::invokeStatic@17
                      ; - java.lang.invoke.LambdaForm$MH/0x000001fb97089400::invoke@28
                      ; - java.lang.invoke.LambdaForm$MH/0x000001fb97097000::invoke@70
                      ; - java.lang.invoke.LambdaForm$MH/0x000001fb97097400::linkToTargetMethod@5
                      ; - io.github.universityTycoon.MainScreen::draw@438 (line 289)
  0x000001fb87d7a2e0: 1c80 72ff | bade ffff | ff48 8b6c | 2438 448b | 5c24 2844 | 895c 2420 | 448b 4424 | 2c44 8944 
  0x000001fb87d7a300: 2424 4c89 | 5424 2890 

  0x000001fb87d7a308: ;   {runtime_call UncommonTrapBlob}
  0x000001fb87d7a308: c5f8 77e8 

  0x000001fb87d7a30c: ; ImmutableOopMap {rbp=Oop [32]=NarrowOop [36]=NarrowOop [40]=Oop }
                      ;*invokeinterface toJavaFormatString {reexecute=0 rethrow=0 return_oop=0}
                      ; - jdk.internal.math.FloatingDecimal::toJavaFormatString@4 (line 80)
                      ; - java.lang.Float::toString@1 (line 226)
                      ; - java.lang.String::valueOf@1 (line 4357)
                      ; - java.lang.invoke.LambdaForm$DMH/0x000001fb97095800::invokeStatic@10
                      ; - java.lang.invoke.LambdaForm$MH/0x000001fb97097000::invoke@15
                      ; - java.lang.invoke.LambdaForm$MH/0x000001fb97097400::linkToTargetMethod@5
                      ; - io.github.universityTycoon.MainScreen::draw@463 (line 290)
  0x000001fb87d7a30c: f07f 72ff | bacc ffff | ff48 8b6c | 2438 448b | 5c24 2844 | 895c 2420 | 448b 4424 | 2c44 8944 
  0x000001fb87d7a32c: 2424 4889 | 5c24 3048 | 895c 2440 | 4489 5424 | 3c66 6690 

  0x000001fb87d7a340: ;   {runtime_call UncommonTrapBlob}
  0x000001fb87d7a340: c5f8 77e8 

  0x000001fb87d7a344: ; ImmutableOopMap {rbp=Oop [32]=NarrowOop [36]=NarrowOop [48]=Oop [64]=Oop [72]=NarrowOop }
                      ;*invokestatic arraycopy {reexecute=0 rethrow=0 return_oop=0}
                      ; - java.lang.String::getBytes@22 (line 4461)
                      ; - java.lang.StringConcatHelper::prepend@21 (line 354)
                      ; - java.lang.StringConcatHelper::prepend@3 (line 373)
                      ; - java.lang.invoke.DirectMethodHandle$Holder::invokeStatic@17
                      ; - java.lang.invoke.LambdaForm$MH/0x000001fb97089400::invoke@28
                      ; - java.lang.invoke.LambdaForm$MH/0x000001fb97097000::invoke@70
                      ; - java.lang.invoke.LambdaForm$MH/0x000001fb97097400::linkToTargetMethod@5
                      ; - io.github.universityTycoon.MainScreen::draw@463 (line 290)
  0x000001fb87d7a344: b87f 72ff | bacc ffff | ff48 8b6c | 2438 448b | 5424 2844 | 8954 2420 | 448b 5c24 | 2c44 895c 
  0x000001fb87d7a364: 2424 4889 | 5c24 3090 

  0x000001fb87d7a36c: ;   {runtime_call UncommonTrapBlob}
  0x000001fb87d7a36c: c5f8 77e8 

  0x000001fb87d7a370: ; ImmutableOopMap {rbp=Oop [32]=NarrowOop [36]=NarrowOop [48]=Oop [96]=Oop }
                      ;*invokestatic arraycopy {reexecute=0 rethrow=0 return_oop=0}
                      ; - java.lang.String::getBytes@22 (line 4461)
                      ; - java.lang.StringConcatHelper::prepend@21 (line 354)
                      ; - java.lang.StringConcatHelper::prepend@16 (line 374)
                      ; - java.lang.invoke.DirectMethodHandle$Holder::invokeStatic@17
                      ; - java.lang.invoke.LambdaForm$MH/0x000001fb97089400::invoke@28
                      ; - java.lang.invoke.LambdaForm$MH/0x000001fb97097000::invoke@70
                      ; - java.lang.invoke.LambdaForm$MH/0x000001fb97097400::linkToTargetMethod@5
                      ; - io.github.universityTycoon.MainScreen::draw@463 (line 290)
  0x000001fb87d7a370: 8c7f 72ff | bae4 ffff | ff4c 8b5c | 2438 4c89 | 5c24 2089 | 4c24 3444 | 8954 243c | 4489 4c24 
  0x000001fb87d7a390: 4066 6690 

  0x000001fb87d7a394: ;   {runtime_call UncommonTrapBlob}
  0x000001fb87d7a394: c5f8 77e8 

  0x000001fb87d7a398: ; ImmutableOopMap {[32]=Oop [40]=NarrowOop [44]=NarrowOop [52]=NarrowOop [60]=NarrowOop }
                      ;*aaload {reexecute=0 rethrow=0 return_oop=0}
                      ; - java.lang.ThreadLocal$ThreadLocalMap::getEntry@18 (line 435)
                      ; - java.lang.ThreadLocal::get@16 (line 165)
                      ; - jdk.internal.math.FloatingDecimal::getBinaryToASCIIBuffer@3 (line 986)
                      ; - jdk.internal.math.FloatingDecimal::getBinaryToASCIIConverter@134 (line 1822)
                      ; - jdk.internal.math.FloatingDecimal::toJavaFormatString@1 (line 80)
                      ; - java.lang.Float::toString@1 (line 226)
                      ; - java.lang.String::valueOf@1 (line 4357)
                      ; - java.lang.invoke.LambdaForm$DMH/0x000001fb97095800::invokeStatic@10
                      ; - java.lang.invoke.LambdaForm$MH/0x000001fb97097000::invoke@15
                      ; - java.lang.invoke.LambdaForm$MH/0x000001fb97097400::linkToTargetMethod@5
                      ; - io.github.universityTycoon.MainScreen::draw@438 (line 289)
  0x000001fb87d7a398: 647f 72ff | bacc ffff | ff48 8b6c | 2438 448b | 4424 3444 | 8944 2420 | 448b 5c24 | 3044 895c 
  0x000001fb87d7a3b8: 2424 4c8b | 5c24 6048 | 895c 2430 | 4c89 5c24 | 3844 8954 | 2440 6690 

  0x000001fb87d7a3d0: ;   {runtime_call UncommonTrapBlob}
  0x000001fb87d7a3d0: c5f8 77e8 

  0x000001fb87d7a3d4: ; ImmutableOopMap {rbp=Oop [32]=NarrowOop [36]=NarrowOop [56]=Oop [96]=Oop }
                      ;*invokestatic arraycopy {reexecute=0 rethrow=0 return_oop=0}
                      ; - java.lang.String::getBytes@22 (line 4461)
                      ; - java.lang.StringConcatHelper::prepend@21 (line 354)
                      ; - java.lang.StringConcatHelper::prepend@16 (line 302)
                      ; - java.lang.invoke.DirectMethodHandle$Holder::invokeStatic@17
                      ; - java.lang.invoke.LambdaForm$MH/0x000001fb97094400::invoke@28
                      ; - java.lang.invoke.LambdaForm$MH/0x000001fb97095400::invoke@51
                      ; - java.lang.invoke.Invokers$Holder::linkToTargetMethod@5
                      ; - io.github.universityTycoon.MainScreen::draw@488 (line 291)
  0x000001fb87d7a3d4: 287f 72ff | bacc ffff | ff48 8b6c | 2438 448b | 5c24 3444 | 895c 2420 | 448b 4424 | 3044 8944 
  0x000001fb87d7a3f4: 2424 4c8b | 5c24 5048 | 895c 2430 | 4c89 5c24 | 3844 8954 | 2440 6690 

  0x000001fb87d7a40c: ;   {runtime_call UncommonTrapBlob}
  0x000001fb87d7a40c: c5f8 77e8 

  0x000001fb87d7a410: ; ImmutableOopMap {rbp=Oop [32]=NarrowOop [36]=NarrowOop [56]=Oop [80]=Oop }
                      ;*invokestatic arraycopy {reexecute=0 rethrow=0 return_oop=0}
                      ; - java.lang.String::getBytes@22 (line 4461)
                      ; - java.lang.StringConcatHelper::prepend@21 (line 354)
                      ; - java.lang.StringConcatHelper::prepend@16 (line 302)
                      ; - java.lang.invoke.DirectMethodHandle$Holder::invokeStatic@17
                      ; - java.lang.invoke.LambdaForm$MH/0x000001fb97094400::invoke@28
                      ; - java.lang.invoke.LambdaForm$MH/0x000001fb97095400::invoke@51
                      ; - java.lang.invoke.Invokers$Holder::linkToTargetMethod@5
                      ; - io.github.universityTycoon.MainScreen::draw@513 (line 292)
  0x000001fb87d7a410: ec7e 72ff | bae4 ffff | ff4c 8b44 | 2438 4c89 | 4424 2044 | 895c 2434 | 4489 5424 | 3c44 894c 
  0x000001fb87d7a430: 2440 6690 

  0x000001fb87d7a434: ;   {runtime_call UncommonTrapBlob}
  0x000001fb87d7a434: c5f8 77e8 

  0x000001fb87d7a438: ; ImmutableOopMap {[32]=Oop [40]=NarrowOop [44]=NarrowOop [52]=NarrowOop [60]=NarrowOop }
                      ;*aaload {reexecute=0 rethrow=0 return_oop=0}
                      ; - java.lang.ThreadLocal$ThreadLocalMap::getEntry@18 (line 435)
                      ; - java.lang.ThreadLocal::get@16 (line 165)
                      ; - jdk.internal.math.FloatingDecimal::getBinaryToASCIIBuffer@3 (line 986)
                      ; - jdk.internal.math.FloatingDecimal::getBinaryToASCIIConverter@134 (line 1822)
                      ; - jdk.internal.math.FloatingDecimal::toJavaFormatString@1 (line 80)
                      ; - java.lang.Float::toString@1 (line 226)
                      ; - java.lang.String::valueOf@1 (line 4357)
                      ; - java.lang.invoke.LambdaForm$DMH/0x000001fb97095800::invokeStatic@10
                      ; - java.lang.invoke.LambdaForm$MH/0x000001fb97097000::invoke@15
                      ; - java.lang.invoke.LambdaForm$MH/0x000001fb97097400::linkToTargetMethod@5
                      ; - io.github.universityTycoon.MainScreen::draw@463 (line 290)
  0x000001fb87d7a438: c47e 72ff | bacc ffff | ff4c 8b54 | 2438 4c89 | 5424 204c | 896c 2440 | 894c 2448 

  0x000001fb87d7a454: ;   {runtime_call UncommonTrapBlob}
  0x000001fb87d7a454: c5f8 77e8 

  0x000001fb87d7a458: ; ImmutableOopMap {[32]=Oop [40]=NarrowOop [44]=NarrowOop [64]=Oop }
                      ;*invokestatic arraycopy {reexecute=0 rethrow=0 return_oop=0}
                      ; - java.lang.String::getBytes@22 (line 4461)
                      ; - java.lang.StringConcatHelper::newArrayWithSuffix@24 (line 477)
                      ; - java.lang.invoke.DirectMethodHandle$Holder::invokeStatic@13
                      ; - java.lang.invoke.LambdaForm$MH/0x000001fb97098400::invoke@23
                      ; - java.lang.invoke.LambdaForm$MH/0x000001fb97099000::invoke@33
                      ; - java.lang.invoke.Invokers$Holder::linkToTargetMethod@5
                      ; - io.github.universityTycoon.MainScreen::draw@545 (line 294)
  0x000001fb87d7a458: a47e 72ff | bacc ffff | ff48 8b6c | 2438 448b | 4424 2844 | 8944 2420 | 448b 5424 | 2c44 8954 
  0x000001fb87d7a478: 2424 4889 | 7c24 3048 | 895c 2438 | 4489 5c24 | 4066 6690 

  0x000001fb87d7a48c: ;   {runtime_call UncommonTrapBlob}
  0x000001fb87d7a48c: c5f8 77e8 

  0x000001fb87d7a490: ; ImmutableOopMap {rbp=Oop [32]=NarrowOop [36]=NarrowOop [56]=Oop }
                      ;*invokestatic arraycopy {reexecute=0 rethrow=0 return_oop=0}
                      ; - java.lang.String::getBytes@22 (line 4461)
                      ; - java.lang.StringConcatHelper::prepend@21 (line 354)
                      ; - java.lang.StringConcatHelper::prepend@16 (line 337)
                      ; - java.lang.invoke.DirectMethodHandle$Holder::invokeStatic@17
                      ; - java.lang.invoke.LambdaForm$MH/0x000001fb97097c00::invoke@28
                      ; - java.lang.invoke.LambdaForm$MH/0x000001fb97099000::invoke@54
                      ; - java.lang.invoke.Invokers$Holder::linkToTargetMethod@5
                      ; - io.github.universityTycoon.MainScreen::draw@545 (line 294)
  0x000001fb87d7a490: 6c7e 72ff | ba45 ffff | ff4c 8b5c | 2438 4c89 | 5c24 2089 | 4c24 3444 | 894c 2438 | 4489 5424 
  0x000001fb87d7a4b0: 3c66 6690 

  0x000001fb87d7a4b4: ;   {runtime_call UncommonTrapBlob}
  0x000001fb87d7a4b4: c5f8 77e8 

  0x000001fb87d7a4b8: ; ImmutableOopMap {[32]=Oop [40]=NarrowOop [44]=NarrowOop [52]=NarrowOop [60]=NarrowOop }
                      ;*ifeq {reexecute=1 rethrow=0 return_oop=0}
                      ; - (reexecute) java.lang.ThreadLocal$ThreadLocalMap::getEntry@29 (line 436)
                      ; - java.lang.ThreadLocal::get@16 (line 165)
                      ; - jdk.internal.math.FloatingDecimal::getBinaryToASCIIBuffer@3 (line 986)
                      ; - jdk.internal.math.FloatingDecimal::getBinaryToASCIIConverter@134 (line 1822)
                      ; - jdk.internal.math.FloatingDecimal::toJavaFormatString@1 (line 80)
                      ; - java.lang.Float::toString@1 (line 226)
                      ; - java.lang.String::valueOf@1 (line 4357)
                      ; - java.lang.invoke.LambdaForm$DMH/0x000001fb97095800::invokeStatic@10
                      ; - java.lang.invoke.LambdaForm$MH/0x000001fb97097000::invoke@15
                      ; - java.lang.invoke.LambdaForm$MH/0x000001fb97097400::linkToTargetMethod@5
                      ; - io.github.universityTycoon.MainScreen::draw@438 (line 289)
  0x000001fb87d7a4b8: 447e 72ff | ba45 ffff | ff4c 8b44 | 2438 4c89 | 4424 2044 | 895c 2434 | 4489 4c24 | 3844 8954 
  0x000001fb87d7a4d8: 243c 6690 

  0x000001fb87d7a4dc: ;   {runtime_call UncommonTrapBlob}
  0x000001fb87d7a4dc: c5f8 77e8 

  0x000001fb87d7a4e0: ; ImmutableOopMap {[32]=Oop [40]=NarrowOop [44]=NarrowOop [52]=NarrowOop [60]=NarrowOop }
                      ;*ifeq {reexecute=1 rethrow=0 return_oop=0}
                      ; - (reexecute) java.lang.ThreadLocal$ThreadLocalMap::getEntry@29 (line 436)
                      ; - java.lang.ThreadLocal::get@16 (line 165)
                      ; - jdk.internal.math.FloatingDecimal::getBinaryToASCIIBuffer@3 (line 986)
                      ; - jdk.internal.math.FloatingDecimal::getBinaryToASCIIConverter@134 (line 1822)
                      ; - jdk.internal.math.FloatingDecimal::toJavaFormatString@1 (line 80)
                      ; - java.lang.Float::toString@1 (line 226)
                      ; - java.lang.String::valueOf@1 (line 4357)
                      ; - java.lang.invoke.LambdaForm$DMH/0x000001fb97095800::invokeStatic@10
                      ; - java.lang.invoke.LambdaForm$MH/0x000001fb97097000::invoke@15
                      ; - java.lang.invoke.LambdaForm$MH/0x000001fb97097400::linkToTargetMethod@5
                      ; - io.github.universityTycoon.MainScreen::draw@463 (line 290)
  0x000001fb87d7a4e0: 1c7e 72ff | 4c63 d0e9 | af80 ffff | 4c63 d0e9 | 2585 ffff 

  0x000001fb87d7a4f4: ;   {metadata({type array byte})}
  0x000001fb87d7a4f4: 48ba 3867 | 0096 fb01 | 0000 448b | c066 6690 

  0x000001fb87d7a504: ;   {runtime_call _new_array_nozero_Java}
  0x000001fb87d7a504: c5f8 77e8 

  0x000001fb87d7a508: ; ImmutableOopMap {rbp=Oop [40]=NarrowOop [44]=NarrowOop [48]=Oop [56]=Oop [72]=Oop [80]=NarrowOop }
                      ;*newarray {reexecute=0 rethrow=0 return_oop=1}
                      ; - java.lang.StringUTF16::compress@1 (line 161)
                      ; - java.lang.String::<init>@36 (line 4503)
                      ; - java.lang.String::<init>@10 (line 300)
                      ; - jdk.internal.math.FloatingDecimal$BinaryToASCIIBuffer::toJavaFormatString@19 (line 302)
                      ; - jdk.internal.math.FloatingDecimal::toJavaFormatString@4 (line 80)
                      ; - java.lang.Float::toString@1 (line 226)
                      ; - java.lang.String::valueOf@1 (line 4357)
                      ; - java.lang.invoke.LambdaForm$DMH/0x000001fb97095800::invokeStatic@10
                      ; - java.lang.invoke.LambdaForm$MH/0x000001fb97097000::invoke@15
                      ; - java.lang.invoke.LambdaForm$MH/0x000001fb97097400::linkToTargetMethod@5
                      ; - io.github.universityTycoon.MainScreen::draw@793 (line 309)
  0x000001fb87d7a508: f451 7dff | 4c8b d0e9 | ccb6 ffff 

  0x000001fb87d7a514: ;   {metadata({type array byte})}
  0x000001fb87d7a514: 48ba 3867 | 0096 fb01 | 0000 448b | c066 6690 

  0x000001fb87d7a524: ;   {runtime_call _new_array_nozero_Java}
  0x000001fb87d7a524: c5f8 77e8 

  0x000001fb87d7a528: ; ImmutableOopMap {rbp=Oop [40]=NarrowOop [44]=NarrowOop [52]=NarrowOop [56]=Oop }
                      ;*newarray {reexecute=0 rethrow=0 return_oop=1}
                      ; - java.lang.StringUTF16::compress@1 (line 161)
                      ; - java.lang.String::<init>@36 (line 4503)
                      ; - java.lang.String::<init>@10 (line 300)
                      ; - jdk.internal.math.FloatingDecimal$BinaryToASCIIBuffer::toJavaFormatString@19 (line 302)
                      ; - jdk.internal.math.FloatingDecimal::toJavaFormatString@4 (line 80)
                      ; - java.lang.Float::toString@1 (line 226)
                      ; - java.lang.String::valueOf@1 (line 4357)
                      ; - java.lang.invoke.LambdaForm$DMH/0x000001fb97095800::invokeStatic@10
                      ; - java.lang.invoke.LambdaForm$MH/0x000001fb97097000::invoke@15
                      ; - java.lang.invoke.LambdaForm$MH/0x000001fb97097400::linkToTargetMethod@5
                      ; - io.github.universityTycoon.MainScreen::draw@818 (line 310)
  0x000001fb87d7a528: d451 7dff | 4c8b d0e9 | d0bb ffff | bace ffff | ff48 8b6c | 2438 448b | 5c24 2844 | 895c 2420 
  0x000001fb87d7a548: 448b 4c24 | 2c44 894c | 2424 448b | 5c24 6444 | 895c 2434 | 4c89 4424 | 4044 8954 | 2448 6690 
  0x000001fb87d7a568: ;   {runtime_call UncommonTrapBlob}
  0x000001fb87d7a568: c5f8 77e8 

  0x000001fb87d7a56c: ; ImmutableOopMap {rbp=Oop [32]=NarrowOop [36]=NarrowOop [52]=NarrowOop [64]=Oop [100]=NarrowOop }
                      ;*invokestatic compress {reexecute=0 rethrow=0 return_oop=0}
                      ; - java.lang.StringUTF16::compress@9 (line 162)
                      ; - java.lang.String::<init>@36 (line 4503)
                      ; - java.lang.String::<init>@10 (line 300)
                      ; - jdk.internal.math.FloatingDecimal$BinaryToASCIIBuffer::toJavaFormatString@19 (line 302)
                      ; - jdk.internal.math.FloatingDecimal::toJavaFormatString@4 (line 80)
                      ; - java.lang.Float::toString@1 (line 226)
                      ; - java.lang.String::valueOf@1 (line 4357)
                      ; - java.lang.invoke.LambdaForm$DMH/0x000001fb97095800::invokeStatic@10
                      ; - java.lang.invoke.LambdaForm$MH/0x000001fb97097000::invoke@15
                      ; - java.lang.invoke.LambdaForm$MH/0x000001fb97097400::linkToTargetMethod@5
                      ; - io.github.universityTycoon.MainScreen::draw@438 (line 289)
  0x000001fb87d7a56c: 907d 72ff | bace ffff | ff48 8b6c | 2438 448b | 4424 2844 | 8944 2420 | 448b 4c24 | 2c44 894c 
  0x000001fb87d7a58c: 2424 448b | 4c24 3044 | 894c 242c | 4c89 5c24 | 4044 8954 | 2448 6690 

  0x000001fb87d7a5a4: ;   {runtime_call UncommonTrapBlob}
  0x000001fb87d7a5a4: c5f8 77e8 

  0x000001fb87d7a5a8: ; ImmutableOopMap {rbp=Oop [32]=NarrowOop [36]=NarrowOop [52]=NarrowOop [64]=Oop }
                      ;*invokestatic compress {reexecute=0 rethrow=0 return_oop=0}
                      ; - java.lang.StringUTF16::compress@9 (line 162)
                      ; - java.lang.String::<init>@36 (line 4503)
                      ; - java.lang.String::<init>@10 (line 300)
                      ; - jdk.internal.math.FloatingDecimal$BinaryToASCIIBuffer::toJavaFormatString@19 (line 302)
                      ; - jdk.internal.math.FloatingDecimal::toJavaFormatString@4 (line 80)
                      ; - java.lang.Float::toString@1 (line 226)
                      ; - java.lang.String::valueOf@1 (line 4357)
                      ; - java.lang.invoke.LambdaForm$DMH/0x000001fb97095800::invokeStatic@10
                      ; - java.lang.invoke.LambdaForm$MH/0x000001fb97097000::invoke@15
                      ; - java.lang.invoke.LambdaForm$MH/0x000001fb97097400::linkToTargetMethod@5
                      ; - io.github.universityTycoon.MainScreen::draw@463 (line 290)
  0x000001fb87d7a5a8: 547d 72ff | 4489 4424 

  0x000001fb87d7a5b0: ;   {metadata({type array byte})}
  0x000001fb87d7a5b0: 6848 ba38 | 6700 96fb | 0100 0044 | 8b44 245c | 4c89 5424 | 7066 6690 

  0x000001fb87d7a5c8: ;   {runtime_call _new_array_Java}
  0x000001fb87d7a5c8: c5f8 77e8 

  0x000001fb87d7a5cc: ; ImmutableOopMap {rbp=Oop [40]=NarrowOop [44]=NarrowOop [48]=Oop [56]=Oop [72]=Oop [104]=NarrowOop }
                      ;*invokevirtual allocateUninitializedArray0 {reexecute=0 rethrow=0 return_oop=1}
                      ; - jdk.internal.misc.Unsafe::allocateUninitializedArray@51 (line 1375)
                      ; - java.lang.StringConcatHelper::newArray@19 (line 494)
                      ; - java.lang.invoke.DirectMethodHandle$Holder::invokeStatic@10
                      ; - java.lang.invoke.LambdaForm$MH/0x000001fb97097000::invoke@49
                      ; - java.lang.invoke.LambdaForm$MH/0x000001fb97097400::linkToTargetMethod@5
                      ; - io.github.universityTycoon.MainScreen::draw@658 (line 302)
  0x000001fb87d7a5cc: 304e 7dff | 4c8b d8e9 | da96 ffff 

  0x000001fb87d7a5d8: ;   {metadata('java/lang/String')}
  0x000001fb87d7a5d8: 48ba 70e9 | 0096 fb01 | 0000 488b | 6c24 3890 

  0x000001fb87d7a5e8: ;   {runtime_call _new_instance_Java}
  0x000001fb87d7a5e8: c5f8 77e8 

  0x000001fb87d7a5ec: ; ImmutableOopMap {rbp=Oop [40]=NarrowOop [44]=NarrowOop [48]=Oop [56]=Oop [72]=Oop [112]=Oop }
                      ;*new {reexecute=0 rethrow=0 return_oop=1}
                      ; - java.lang.StringConcatHelper::newString@6 (line 387)
                      ; - java.lang.invoke.DirectMethodHandle$Holder::invokeStatic@13
                      ; - java.lang.invoke.LambdaForm$MH/0x000001fb97097000::invoke@90
                      ; - java.lang.invoke.LambdaForm$MH/0x000001fb97097400::linkToTargetMethod@5
                      ; - io.github.universityTycoon.MainScreen::draw@658 (line 302)
  0x000001fb87d7a5ec: 104b 7dff | 4c8b d0e9 | 8597 ffff | 4489 4424 

  0x000001fb87d7a5fc: ;   {metadata({type array byte})}
  0x000001fb87d7a5fc: 2048 ba38 | 6700 96fb | 0100 0044 | 8b44 2434 | 4c89 5424 | 5866 6690 

  0x000001fb87d7a614: ;   {runtime_call _new_array_Java}
  0x000001fb87d7a614: c5f8 77e8 

  0x000001fb87d7a618: ; ImmutableOopMap {rbp=Oop [32]=NarrowOop [40]=NarrowOop [44]=NarrowOop [56]=Oop }
                      ;*invokevirtual allocateUninitializedArray0 {reexecute=0 rethrow=0 return_oop=1}
                      ; - jdk.internal.misc.Unsafe::allocateUninitializedArray@51 (line 1375)
                      ; - java.lang.StringConcatHelper::newArray@19 (line 494)
                      ; - java.lang.invoke.DirectMethodHandle$Holder::invokeStatic@10
                      ; - java.lang.invoke.LambdaForm$MH/0x000001fb97097000::invoke@49
                      ; - java.lang.invoke.LambdaForm$MH/0x000001fb97097400::linkToTargetMethod@5
                      ; - io.github.universityTycoon.MainScreen::draw@683 (line 303)
  0x000001fb87d7a618: e44d 7dff | 4c8b d8e9 | 519b ffff 

  0x000001fb87d7a624: ;   {metadata('java/lang/String')}
  0x000001fb87d7a624: 48ba 70e9 | 0096 fb01 | 0000 488b | 6c24 3890 

  0x000001fb87d7a634: ;   {runtime_call _new_instance_Java}
  0x000001fb87d7a634: c5f8 77e8 

  0x000001fb87d7a638: ; ImmutableOopMap {rbp=Oop [40]=NarrowOop [44]=NarrowOop [56]=Oop [88]=Oop }
                      ;*new {reexecute=0 rethrow=0 return_oop=1}
                      ; - java.lang.StringConcatHelper::newString@6 (line 387)
                      ; - java.lang.invoke.DirectMethodHandle$Holder::invokeStatic@13
                      ; - java.lang.invoke.LambdaForm$MH/0x000001fb97097000::invoke@90
                      ; - java.lang.invoke.LambdaForm$MH/0x000001fb97097400::linkToTargetMethod@5
                      ; - io.github.universityTycoon.MainScreen::draw@683 (line 303)
  0x000001fb87d7a638: c44a 7dff | 4c8b d0e9 | 009c ffff 

  0x000001fb87d7a644: ;   {metadata({type array byte})}
  0x000001fb87d7a644: 48ba 3867 | 0096 fb01 | 0000 448b | 4424 3090 

  0x000001fb87d7a654: ;   {runtime_call _new_array_Java}
  0x000001fb87d7a654: c5f8 77e8 

  0x000001fb87d7a658: ; ImmutableOopMap {rbp=Oop [40]=NarrowOop [44]=NarrowOop [56]=Oop }
                      ;*invokevirtual allocateUninitializedArray0 {reexecute=0 rethrow=0 return_oop=1}
                      ; - jdk.internal.misc.Unsafe::allocateUninitializedArray@51 (line 1375)
                      ; - java.lang.StringConcatHelper::newArray@19 (line 494)
                      ; - java.lang.StringConcatHelper::newArrayWithSuffix@7 (line 475)
                      ; - java.lang.invoke.DirectMethodHandle$Holder::invokeStatic@13
                      ; - java.lang.invoke.LambdaForm$MH/0x000001fb97098400::invoke@23
                      ; - java.lang.invoke.LambdaForm$MH/0x000001fb97095400::invoke@31
                      ; - java.lang.invoke.Invokers$Holder::linkToTargetMethod@5
                      ; - io.github.universityTycoon.MainScreen::draw@708 (line 304)
  0x000001fb87d7a658: a44d 7dff | 4c8b d0e9 | ee9c ffff 

  0x000001fb87d7a664: ;   {metadata('java/lang/String')}
  0x000001fb87d7a664: 48ba 70e9 | 0096 fb01 | 0000 488b | 6c24 3890 

  0x000001fb87d7a674: ;   {runtime_call _new_instance_Java}
  0x000001fb87d7a674: c5f8 77e8 

  0x000001fb87d7a678: ; ImmutableOopMap {rbp=Oop [40]=NarrowOop [44]=NarrowOop [56]=Oop [88]=Oop }
                      ;*new {reexecute=0 rethrow=0 return_oop=1}
                      ; - java.lang.StringConcatHelper::newString@6 (line 387)
                      ; - java.lang.invoke.DirectMethodHandle$Holder::invokeStatic@13
                      ; - java.lang.invoke.LambdaForm$MH/0x000001fb97095400::invoke@71
                      ; - java.lang.invoke.Invokers$Holder::linkToTargetMethod@5
                      ; - io.github.universityTycoon.MainScreen::draw@708 (line 304)
  0x000001fb87d7a678: 844a 7dff | 4c8b d0e9 | 369e ffff 

  0x000001fb87d7a684: ;   {metadata({type array byte})}
  0x000001fb87d7a684: 48ba 3867 | 0096 fb01 | 0000 448b | 4424 3090 

  0x000001fb87d7a694: ;   {runtime_call _new_array_Java}
  0x000001fb87d7a694: c5f8 77e8 

  0x000001fb87d7a698: ; ImmutableOopMap {rbp=Oop [40]=NarrowOop [44]=NarrowOop [56]=Oop }
                      ;*invokevirtual allocateUninitializedArray0 {reexecute=0 rethrow=0 return_oop=1}
                      ; - jdk.internal.misc.Unsafe::allocateUninitializedArray@51 (line 1375)
                      ; - java.lang.StringConcatHelper::newArray@19 (line 494)
                      ; - java.lang.StringConcatHelper::newArrayWithSuffix@7 (line 475)
                      ; - java.lang.invoke.DirectMethodHandle$Holder::invokeStatic@13
                      ; - java.lang.invoke.LambdaForm$MH/0x000001fb97098400::invoke@23
                      ; - java.lang.invoke.LambdaForm$MH/0x000001fb97095400::invoke@31
                      ; - java.lang.invoke.Invokers$Holder::linkToTargetMethod@5
                      ; - io.github.universityTycoon.MainScreen::draw@733 (line 305)
  0x000001fb87d7a698: 644d 7dff | 4c8b d0e9 | 2d9f ffff 

  0x000001fb87d7a6a4: ;   {metadata('java/lang/String')}
  0x000001fb87d7a6a4: 48ba 70e9 | 0096 fb01 | 0000 488b | 6c24 3890 

  0x000001fb87d7a6b4: ;   {runtime_call _new_instance_Java}
  0x000001fb87d7a6b4: c5f8 77e8 

  0x000001fb87d7a6b8: ; ImmutableOopMap {rbp=Oop [40]=NarrowOop [44]=NarrowOop [56]=Oop [88]=Oop }
                      ;*new {reexecute=0 rethrow=0 return_oop=1}
                      ; - java.lang.StringConcatHelper::newString@6 (line 387)
                      ; - java.lang.invoke.DirectMethodHandle$Holder::invokeStatic@13
                      ; - java.lang.invoke.LambdaForm$MH/0x000001fb97095400::invoke@71
                      ; - java.lang.invoke.Invokers$Holder::linkToTargetMethod@5
                      ; - io.github.universityTycoon.MainScreen::draw@733 (line 305)
  0x000001fb87d7a6b8: 444a 7dff | 4c8b d0e9 | 5ba0 ffff 

  0x000001fb87d7a6c4: ;   {metadata({type array byte})}
  0x000001fb87d7a6c4: 48ba 3867 | 0096 fb01 | 0000 448b | 4424 3090 

  0x000001fb87d7a6d4: ;   {runtime_call _new_array_Java}
  0x000001fb87d7a6d4: c5f8 77e8 

  0x000001fb87d7a6d8: ; ImmutableOopMap {[40]=NarrowOop [44]=NarrowOop [56]=Oop }
                      ;*invokevirtual allocateUninitializedArray0 {reexecute=0 rethrow=0 return_oop=1}
                      ; - jdk.internal.misc.Unsafe::allocateUninitializedArray@51 (line 1375)
                      ; - java.lang.StringConcatHelper::newArray@19 (line 494)
                      ; - java.lang.StringConcatHelper::newArrayWithSuffix@7 (line 475)
                      ; - java.lang.invoke.DirectMethodHandle$Holder::invokeStatic@13
                      ; - java.lang.invoke.LambdaForm$MH/0x000001fb97098400::invoke@23
                      ; - java.lang.invoke.LambdaForm$MH/0x000001fb97099000::invoke@33
                      ; - java.lang.invoke.Invokers$Holder::linkToTargetMethod@5
                      ; - io.github.universityTycoon.MainScreen::draw@765 (line 306)
  0x000001fb87d7a6d8: 244d 7dff | 4c8b d0e9 | cba1 ffff 

  0x000001fb87d7a6e4: ;   {metadata('java/lang/String')}
  0x000001fb87d7a6e4: 488b eb48 | ba70 e900 | 96fb 0100 | 0066 6690 

  0x000001fb87d7a6f4: ;   {runtime_call _new_instance_Java}
  0x000001fb87d7a6f4: c5f8 77e8 

  0x000001fb87d7a6f8: ; ImmutableOopMap {rbp=Oop [40]=NarrowOop [44]=NarrowOop [56]=Oop }
                      ;*new {reexecute=0 rethrow=0 return_oop=1}
                      ; - java.lang.StringConcatHelper::newString@6 (line 387)
                      ; - java.lang.invoke.DirectMethodHandle$Holder::invokeStatic@13
                      ; - java.lang.invoke.LambdaForm$MH/0x000001fb97099000::invoke@74
                      ; - java.lang.invoke.Invokers$Holder::linkToTargetMethod@5
                      ; - io.github.universityTycoon.MainScreen::draw@765 (line 306)
  0x000001fb87d7a6f8: 044a 7dff | 488b dd4c | 8bc8 e921 

  0x000001fb87d7a704: ;   {metadata({type array byte})}
  0x000001fb87d7a704: a3ff ff48 | ba38 6700 | 96fb 0100 | 0044 8bc0 

  0x000001fb87d7a714: ;   {runtime_call _new_array_nozero_Java}
  0x000001fb87d7a714: c5f8 77e8 

  0x000001fb87d7a718: ; ImmutableOopMap {rbp=Oop [40]=NarrowOop [44]=NarrowOop [48]=Oop [56]=Oop [72]=Oop [92]=NarrowOop }
                      ;*newarray {reexecute=0 rethrow=0 return_oop=1}
                      ; - java.lang.StringUTF16::compress@1 (line 161)
                      ; - java.lang.String::<init>@36 (line 4503)
                      ; - java.lang.String::<init>@10 (line 300)
                      ; - jdk.internal.math.FloatingDecimal$BinaryToASCIIBuffer::toJavaFormatString@19 (line 302)
                      ; - jdk.internal.math.FloatingDecimal::toJavaFormatString@4 (line 80)
                      ; - java.lang.Float::toString@1 (line 226)
                      ; - java.lang.String::valueOf@1 (line 4357)
                      ; - java.lang.invoke.LambdaForm$DMH/0x000001fb97095800::invokeStatic@10
                      ; - java.lang.invoke.LambdaForm$MH/0x000001fb97097000::invoke@15
                      ; - java.lang.invoke.LambdaForm$MH/0x000001fb97097400::linkToTargetMethod@5
                      ; - io.github.universityTycoon.MainScreen::draw@658 (line 302)
  0x000001fb87d7a718: e44f 7dff | 4c8b d0e9 | f093 ffff 

  0x000001fb87d7a724: ;   {metadata({type array byte})}
  0x000001fb87d7a724: 48ba 3867 | 0096 fb01 | 0000 448b | c066 6690 

  0x000001fb87d7a734: ;   {runtime_call _new_array_nozero_Java}
  0x000001fb87d7a734: c5f8 77e8 

  0x000001fb87d7a738: ; ImmutableOopMap {rbp=Oop [40]=NarrowOop [44]=NarrowOop [52]=NarrowOop [56]=Oop }
                      ;*newarray {reexecute=0 rethrow=0 return_oop=1}
                      ; - java.lang.StringUTF16::compress@1 (line 161)
                      ; - java.lang.String::<init>@36 (line 4503)
                      ; - java.lang.String::<init>@10 (line 300)
                      ; - jdk.internal.math.FloatingDecimal$BinaryToASCIIBuffer::toJavaFormatString@19 (line 302)
                      ; - jdk.internal.math.FloatingDecimal::toJavaFormatString@4 (line 80)
                      ; - java.lang.Float::toString@1 (line 226)
                      ; - java.lang.String::valueOf@1 (line 4357)
                      ; - java.lang.invoke.LambdaForm$DMH/0x000001fb97095800::invokeStatic@10
                      ; - java.lang.invoke.LambdaForm$MH/0x000001fb97097000::invoke@15
                      ; - java.lang.invoke.LambdaForm$MH/0x000001fb97097400::linkToTargetMethod@5
                      ; - io.github.universityTycoon.MainScreen::draw@683 (line 303)
  0x000001fb87d7a738: c44f 7dff | 4c8b d0e9 | 9498 ffff | 410f beeb | bae4 ffff | ff4c 8b5c | 2438 4c89 | 5c24 2048 
  0x000001fb87d7a758: 895c 2438 | 4889 5c24 | 4044 8954 | 244c 6690 

  0x000001fb87d7a768: ;   {runtime_call UncommonTrapBlob}
  0x000001fb87d7a768: c5f8 77e8 

  0x000001fb87d7a76c: ; ImmutableOopMap {[32]=Oop [40]=NarrowOop [44]=NarrowOop [56]=Oop [64]=Oop }
                      ;*bastore {reexecute=0 rethrow=0 return_oop=0}
                      ; - java.lang.Long::getChars@190 (line 574)
                      ; - java.lang.StringConcatHelper::prepend@12 (line 318)
                      ; - java.lang.StringConcatHelper::prepend@3 (line 336)
                      ; - java.lang.invoke.DirectMethodHandle$Holder::invokeStatic@17
                      ; - java.lang.invoke.LambdaForm$MH/0x000001fb97097c00::invoke@28
                      ; - java.lang.invoke.LambdaForm$MH/0x000001fb97099000::invoke@54
                      ; - java.lang.invoke.Invokers$Holder::linkToTargetMethod@5
                      ; - io.github.universityTycoon.MainScreen::draw@545 (line 294)
  0x000001fb87d7a76c: 907b 72ff | 4863 de4c | 69d3 1f85 | eb51 49c1 | fa25 458b | d245 2bd1 | 456b ca64 | 418b d12b 
  0x000001fb87d7a78c: d644 8bda | 83fa 640f | 83cb 3b00 | 004d 63d9 

  0x000001fb87d7a79c: ;   {oop([B{0x000000070ac06480})}
  0x000001fb87d7a79c: 4c2b db49 | b980 64c0 | 0a07 0000 | 0047 0fbe | 4c19 1048 | 8b4c 2450 | 4488 4c39 

  0x000001fb87d7a7b8: ;   {oop([B{0x000000070ac064f8})}
  0x000001fb87d7a7b8: 0f49 b9f8 | 64c0 0a07 | 0000 0047 | 0fbe 5c19 | 1045 8bc8 | 4183 c1fe | 4585 c90f | 8e38 4400 
  0x000001fb87d7a7d8: 0041 8bf2 | 458b c1e9 | 5ae6 ffff | 4863 d84c | 69db 1f85 | eb51 49c1 | fb25 458b | c345 2bc2 
  0x000001fb87d7a7f8: 416b d064 | 448b d244 | 2bd0 458b | ea41 83fa | 640f 8360 | 3b00 004c | 63d2 4c2b 

  0x000001fb87d7a814: ;   {oop([B{0x000000070ac06480})}
  0x000001fb87d7a814: d349 bb80 | 64c0 0a07 | 0000 0047 | 0fbe 5c13 | 1048 8b4c | 2450 4688 

  0x000001fb87d7a82c: ;   {oop([B{0x000000070ac064f8})}
  0x000001fb87d7a82c: 5c09 0f49 | bbf8 64c0 | 0a07 0000 | 0047 0fbe | 5413 1045 | 8bea 448b | d741 83c2 | fe45 85d2 
  0x000001fb87d7a84c: 0f8e 8044 | 0000 418b | c041 8bfa | e918 e6ff | ff49 63fe | 4c69 df1f | 85eb 5149 | c1fb 2541 
  0x000001fb87d7a86c: 8bdb 412b | da44 6bd3 | 6445 8bda | 452b de41 | 8bf3 4183 | fb64 0f83 | f23a 0000 | 4d63 d24c 
  0x000001fb87d7a88c: ;   {oop([B{0x000000070ac06480})}
  0x000001fb87d7a88c: 2bd7 49bb | 8064 c00a | 0700 0000 | 470f be5c | 1310 4c8b | 4c24 5047 | 885c 010f 

  0x000001fb87d7a8a8: ;   {oop([B{0x000000070ac064f8})}
  0x000001fb87d7a8a8: 49bb f864 | c00a 0700 | 0000 470f | be5c 1310 | 458b eb44 | 8bd1 4183 | c2fe 4585 | d20f 8ec8 
  0x000001fb87d7a8c8: 4400 0044 | 8bf3 418b | cae9 d5e5 | ffff 4963 | d64c 69da | 1f85 eb51 | 49c1 fb25 | 418b db41 
  0x000001fb87d7a8e8: 2bda 6bfb | 6444 8bdf | 452b de45 | 8beb 4183 | fb64 0f83 | 853a 0000 | 4c63 d74c 

  0x000001fb87d7a904: ;   {oop([B{0x000000070ac06480})}
  0x000001fb87d7a904: 2bd2 49bb | 8064 c00a | 0700 0000 | 470f be5c | 1310 4c8b | 4c24 5047 | 885c 010f 

  0x000001fb87d7a920: ;   {oop([B{0x000000070ac064f8})}
  0x000001fb87d7a920: 49bb f864 | c00a 0700 | 0000 470f | be54 1310 | 418b fa44 | 8bd1 4183 | c2fe 4585 | d20f 8e18 
  0x000001fb87d7a940: 4500 0044 | 8bf3 418b | cae9 96e5 | ffff 4963 | f54c 69de | 1f85 eb51 | 49c1 fb25 | 418b fb2b 
  0x000001fb87d7a960: fa6b df64 | 448b db45 | 2bdd 418b | c341 83fb | 640f 8319 | 3a00 004c | 63c3 4c2b 

  0x000001fb87d7a97c: ;   {oop([B{0x000000070ac06480})}
  0x000001fb87d7a97c: c649 bb80 | 64c0 0a07 | 0000 0047 | 0fbe 5c03 | 104c 8b4c | 2460 4588 

  0x000001fb87d7a994: ;   {oop([B{0x000000070ac064f8})}
  0x000001fb87d7a994: 5c09 0f49 | bbf8 64c0 | 0a07 0000 | 0047 0fbe | 5c03 1045 | 8bc3 458b | ca41 83c1 | fe45 85c9 
  0x000001fb87d7a9b4: 0f8e 6745 | 0000 448b | ef45 8bd1 | e959 e5ff | ff49 63f6 | 4c69 de1f | 85eb 5149 | c1fb 2545 
  0x000001fb87d7a9d4: 8bcb 442b | cb41 6bd1 | 6444 8bda | 452b de41 | 8bc3 4183 | fb64 0f83 | ab39 0000 | 4c63 da4c 
  0x000001fb87d7a9f4: ;   {oop([B{0x000000070ac06480})}
  0x000001fb87d7a9f4: 2bde 49b8 | 8064 c00a | 0700 0000 | 470f be44 | 1810 488b | 4c24 5044 | 8844 390f 

  0x000001fb87d7aa10: ;   {oop([B{0x000000070ac064f8})}
  0x000001fb87d7aa10: 49b8 f864 | c00a 0700 | 0000 470f | be5c 1810 | 418b db45 | 8bc2 4183 | c0fe 4585 | c00f 8eb4 
  0x000001fb87d7aa30: 4500 0045 | 8bf1 458b | d0e9 18e5 | ffff bade | ffff ff44 | 894c 2424 | 897c 2428 | 4489 5424 
  0x000001fb87d7aa50: 2c44 895c | 2430 894c | 2434 4489 | 4424 3890 

  0x000001fb87d7aa60: ;   {runtime_call UncommonTrapBlob}
  0x000001fb87d7aa60: c5f8 77e8 

  0x000001fb87d7aa64: ; ImmutableOopMap {rbp=Oop [36]=NarrowOop [40]=NarrowOop [48]=NarrowOop }
                      ;*invokeinterface glBindTexture {reexecute=0 rethrow=0 return_oop=0}
                      ; - com.badlogic.gdx.graphics.GLTexture::bind@11 (line 73)
                      ; - com.badlogic.gdx.graphics.g2d.SpriteBatch::flush@58 (line 962)
                      ; - com.badlogic.gdx.graphics.g2d.SpriteBatch::setProjectionMatrix@8 (line 1049)
                      ; - io.github.universityTycoon.MainScreen::draw@34 (line 246)
  0x000001fb87d7aa64: 9878 72ff | bade ffff | ff48 8b6c | 2420 448b | 4c24 2c44 | 894c 2424 | 4489 5424 | 3466 6690 
  0x000001fb87d7aa84: ;   {runtime_call UncommonTrapBlob}
  0x000001fb87d7aa84: c5f8 77e8 

  0x000001fb87d7aa88: ; ImmutableOopMap {rbp=Oop [36]=NarrowOop [40]=NarrowOop [52]=NarrowOop [68]=NarrowOop }
                      ;*invokeinterface getBuffer {reexecute=0 rethrow=0 return_oop=0}
                      ; - com.badlogic.gdx.graphics.Mesh::getIndicesBuffer@5 (line 971)
                      ; - com.badlogic.gdx.graphics.g2d.SpriteBatch::flush@82 (line 965)
                      ; - com.badlogic.gdx.graphics.g2d.SpriteBatch::setProjectionMatrix@8 (line 1049)
                      ; - io.github.universityTycoon.MainScreen::draw@34 (line 246)
  0x000001fb87d7aa88: 7478 72ff | bade ffff | ff48 8b6c | 2420 448b | 4c24 2c44 | 894c 2424 | 4489 5424 | 3466 6690 
  0x000001fb87d7aaa8: ;   {runtime_call UncommonTrapBlob}
  0x000001fb87d7aaa8: c5f8 77e8 

  0x000001fb87d7aaac: ; ImmutableOopMap {rbp=Oop [36]=NarrowOop [40]=NarrowOop [52]=NarrowOop [68]=NarrowOop }
                      ;*invokeinterface glEnable {reexecute=0 rethrow=0 return_oop=0}
                      ; - com.badlogic.gdx.graphics.g2d.SpriteBatch::flush@128 (line 972)
                      ; - com.badlogic.gdx.graphics.g2d.SpriteBatch::setProjectionMatrix@8 (line 1049)
                      ; - io.github.universityTycoon.MainScreen::draw@34 (line 246)
  0x000001fb87d7aaac: 5078 72ff | 488b 6c24 | 208b 4c24 | 2c89 4c24 | 2444 8b54 | 2440 4489 | 5424 2c8b | 4c24 4489 
  0x000001fb87d7aacc: 4c24 3044 | 895c 2434 | 8954 2438 | 4489 4424 | 3c44 894c | 2440 897c | 2444 bade | ffff ff90 
  0x000001fb87d7aaec: ;   {runtime_call UncommonTrapBlob}
  0x000001fb87d7aaec: c5f8 77e8 

  0x000001fb87d7aaf0: ; ImmutableOopMap {rbp=Oop [36]=NarrowOop [40]=NarrowOop [48]=NarrowOop [52]=NarrowOop }
                      ;*invokeinterface glBlendFuncSeparate {reexecute=0 rethrow=0 return_oop=0}
                      ; - com.badlogic.gdx.graphics.g2d.SpriteBatch::flush@160 (line 973)
                      ; - com.badlogic.gdx.graphics.g2d.SpriteBatch::setProjectionMatrix@8 (line 1049)
                      ; - io.github.universityTycoon.MainScreen::draw@34 (line 246)
  0x000001fb87d7aaf0: 0c78 72ff | 4489 4424 

  0x000001fb87d7aaf8: ;   {metadata({type array byte})}
  0x000001fb87d7aaf8: 6c48 ba38 | 6700 96fb | 0100 0044 | 8b44 2468 

  0x000001fb87d7ab08: ;   {runtime_call _new_array_Java}
  0x000001fb87d7ab08: c5f8 77e8 

  0x000001fb87d7ab0c: ; ImmutableOopMap {rbp=Oop [40]=NarrowOop [44]=NarrowOop [48]=Oop [56]=Oop [72]=Oop [108]=NarrowOop }
                      ;*invokevirtual allocateUninitializedArray0 {reexecute=0 rethrow=0 return_oop=1}
                      ; - jdk.internal.misc.Unsafe::allocateUninitializedArray@51 (line 1375)
                      ; - java.lang.StringConcatHelper::newArray@19 (line 494)
                      ; - java.lang.StringConcatHelper::newArrayWithSuffix@7 (line 475)
                      ; - java.lang.invoke.DirectMethodHandle$Holder::invokeStatic@13
                      ; - java.lang.invoke.LambdaForm$MH/0x000001fb97098400::invoke@23
                      ; - java.lang.invoke.LambdaForm$MH/0x000001fb97097000::invoke@49
                      ; - java.lang.invoke.LambdaForm$MH/0x000001fb97097400::linkToTargetMethod@5
                      ; - io.github.universityTycoon.MainScreen::draw@573 (line 297)
  0x000001fb87d7ab0c: f048 7dff | 4c8b d8e9 | 77a4 ffff 

  0x000001fb87d7ab18: ;   {metadata('java/lang/String')}
  0x000001fb87d7ab18: 48ba 70e9 | 0096 fb01 | 0000 488b | 6c24 3890 

  0x000001fb87d7ab28: ;   {runtime_call _new_instance_Java}
  0x000001fb87d7ab28: c5f8 77e8 

  0x000001fb87d7ab2c: ; ImmutableOopMap {rbp=Oop [40]=NarrowOop [44]=NarrowOop [48]=Oop [56]=Oop [72]=Oop [112]=Oop }
                      ;*new {reexecute=0 rethrow=0 return_oop=1}
                      ; - java.lang.StringConcatHelper::newString@6 (line 387)
                      ; - java.lang.invoke.DirectMethodHandle$Holder::invokeStatic@13
                      ; - java.lang.invoke.LambdaForm$MH/0x000001fb97097000::invoke@90
                      ; - java.lang.invoke.LambdaForm$MH/0x000001fb97097400::linkToTargetMethod@5
                      ; - io.github.universityTycoon.MainScreen::draw@573 (line 297)
  0x000001fb87d7ab2c: d045 7dff | 4c8b d0e9 | 5ea5 ffff | 4489 4424 

  0x000001fb87d7ab3c: ;   {metadata({type array byte})}
  0x000001fb87d7ab3c: 2048 ba38 | 6700 96fb | 0100 0044 | 8b44 2434 | 4c89 5424 | 5066 6690 

  0x000001fb87d7ab54: ;   {runtime_call _new_array_Java}
  0x000001fb87d7ab54: c5f8 77e8 

  0x000001fb87d7ab58: ; ImmutableOopMap {rbp=Oop [32]=NarrowOop [40]=NarrowOop [44]=NarrowOop [56]=Oop }
                      ;*invokevirtual allocateUninitializedArray0 {reexecute=0 rethrow=0 return_oop=1}
                      ; - jdk.internal.misc.Unsafe::allocateUninitializedArray@51 (line 1375)
                      ; - java.lang.StringConcatHelper::newArray@19 (line 494)
                      ; - java.lang.invoke.DirectMethodHandle$Holder::invokeStatic@10
                      ; - java.lang.invoke.LambdaForm$MH/0x000001fb97097000::invoke@49
                      ; - java.lang.invoke.LambdaForm$MH/0x000001fb97097400::linkToTargetMethod@5
                      ; - io.github.universityTycoon.MainScreen::draw@598 (line 298)
  0x000001fb87d7ab58: a448 7dff | 4c8b d8e9 | 20a9 ffff 

  0x000001fb87d7ab64: ;   {metadata('java/lang/String')}
  0x000001fb87d7ab64: 48ba 70e9 | 0096 fb01 | 0000 488b | 6c24 3890 

  0x000001fb87d7ab74: ;   {runtime_call _new_instance_Java}
  0x000001fb87d7ab74: c5f8 77e8 

  0x000001fb87d7ab78: ; ImmutableOopMap {rbp=Oop [40]=NarrowOop [44]=NarrowOop [56]=Oop [80]=Oop }
                      ;*new {reexecute=0 rethrow=0 return_oop=1}
                      ; - java.lang.StringConcatHelper::newString@6 (line 387)
                      ; - java.lang.invoke.DirectMethodHandle$Holder::invokeStatic@13
                      ; - java.lang.invoke.LambdaForm$MH/0x000001fb97097000::invoke@90
                      ; - java.lang.invoke.LambdaForm$MH/0x000001fb97097400::linkToTargetMethod@5
                      ; - io.github.universityTycoon.MainScreen::draw@598 (line 298)
  0x000001fb87d7ab78: 8445 7dff | 4c8b d0e9 | cba9 ffff 

  0x000001fb87d7ab84: ;   {metadata({type array byte})}
  0x000001fb87d7ab84: 48ba 3867 | 0096 fb01 | 0000 448b | 4424 3090 

  0x000001fb87d7ab94: ;   {runtime_call _new_array_Java}
  0x000001fb87d7ab94: c5f8 77e8 

  0x000001fb87d7ab98: ; ImmutableOopMap {[40]=NarrowOop [44]=NarrowOop [56]=Oop }
                      ;*invokevirtual allocateUninitializedArray0 {reexecute=0 rethrow=0 return_oop=1}
                      ; - jdk.internal.misc.Unsafe::allocateUninitializedArray@51 (line 1375)
                      ; - java.lang.StringConcatHelper::newArray@19 (line 494)
                      ; - java.lang.StringConcatHelper::newArrayWithSuffix@7 (line 475)
                      ; - java.lang.invoke.DirectMethodHandle$Holder::invokeStatic@13
                      ; - java.lang.invoke.LambdaForm$MH/0x000001fb97098400::invoke@23
                      ; - java.lang.invoke.LambdaForm$MH/0x000001fb97099000::invoke@33
                      ; - java.lang.invoke.Invokers$Holder::linkToTargetMethod@5
                      ; - io.github.universityTycoon.MainScreen::draw@630 (line 299)
  0x000001fb87d7ab98: 6448 7dff | 4c8b d0e9 | 45ab ffff 

  0x000001fb87d7aba4: ;   {metadata('java/lang/String')}
  0x000001fb87d7aba4: 488b eb48 | ba70 e900 | 96fb 0100 | 0066 6690 

  0x000001fb87d7abb4: ;   {runtime_call _new_instance_Java}
  0x000001fb87d7abb4: c5f8 77e8 

  0x000001fb87d7abb8: ; ImmutableOopMap {rbp=Oop [40]=NarrowOop [44]=NarrowOop [56]=Oop }
                      ;*new {reexecute=0 rethrow=0 return_oop=1}
                      ; - java.lang.StringConcatHelper::newString@6 (line 387)
                      ; - java.lang.invoke.DirectMethodHandle$Holder::invokeStatic@13
                      ; - java.lang.invoke.LambdaForm$MH/0x000001fb97099000::invoke@74
                      ; - java.lang.invoke.Invokers$Holder::linkToTargetMethod@5
                      ; - io.github.universityTycoon.MainScreen::draw@630 (line 299)
  0x000001fb87d7abb8: 4445 7dff | 488b dd4c | 8bc8 e994 

  0x000001fb87d7abc4: ;   {metadata({type array byte})}
  0x000001fb87d7abc4: acff ff48 | ba38 6700 | 96fb 0100 | 0044 8bc0 

  0x000001fb87d7abd4: ;   {runtime_call _new_array_nozero_Java}
  0x000001fb87d7abd4: c5f8 77e8 

  0x000001fb87d7abd8: ; ImmutableOopMap {rbp=Oop [40]=NarrowOop [44]=NarrowOop [48]=Oop [56]=Oop [72]=Oop [84]=NarrowOop }
                      ;*newarray {reexecute=0 rethrow=0 return_oop=1}
                      ; - java.lang.StringUTF16::compress@1 (line 161)
                      ; - java.lang.String::<init>@36 (line 4503)
                      ; - java.lang.String::<init>@10 (line 300)
                      ; - jdk.internal.math.FloatingDecimal$BinaryToASCIIBuffer::toJavaFormatString@19 (line 302)
                      ; - jdk.internal.math.FloatingDecimal::toJavaFormatString@4 (line 80)
                      ; - java.lang.Float::toString@1 (line 226)
                      ; - java.lang.String::valueOf@1 (line 4357)
                      ; - java.lang.invoke.LambdaForm$DMH/0x000001fb97095800::invokeStatic@10
                      ; - java.lang.invoke.LambdaForm$MH/0x000001fb97097000::invoke@15
                      ; - java.lang.invoke.LambdaForm$MH/0x000001fb97097400::linkToTargetMethod@5
                      ; - io.github.universityTycoon.MainScreen::draw@573 (line 297)
  0x000001fb87d7abd8: 244b 7dff | 4c8b d0e9 | e4a1 ffff 

  0x000001fb87d7abe4: ;   {metadata({type array byte})}
  0x000001fb87d7abe4: 48ba 3867 | 0096 fb01 | 0000 448b | c066 6690 

  0x000001fb87d7abf4: ;   {runtime_call _new_array_nozero_Java}
  0x000001fb87d7abf4: c5f8 77e8 

  0x000001fb87d7abf8: ; ImmutableOopMap {rbp=Oop [40]=NarrowOop [44]=NarrowOop [52]=NarrowOop [56]=Oop }
                      ;*newarray {reexecute=0 rethrow=0 return_oop=1}
                      ; - java.lang.StringUTF16::compress@1 (line 161)
                      ; - java.lang.String::<init>@36 (line 4503)
                      ; - java.lang.String::<init>@10 (line 300)
                      ; - jdk.internal.math.FloatingDecimal$BinaryToASCIIBuffer::toJavaFormatString@19 (line 302)
                      ; - jdk.internal.math.FloatingDecimal::toJavaFormatString@4 (line 80)
                      ; - java.lang.Float::toString@1 (line 226)
                      ; - java.lang.String::valueOf@1 (line 4357)
                      ; - java.lang.invoke.LambdaForm$DMH/0x000001fb97095800::invokeStatic@10
                      ; - java.lang.invoke.LambdaForm$MH/0x000001fb97097000::invoke@15
                      ; - java.lang.invoke.LambdaForm$MH/0x000001fb97097400::linkToTargetMethod@5
                      ; - io.github.universityTycoon.MainScreen::draw@598 (line 298)
  0x000001fb87d7abf8: 044b 7dff | 4c8b d0e9 | e7a6 ffff | ba45 ffff | ff44 895c | 2420 6690 

  0x000001fb87d7ac10: ;   {runtime_call UncommonTrapBlob}
  0x000001fb87d7ac10: c5f8 77e8 

  0x000001fb87d7ac14: ; ImmutableOopMap {rbp=Oop }
                      ;*ifne {reexecute=1 rethrow=0 return_oop=0}
                      ; - (reexecute) io.github.universityTycoon.MainScreen::draw@82 (line 251)
  0x000001fb87d7ac14: e876 72ff | ba45 ffff | ff48 8b6c | 2428 4c89 | 4424 2844 | 895c 2430 

  0x000001fb87d7ac2c: ;   {runtime_call UncommonTrapBlob}
  0x000001fb87d7ac2c: c5f8 77e8 

  0x000001fb87d7ac30: ; ImmutableOopMap {rbp=Oop [40]=Oop [56]=NarrowOop [60]=NarrowOop }
                      ;*ifne {reexecute=1 rethrow=0 return_oop=0}
                      ; - (reexecute) java.lang.AbstractStringBuilder::isLatin1@10 (line 1677)
                      ; - java.lang.StringBuilder::toString@1 (line 453)
                      ; - java.util.Formatter::toString@8 (line 2525)
                      ; - java.lang.String::format@12 (line 4147)
                      ; - io.github.universityTycoon.MainScreen::draw@186 (line 263)
  0x000001fb87d7ac30: cc76 72ff | 4c8b f248 | 8bee 458b | e841 8bf1 | 498b d7c5 | f877 49ba | 00f5 c875 | f97f 0000 
  0x000001fb87d7ac50: 41ff d244 | 8bce 458b | c548 8bf5 | 498b d6e9 | ae65 ffff | 498b d7c5 | f877 49ba | 00f5 c875 
  0x000001fb87d7ac70: f97f 0000 | 41ff d2e9 | afca ffff | 498b d849 | 8bd7 c5f8 | 7749 ba00 | f5c8 75f9 | 7f00 0041 
  0x000001fb87d7ac90: ffd2 4c8b | c3e9 6967 | ffff ba45 | ffff ff48 | 8b6c 2428 | 448b 5c24 | 3844 895c | 2424 4889 
  0x000001fb87d7acb0: 5c24 284c | 8944 2430 | 4489 5424 | 3866 6690 

  0x000001fb87d7acc0: ;   {runtime_call UncommonTrapBlob}
  0x000001fb87d7acc0: c5f8 77e8 

  0x000001fb87d7acc4: ; ImmutableOopMap {rbp=Oop [36]=NarrowOop [40]=Oop [60]=NarrowOop }
                      ;*iflt {reexecute=1 rethrow=0 return_oop=0}
                      ; - (reexecute) java.lang.StringConcatHelper::checkOverflow@2 (line 54)
                      ; - java.lang.StringConcatHelper::mix@23 (line 138)
                      ; - java.lang.StringConcatHelper::simpleConcat@54 (line 420)
                      ; - java.lang.invoke.DirectMethodHandle$Holder::invokeStatic@11
                      ; - java.lang.invoke.LambdaForm$MH/0x000001fb9700d000::invoke@21
                      ; - java.lang.invoke.Invokers$Holder::linkToTargetMethod@5
                      ; - io.github.universityTycoon.MainScreen::draw@189 (line 263)
  0x000001fb87d7acc4: 3876 72ff | ba45 ffff | ff48 8b6c | 2428 448b | 4424 3c44 | 8944 2420 | 448b 5424 | 3844 8954 
  0x000001fb87d7ace4: 2424 4889 | 5c24 3048 | 897c 2438 | 4489 5c24 | 4066 6690 

  0x000001fb87d7acf8: ;   {runtime_call UncommonTrapBlob}
  0x000001fb87d7acf8: c5f8 77e8 

  0x000001fb87d7acfc: ; ImmutableOopMap {rbp=Oop [32]=NarrowOop [36]=NarrowOop [48]=Oop [56]=Oop }
                      ;*if_icmpne {reexecute=1 rethrow=0 return_oop=0}
                      ; - (reexecute) java.lang.String::getBytes@5 (line 4460)
                      ; - java.lang.StringConcatHelper::prepend@21 (line 354)
                      ; - java.lang.StringConcatHelper::simpleConcat@71 (line 424)
                      ; - java.lang.invoke.DirectMethodHandle$Holder::invokeStatic@11
                      ; - java.lang.invoke.LambdaForm$MH/0x000001fb9700d000::invoke@21
                      ; - java.lang.invoke.Invokers$Holder::linkToTargetMethod@5
                      ; - io.github.universityTycoon.MainScreen::draw@189 (line 263)
  0x000001fb87d7acfc: 0076 72ff | ba45 ffff | ff44 895c | 2420 894c | 2424 4489 | 5424 2c44 | 8954 2430 

  0x000001fb87d7ad18: ;   {runtime_call UncommonTrapBlob}
  0x000001fb87d7ad18: c5f8 77e8 

  0x000001fb87d7ad1c: ; ImmutableOopMap {rbp=Oop [32]=NarrowOop [36]=NarrowOop }
                      ;*iflt {reexecute=1 rethrow=0 return_oop=0}
                      ; - (reexecute) java.lang.Integer::stringSize@3 (line 552)
                      ; - java.lang.StringConcatHelper::mix@2 (line 112)
                      ; - java.lang.invoke.DirectMethodHandle$Holder::invokeStatic@13
                      ; - java.lang.invoke.LambdaForm$MH/0x000001fb97095000::invoke@23
                      ; - java.lang.invoke.LambdaForm$MH/0x000001fb97095400::invoke@15
                      ; - java.lang.invoke.Invokers$Holder::linkToTargetMethod@5
                      ; - io.github.universityTycoon.MainScreen::draw@239 (line 268)
  0x000001fb87d7ad1c: e075 72ff | 4533 d249 | 3bda bdff | ffff ff7c | 0840 0f95 | c540 0fb6 | edba 45ff | ffff 448b 
  0x000001fb87d7ad3c: 5424 3c44 | 8954 242c | 4889 5c24 | 3866 6690 

  0x000001fb87d7ad4c: ;   {runtime_call UncommonTrapBlob}
  0x000001fb87d7ad4c: c5f8 77e8 

  0x000001fb87d7ad50: ; ImmutableOopMap {[44]=NarrowOop [64]=Oop [72]=NarrowOop [80]=Oop }
                      ;*ifne {reexecute=1 rethrow=0 return_oop=0}
                      ; - (reexecute) java.lang.StringConcatHelper::newString@3 (line 386)
                      ; - java.lang.invoke.DirectMethodHandle$Holder::invokeStatic@13
                      ; - java.lang.invoke.LambdaForm$MH/0x000001fb97095400::invoke@71
                      ; - java.lang.invoke.Invokers$Holder::linkToTargetMethod@5
                      ; - io.github.universityTycoon.MainScreen::draw@239 (line 268)
  0x000001fb87d7ad50: ac75 72ff | ba45 ffff | ff48 8b6c | 2440 4489 | 5424 2c44 | 8954 2430 

  0x000001fb87d7ad68: ;   {runtime_call UncommonTrapBlob}
  0x000001fb87d7ad68: c5f8 77e8 

  0x000001fb87d7ad6c: ; ImmutableOopMap {rbp=Oop [56]=NarrowOop [72]=NarrowOop }
                      ;*iflt {reexecute=1 rethrow=0 return_oop=0}
                      ; - (reexecute) java.lang.Integer::stringSize@3 (line 552)
                      ; - java.lang.StringConcatHelper::mix@2 (line 112)
                      ; - java.lang.invoke.DirectMethodHandle$Holder::invokeStatic@13
                      ; - java.lang.invoke.LambdaForm$MH/0x000001fb97095000::invoke@23
                      ; - java.lang.invoke.LambdaForm$MH/0x000001fb97095400::invoke@15
                      ; - java.lang.invoke.Invokers$Holder::linkToTargetMethod@5
                      ; - io.github.universityTycoon.MainScreen::draw@268 (line 269)
  0x000001fb87d7ad6c: 9075 72ff | 4533 d249 | 3bda bdff | ffff ff7c | 0840 0f95 | c540 0fb6 | edba 45ff | ffff 448b 
  0x000001fb87d7ad8c: 5c24 3844 | 895c 242c | 4889 5c24 | 3866 6690 

  0x000001fb87d7ad9c: ;   {runtime_call UncommonTrapBlob}
  0x000001fb87d7ad9c: c5f8 77e8 

  0x000001fb87d7ada0: ; ImmutableOopMap {[44]=NarrowOop [64]=Oop [72]=NarrowOop [80]=Oop }
                      ;*ifne {reexecute=1 rethrow=0 return_oop=0}
                      ; - (reexecute) java.lang.StringConcatHelper::newString@3 (line 386)
                      ; - java.lang.invoke.DirectMethodHandle$Holder::invokeStatic@13
                      ; - java.lang.invoke.LambdaForm$MH/0x000001fb97095400::invoke@71
                      ; - java.lang.invoke.Invokers$Holder::linkToTargetMethod@5
                      ; - io.github.universityTycoon.MainScreen::draw@268 (line 269)
  0x000001fb87d7ada0: 5c75 72ff | ba45 ffff | ff48 8b6c | 2440 4489 | 5c24 2c44 | 895c 2430 

  0x000001fb87d7adb8: ;   {runtime_call UncommonTrapBlob}
  0x000001fb87d7adb8: c5f8 77e8 

  0x000001fb87d7adbc: ; ImmutableOopMap {rbp=Oop [56]=NarrowOop [72]=NarrowOop }
                      ;*iflt {reexecute=1 rethrow=0 return_oop=0}
                      ; - (reexecute) java.lang.Integer::stringSize@3 (line 552)
                      ; - java.lang.StringConcatHelper::mix@2 (line 112)
                      ; - java.lang.invoke.DirectMethodHandle$Holder::invokeStatic@13
                      ; - java.lang.invoke.LambdaForm$MH/0x000001fb97095000::invoke@23
                      ; - java.lang.invoke.LambdaForm$MH/0x000001fb97095400::invoke@15
                      ; - java.lang.invoke.Invokers$Holder::linkToTargetMethod@5
                      ; - io.github.universityTycoon.MainScreen::draw@297 (line 270)
  0x000001fb87d7adbc: 4075 72ff | 4533 d249 | 3bda bdff | ffff ff7c | 0840 0f95 | c540 0fb6 | edba 45ff | ffff 448b 
  0x000001fb87d7addc: 5424 3844 | 8954 242c | 4889 5c24 | 3866 6690 

  0x000001fb87d7adec: ;   {runtime_call UncommonTrapBlob}
  0x000001fb87d7adec: c5f8 77e8 

  0x000001fb87d7adf0: ; ImmutableOopMap {[44]=NarrowOop [64]=Oop [72]=NarrowOop [80]=Oop }
                      ;*ifne {reexecute=1 rethrow=0 return_oop=0}
                      ; - (reexecute) java.lang.StringConcatHelper::newString@3 (line 386)
                      ; - java.lang.invoke.DirectMethodHandle$Holder::invokeStatic@13
                      ; - java.lang.invoke.LambdaForm$MH/0x000001fb97095400::invoke@71
                      ; - java.lang.invoke.Invokers$Holder::linkToTargetMethod@5
                      ; - io.github.universityTycoon.MainScreen::draw@297 (line 270)
  0x000001fb87d7adf0: 0c75 72ff | ba45 ffff | ff48 8b6c | 2440 4489 | 5c24 2c44 | 895c 2430 

  0x000001fb87d7ae08: ;   {runtime_call UncommonTrapBlob}
  0x000001fb87d7ae08: c5f8 77e8 

  0x000001fb87d7ae0c: ; ImmutableOopMap {rbp=Oop [56]=NarrowOop [72]=NarrowOop }
                      ;*iflt {reexecute=1 rethrow=0 return_oop=0}
                      ; - (reexecute) java.lang.Integer::stringSize@3 (line 552)
                      ; - java.lang.StringConcatHelper::mix@2 (line 112)
                      ; - java.lang.invoke.DirectMethodHandle$Holder::invokeStatic@13
                      ; - java.lang.invoke.LambdaForm$MH/0x000001fb97095000::invoke@23
                      ; - java.lang.invoke.LambdaForm$MH/0x000001fb97095400::invoke@15
                      ; - java.lang.invoke.Invokers$Holder::linkToTargetMethod@5
                      ; - io.github.universityTycoon.MainScreen::draw@326 (line 271)
  0x000001fb87d7ae0c: f074 72ff | 4533 d249 | 3bda bdff | ffff ff7c | 0840 0f95 | c540 0fb6 | edba 45ff | ffff 448b 
  0x000001fb87d7ae2c: 5c24 3844 | 895c 242c | 4889 5c24 | 3866 6690 

  0x000001fb87d7ae3c: ;   {runtime_call UncommonTrapBlob}
  0x000001fb87d7ae3c: c5f8 77e8 

  0x000001fb87d7ae40: ; ImmutableOopMap {[44]=NarrowOop [64]=Oop [72]=NarrowOop [80]=Oop }
                      ;*ifne {reexecute=1 rethrow=0 return_oop=0}
                      ; - (reexecute) java.lang.StringConcatHelper::newString@3 (line 386)
                      ; - java.lang.invoke.DirectMethodHandle$Holder::invokeStatic@13
                      ; - java.lang.invoke.LambdaForm$MH/0x000001fb97095400::invoke@71
                      ; - java.lang.invoke.Invokers$Holder::linkToTargetMethod@5
                      ; - io.github.universityTycoon.MainScreen::draw@326 (line 271)
  0x000001fb87d7ae40: bc74 72ff | ba45 ffff | ff48 8b6c | 2438 448b | 5424 2844 | 8954 2420 | 448b 4c24 | 2c44 894c 
  0x000001fb87d7ae60: 2424 4489 | 4424 2848 | 895c 2430 | 4489 5c24 | 2c66 6690 

  0x000001fb87d7ae74: ;   {runtime_call UncommonTrapBlob}
  0x000001fb87d7ae74: c5f8 77e8 

  0x000001fb87d7ae78: ; ImmutableOopMap {rbp=Oop [32]=NarrowOop [36]=NarrowOop [40]=NarrowOop }
                      ;*iflt {reexecute=1 rethrow=0 return_oop=0}
                      ; - (reexecute) java.lang.StringConcatHelper::checkOverflow@2 (line 54)
                      ; - java.lang.StringConcatHelper::mix@23 (line 138)
                      ; - java.lang.StringConcatHelper::simpleConcat@54 (line 420)
                      ; - java.lang.invoke.DirectMethodHandle$Holder::invokeStatic@11
                      ; - java.lang.invoke.LambdaForm$MH/0x000001fb9700d000::invoke@21
                      ; - java.lang.invoke.Invokers$Holder::linkToTargetMethod@5
                      ; - io.github.universityTycoon.MainScreen::draw@373 (line 285)
  0x000001fb87d7ae78: 8474 72ff | ba45 ffff | ff48 8b6c | 2438 448b | 5c24 2844 | 895c 2420 | 448b 5424 | 2c44 8954 
  0x000001fb87d7ae98: 2424 4489 | 4424 3048 | 897c 2438 

  0x000001fb87d7aea4: ;   {runtime_call UncommonTrapBlob}
  0x000001fb87d7aea4: c5f8 77e8 

  0x000001fb87d7aea8: ; ImmutableOopMap {rbp=Oop [32]=NarrowOop [36]=NarrowOop [48]=NarrowOop [56]=Oop [72]=Oop }
                      ;*if_icmpne {reexecute=1 rethrow=0 return_oop=0}
                      ; - (reexecute) java.lang.String::getBytes@5 (line 4460)
                      ; - java.lang.StringConcatHelper::prepend@21 (line 354)
                      ; - java.lang.StringConcatHelper::simpleConcat@71 (line 424)
                      ; - java.lang.invoke.DirectMethodHandle$Holder::invokeStatic@11
                      ; - java.lang.invoke.LambdaForm$MH/0x000001fb9700d000::invoke@21
                      ; - java.lang.invoke.Invokers$Holder::linkToTargetMethod@5
                      ; - io.github.universityTycoon.MainScreen::draw@373 (line 285)
  0x000001fb87d7aea8: 5474 72ff | ba45 ffff | ff48 8b6c | 2438 448b | 5c24 2844 | 895c 2420 | 448b 5424 | 2c44 8954 
  0x000001fb87d7aec8: 2424 8944 | 2430 8944 | 2438 6690 

  0x000001fb87d7aed4: ;   {runtime_call UncommonTrapBlob}
  0x000001fb87d7aed4: c5f8 77e8 

  0x000001fb87d7aed8: ; ImmutableOopMap {rbp=Oop [32]=NarrowOop [36]=NarrowOop [100]=NarrowOop }
                      ;*iflt {reexecute=1 rethrow=0 return_oop=0}
                      ; - (reexecute) java.lang.String::checkBoundsOffCount@5 (line 4592)
                      ; - java.lang.String::rangeCheck@4 (line 304)
                      ; - java.lang.String::<init>@7 (line 300)
                      ; - jdk.internal.math.FloatingDecimal$BinaryToASCIIBuffer::toJavaFormatString@19 (line 302)
                      ; - jdk.internal.math.FloatingDecimal::toJavaFormatString@4 (line 80)
                      ; - java.lang.Float::toString@1 (line 226)
                      ; - java.lang.String::valueOf@1 (line 4357)
                      ; - java.lang.invoke.LambdaForm$DMH/0x000001fb97095800::invokeStatic@10
                      ; - java.lang.invoke.LambdaForm$MH/0x000001fb97097000::invoke@15
                      ; - java.lang.invoke.LambdaForm$MH/0x000001fb97097400::linkToTargetMethod@5
                      ; - io.github.universityTycoon.MainScreen::draw@438 (line 289)
  0x000001fb87d7aed8: 2474 72ff | ba45 ffff | ff48 8b6c | 2438 448b | 4424 2844 | 8944 2420 | 448b 5c24 | 2c44 895c 
  0x000001fb87d7aef8: 2424 4889 | 5c24 2844 | 8954 2434 

  0x000001fb87d7af04: ;   {runtime_call UncommonTrapBlob}
  0x000001fb87d7af04: c5f8 77e8 

  0x000001fb87d7af08: ; ImmutableOopMap {rbp=Oop [32]=NarrowOop [36]=NarrowOop [52]=NarrowOop }
                      ;*iflt {reexecute=1 rethrow=0 return_oop=0}
                      ; - (reexecute) java.lang.StringConcatHelper::checkOverflow@2 (line 54)
                      ; - java.lang.StringConcatHelper::mix@23 (line 138)
                      ; - java.lang.invoke.DirectMethodHandle$Holder::invokeStatic@13
                      ; - java.lang.invoke.LambdaForm$MH/0x000001fb9708a800::invoke@23
                      ; - java.lang.invoke.LambdaForm$MH/0x000001fb97097000::invoke@31
                      ; - java.lang.invoke.LambdaForm$MH/0x000001fb97097400::linkToTargetMethod@5
                      ; - io.github.universityTycoon.MainScreen::draw@438 (line 289)
  0x000001fb87d7af08: f473 72ff | ba45 ffff | ff48 8b6c | 2438 448b | 5424 2844 | 8954 2420 | 448b 5c24 | 2c44 895c 
  0x000001fb87d7af28: 2424 448b | 5424 3444 | 8954 2428 

  0x000001fb87d7af34: ;   {runtime_call UncommonTrapBlob}
  0x000001fb87d7af34: c5f8 77e8 

  0x000001fb87d7af38: ; ImmutableOopMap {rbp=Oop [32]=NarrowOop [36]=NarrowOop [40]=NarrowOop }
                      ;*iflt {reexecute=1 rethrow=0 return_oop=0}
                      ; - (reexecute) java.lang.String::checkBoundsOffCount@5 (line 4592)
                      ; - java.lang.String::rangeCheck@4 (line 304)
                      ; - java.lang.String::<init>@7 (line 300)
                      ; - jdk.internal.math.FloatingDecimal$BinaryToASCIIBuffer::toJavaFormatString@19 (line 302)
                      ; - jdk.internal.math.FloatingDecimal::toJavaFormatString@4 (line 80)
                      ; - java.lang.Float::toString@1 (line 226)
                      ; - java.lang.String::valueOf@1 (line 4357)
                      ; - java.lang.invoke.LambdaForm$DMH/0x000001fb97095800::invokeStatic@10
                      ; - java.lang.invoke.LambdaForm$MH/0x000001fb97097000::invoke@15
                      ; - java.lang.invoke.LambdaForm$MH/0x000001fb97097400::linkToTargetMethod@5
                      ; - io.github.universityTycoon.MainScreen::draw@463 (line 290)
  0x000001fb87d7af38: c473 72ff | ba45 ffff | ff48 8b6c | 2438 448b | 5c24 2844 | 895c 2420 | 448b 5424 | 2c44 8954 
  0x000001fb87d7af58: 2424 4889 | 4c24 2844 | 894c 2434 

  0x000001fb87d7af64: ;   {runtime_call UncommonTrapBlob}
  0x000001fb87d7af64: c5f8 77e8 

  0x000001fb87d7af68: ; ImmutableOopMap {rbp=Oop [32]=NarrowOop [36]=NarrowOop [52]=NarrowOop }
                      ;*iflt {reexecute=1 rethrow=0 return_oop=0}
                      ; - (reexecute) java.lang.StringConcatHelper::checkOverflow@2 (line 54)
                      ; - java.lang.StringConcatHelper::mix@23 (line 138)
                      ; - java.lang.invoke.DirectMethodHandle$Holder::invokeStatic@13
                      ; - java.lang.invoke.LambdaForm$MH/0x000001fb9708a800::invoke@23
                      ; - java.lang.invoke.LambdaForm$MH/0x000001fb97097000::invoke@31
                      ; - java.lang.invoke.LambdaForm$MH/0x000001fb97097400::linkToTargetMethod@5
                      ; - io.github.universityTycoon.MainScreen::draw@463 (line 290)
  0x000001fb87d7af68: 9473 72ff | ba45 ffff | ff48 8b6c | 2438 448b | 5424 3044 | 8954 2424 | 8944 242c | 8944 2430 
  0x000001fb87d7af88: ;   {runtime_call UncommonTrapBlob}
  0x000001fb87d7af88: c5f8 77e8 

  0x000001fb87d7af8c: ; ImmutableOopMap {rbp=Oop [36]=NarrowOop [52]=NarrowOop }
                      ;*iflt {reexecute=1 rethrow=0 return_oop=0}
                      ; - (reexecute) java.lang.Integer::stringSize@3 (line 552)
                      ; - java.lang.StringConcatHelper::mix@2 (line 112)
                      ; - java.lang.invoke.DirectMethodHandle$Holder::invokeStatic@13
                      ; - java.lang.invoke.LambdaForm$MH/0x000001fb97095000::invoke@23
                      ; - java.lang.invoke.LambdaForm$MH/0x000001fb97095400::invoke@15
                      ; - java.lang.invoke.Invokers$Holder::linkToTargetMethod@5
                      ; - io.github.universityTycoon.MainScreen::draw@488 (line 291)
  0x000001fb87d7af8c: 7073 72ff | 4533 d249 | 3bda bdff | ffff ff7c | 0840 0f95 | c540 0fb6 | edba 45ff | ffff 4c8b 
  0x000001fb87d7afac: 5424 384c | 8954 2420 | 448b 5c24 | 3444 895c | 2428 448b | 5424 3044 | 8954 242c | 4889 5c24 
  0x000001fb87d7afcc: 3866 6690 

  0x000001fb87d7afd0: ;   {runtime_call UncommonTrapBlob}
  0x000001fb87d7afd0: c5f8 77e8 

  0x000001fb87d7afd4: ; ImmutableOopMap {[32]=Oop [40]=NarrowOop [44]=NarrowOop [96]=Oop }
                      ;*ifne {reexecute=1 rethrow=0 return_oop=0}
                      ; - (reexecute) java.lang.StringConcatHelper::newString@3 (line 386)
                      ; - java.lang.invoke.DirectMethodHandle$Holder::invokeStatic@13
                      ; - java.lang.invoke.LambdaForm$MH/0x000001fb97095400::invoke@71
                      ; - java.lang.invoke.Invokers$Holder::linkToTargetMethod@5
                      ; - io.github.universityTycoon.MainScreen::draw@488 (line 291)
  0x000001fb87d7afd4: 2873 72ff | ba45 ffff | ff48 8b6c | 2438 448b | 5c24 3044 | 895c 2424 | 8944 242c | 8944 2430 
  0x000001fb87d7aff4: ;   {runtime_call UncommonTrapBlob}
  0x000001fb87d7aff4: c5f8 77e8 

  0x000001fb87d7aff8: ; ImmutableOopMap {rbp=Oop [36]=NarrowOop [52]=NarrowOop }
                      ;*iflt {reexecute=1 rethrow=0 return_oop=0}
                      ; - (reexecute) java.lang.Integer::stringSize@3 (line 552)
                      ; - java.lang.StringConcatHelper::mix@2 (line 112)
                      ; - java.lang.invoke.DirectMethodHandle$Holder::invokeStatic@13
                      ; - java.lang.invoke.LambdaForm$MH/0x000001fb97095000::invoke@23
                      ; - java.lang.invoke.LambdaForm$MH/0x000001fb97095400::invoke@15
                      ; - java.lang.invoke.Invokers$Holder::linkToTargetMethod@5
                      ; - io.github.universityTycoon.MainScreen::draw@513 (line 292)
  0x000001fb87d7aff8: 0473 72ff | 4533 d249 | 3bda bdff | ffff ff7c | 0840 0f95 | c540 0fb6 | edba 45ff | ffff 4c8b 
  0x000001fb87d7b018: 5424 384c | 8954 2420 | 448b 5424 | 3444 8954 | 2428 448b | 5c24 3044 | 895c 242c | 4889 5c24 
  0x000001fb87d7b038: 3866 6690 

  0x000001fb87d7b03c: ;   {runtime_call UncommonTrapBlob}
  0x000001fb87d7b03c: c5f8 77e8 

  0x000001fb87d7b040: ; ImmutableOopMap {[32]=Oop [40]=NarrowOop [44]=NarrowOop [80]=Oop }
                      ;*ifne {reexecute=1 rethrow=0 return_oop=0}
                      ; - (reexecute) java.lang.StringConcatHelper::newString@3 (line 386)
                      ; - java.lang.invoke.DirectMethodHandle$Holder::invokeStatic@13
                      ; - java.lang.invoke.LambdaForm$MH/0x000001fb97095400::invoke@71
                      ; - java.lang.invoke.Invokers$Holder::linkToTargetMethod@5
                      ; - io.github.universityTycoon.MainScreen::draw@513 (line 292)
  0x000001fb87d7b040: bc72 72ff | 4533 db4d | 3bd3 bdff | ffff ff7c | 0840 0f95 | c540 0fb6 | edba 45ff | ffff 4c8b 
  0x000001fb87d7b060: 5c24 384c | 895c 2420 

  0x000001fb87d7b068: ;   {runtime_call UncommonTrapBlob}
  0x000001fb87d7b068: c5f8 77e8 

  0x000001fb87d7b06c: ; ImmutableOopMap {[32]=Oop [40]=NarrowOop [44]=NarrowOop }
                      ;*iflt {reexecute=1 rethrow=0 return_oop=0}
                      ; - (reexecute) java.lang.Long::stringSize@5 (line 596)
                      ; - java.lang.StringConcatHelper::mix@2 (line 123)
                      ; - java.lang.invoke.DirectMethodHandle$Holder::invokeStatic@13
                      ; - java.lang.invoke.LambdaForm$MH/0x000001fb97098c00::invoke@23
                      ; - java.lang.invoke.LambdaForm$MH/0x000001fb97099000::invoke@15
                      ; - java.lang.invoke.Invokers$Holder::linkToTargetMethod@5
                      ; - io.github.universityTycoon.MainScreen::draw@545 (line 294)
  0x000001fb87d7b06c: 9072 72ff | 4533 d249 | 3bfa bdff | ffff ff7c | 0840 0f95 | c540 0fb6 | edba 45ff | ffff 4c8b 
  0x000001fb87d7b08c: 5424 384c | 8954 2420 | 4889 5c24 | 3048 897c | 2438 6690 

  0x000001fb87d7b0a0: ;   {runtime_call UncommonTrapBlob}
  0x000001fb87d7b0a0: c5f8 77e8 

  0x000001fb87d7b0a4: ; ImmutableOopMap {[32]=Oop [40]=NarrowOop [44]=NarrowOop [48]=Oop }
                      ;*ifne {reexecute=1 rethrow=0 return_oop=0}
                      ; - (reexecute) java.lang.StringConcatHelper::newString@3 (line 386)
                      ; - java.lang.invoke.DirectMethodHandle$Holder::invokeStatic@13
                      ; - java.lang.invoke.LambdaForm$MH/0x000001fb97099000::invoke@74
                      ; - java.lang.invoke.Invokers$Holder::linkToTargetMethod@5
                      ; - io.github.universityTycoon.MainScreen::draw@545 (line 294)
  0x000001fb87d7b0a4: 5872 72ff | ba45 ffff | ff48 8b6c | 2438 448b | 5c24 2844 | 895c 2420 | 448b 4c24 | 2c44 894c 
  0x000001fb87d7b0c4: 2424 4c89 | 4424 3089 | 4424 3844 | 8954 243c 

  0x000001fb87d7b0d4: ;   {runtime_call UncommonTrapBlob}
  0x000001fb87d7b0d4: c5f8 77e8 

  0x000001fb87d7b0d8: ; ImmutableOopMap {rbp=Oop [32]=NarrowOop [36]=NarrowOop [48]=Oop [100]=NarrowOop }
                      ;*if_icmpne {reexecute=1 rethrow=0 return_oop=0}
                      ; - (reexecute) java.lang.StringUTF16::compress@13 (line 162)
                      ; - java.lang.String::<init>@36 (line 4503)
                      ; - java.lang.String::<init>@10 (line 300)
                      ; - jdk.internal.math.FloatingDecimal$BinaryToASCIIBuffer::toJavaFormatString@19 (line 302)
                      ; - jdk.internal.math.FloatingDecimal::toJavaFormatString@4 (line 80)
                      ; - java.lang.Float::toString@1 (line 226)
                      ; - java.lang.String::valueOf@1 (line 4357)
                      ; - java.lang.invoke.LambdaForm$DMH/0x000001fb97095800::invokeStatic@10
                      ; - java.lang.invoke.LambdaForm$MH/0x000001fb97097000::invoke@15
                      ; - java.lang.invoke.LambdaForm$MH/0x000001fb97097400::linkToTargetMethod@5
                      ; - io.github.universityTycoon.MainScreen::draw@438 (line 289)
  0x000001fb87d7b0d8: 2472 72ff | ba45 ffff | ff48 8b6c | 2438 448b | 4c24 2844 | 894c 2420 | 448b 4424 | 2c44 8944 
  0x000001fb87d7b0f8: 2424 448b | 4c24 3444 | 894c 2428 | 448b 4424 | 3044 8944 | 242c 4c89 | 5c24 3089 | 4424 3844 
  0x000001fb87d7b118: 8954 243c 

  0x000001fb87d7b11c: ;   {runtime_call UncommonTrapBlob}
  0x000001fb87d7b11c: c5f8 77e8 

  0x000001fb87d7b120: ; ImmutableOopMap {rbp=Oop [32]=NarrowOop [36]=NarrowOop [40]=NarrowOop [48]=Oop }
                      ;*if_icmpne {reexecute=1 rethrow=0 return_oop=0}
                      ; - (reexecute) java.lang.StringUTF16::compress@13 (line 162)
                      ; - java.lang.String::<init>@36 (line 4503)
                      ; - java.lang.String::<init>@10 (line 300)
                      ; - jdk.internal.math.FloatingDecimal$BinaryToASCIIBuffer::toJavaFormatString@19 (line 302)
                      ; - jdk.internal.math.FloatingDecimal::toJavaFormatString@4 (line 80)
                      ; - java.lang.Float::toString@1 (line 226)
                      ; - java.lang.String::valueOf@1 (line 4357)
                      ; - java.lang.invoke.LambdaForm$DMH/0x000001fb97095800::invokeStatic@10
                      ; - java.lang.invoke.LambdaForm$MH/0x000001fb97097000::invoke@15
                      ; - java.lang.invoke.LambdaForm$MH/0x000001fb97097400::linkToTargetMethod@5
                      ; - io.github.universityTycoon.MainScreen::draw@463 (line 290)
  0x000001fb87d7b120: dc71 72ff | ba45 ffff | ff4c 8944 | 2420 4489 | 5424 2890 

  0x000001fb87d7b134: ;   {runtime_call UncommonTrapBlob}
  0x000001fb87d7b134: c5f8 77e8 

  0x000001fb87d7b138: ; ImmutableOopMap {rbp=NarrowOop [32]=Oop }
                      ;*ifeq {reexecute=1 rethrow=0 return_oop=0}
                      ; - (reexecute) com.badlogic.gdx.graphics.g2d.SpriteBatch::begin@4 (line 176)
                      ; - io.github.universityTycoon.MainScreen::draw@4 (line 242)
  0x000001fb87d7b138: c471 72ff | ba45 ffff | ff4c 8b5c | 2428 4c89 | 5c24 2044 | 8954 2428 

  0x000001fb87d7b150: ;   {runtime_call UncommonTrapBlob}
  0x000001fb87d7b150: c5f8 77e8 

  0x000001fb87d7b154: ; ImmutableOopMap {rbp=NarrowOop [32]=Oop [40]=NarrowOop }
                      ;*ifnull {reexecute=1 rethrow=0 return_oop=0}
                      ; - (reexecute) com.badlogic.gdx.graphics.g2d.SpriteBatch::begin@35 (line 180)
                      ; - io.github.universityTycoon.MainScreen::draw@4 (line 242)
  0x000001fb87d7b154: a871 72ff | ba45 ffff | ff4c 8b4c | 2428 4c89 | 4c24 2044 | 8944 242c | 4489 5c24 | 3044 8954 
  0x000001fb87d7b174: 2434 6690 

  0x000001fb87d7b178: ;   {runtime_call UncommonTrapBlob}
  0x000001fb87d7b178: c5f8 77e8 

  0x000001fb87d7b17c: ; ImmutableOopMap {rbp=NarrowOop [32]=Oop [44]=NarrowOop [48]=NarrowOop }
                      ;*ifeq {reexecute=1 rethrow=0 return_oop=0}
                      ; - (reexecute) com.badlogic.gdx.graphics.glutils.ShaderProgram::checkManaged@4 (line 758)
                      ; - com.badlogic.gdx.graphics.glutils.ShaderProgram::bind@5 (line 704)
                      ; - com.badlogic.gdx.graphics.g2d.SpriteBatch::begin@52 (line 183)
                      ; - io.github.universityTycoon.MainScreen::draw@4 (line 242)
  0x000001fb87d7b17c: 8071 72ff | ba45 ffff | ff89 7c24 | 2044 894c | 2424 4489 | 5424 2890 

  0x000001fb87d7b194: ;   {runtime_call UncommonTrapBlob}
  0x000001fb87d7b194: c5f8 77e8 

  0x000001fb87d7b198: ; ImmutableOopMap {rbp=Oop [32]=NarrowOop [36]=NarrowOop }
                      ;*ifeq {reexecute=1 rethrow=0 return_oop=0}
                      ; - (reexecute) com.badlogic.gdx.graphics.g2d.SpriteBatch::setProjectionMatrix@4 (line 1049)
                      ; - io.github.universityTycoon.MainScreen::draw@34 (line 246)
  0x000001fb87d7b198: 6471 72ff | ba45 ffff | ff89 7c24 | 2044 895c | 2424 6690 

  0x000001fb87d7b1ac: ;   {runtime_call UncommonTrapBlob}
  0x000001fb87d7b1ac: c5f8 77e8 

  0x000001fb87d7b1b0: ; ImmutableOopMap {rbp=Oop [32]=NarrowOop }
                      ;*ifeq {reexecute=1 rethrow=0 return_oop=0}
                      ; - (reexecute) com.badlogic.gdx.graphics.g2d.SpriteBatch::setProjectionMatrix@24 (line 1051)
                      ; - io.github.universityTycoon.MainScreen::draw@34 (line 246)
  0x000001fb87d7b1b0: 4c71 72ff | ba45 ffff | ff48 8bef | 4489 4424 | 2044 894c | 2424 4889 | 7424 284c | 895c 2438 
  0x000001fb87d7b1d0: 894c 2444 

  0x000001fb87d7b1d4: ;   {runtime_call UncommonTrapBlob}
  0x000001fb87d7b1d4: c5f8 77e8 

  0x000001fb87d7b1d8: ; ImmutableOopMap {rbp=Oop [32]=NarrowOop [36]=NarrowOop [40]=Oop [56]=Oop [68]=NarrowOop }
                      ;*ifnonnull {reexecute=1 rethrow=0 return_oop=0}
                      ; - (reexecute) java.util.Locale::getDefault@54 (line 955)
                      ; - java.util.Formatter::<init>@4 (line 1989)
                      ; - java.lang.String::format@4 (line 4147)
                      ; - io.github.universityTycoon.MainScreen::draw@186 (line 263)
  0x000001fb87d7b1d8: 2471 72ff | ba45 ffff | ff48 8b6c | 2428 448b | 5424 3844 | 8954 2424 | 4889 5c24 | 284c 8944 
  0x000001fb87d7b1f8: 2430 4489 | 5c24 3890 

  0x000001fb87d7b200: ;   {runtime_call UncommonTrapBlob}
  0x000001fb87d7b200: c5f8 77e8 

  0x000001fb87d7b204: ; ImmutableOopMap {rbp=Oop [36]=NarrowOop [40]=Oop [60]=NarrowOop }
                      ;*if_icmpne {reexecute=1 rethrow=0 return_oop=0}
                      ; - (reexecute) java.lang.StringConcatHelper::mix@13 (line 135)
                      ; - java.lang.StringConcatHelper::simpleConcat@54 (line 420)
                      ; - java.lang.invoke.DirectMethodHandle$Holder::invokeStatic@11
                      ; - java.lang.invoke.LambdaForm$MH/0x000001fb9700d000::invoke@21
                      ; - java.lang.invoke.Invokers$Holder::linkToTargetMethod@5
                      ; - io.github.universityTycoon.MainScreen::draw@189 (line 263)
  0x000001fb87d7b204: f870 72ff | ba45 ffff | ff48 8b6c | 2428 448b | 4c24 3c44 | 894c 2420 | 448b 5c24 | 3844 895c 
  0x000001fb87d7b224: 2424 4889 | 5c24 284c | 8944 2430 | 4489 5424 | 3c66 6690 

  0x000001fb87d7b238: ;   {runtime_call UncommonTrapBlob}
  0x000001fb87d7b238: c5f8 77e8 

  0x000001fb87d7b23c: ; ImmutableOopMap {rbp=Oop [32]=NarrowOop [36]=NarrowOop [40]=Oop }
                      ;*ifge {reexecute=1 rethrow=0 return_oop=0}
                      ; - (reexecute) jdk.internal.misc.Unsafe::allocateUninitializedArray@34 (line 1372)
                      ; - java.lang.StringConcatHelper::newArray@19 (line 494)
                      ; - java.lang.StringConcatHelper::simpleConcat@61 (line 421)
                      ; - java.lang.invoke.DirectMethodHandle$Holder::invokeStatic@11
                      ; - java.lang.invoke.LambdaForm$MH/0x000001fb9700d000::invoke@21
                      ; - java.lang.invoke.Invokers$Holder::linkToTargetMethod@5
                      ; - io.github.universityTycoon.MainScreen::draw@189 (line 263)
  0x000001fb87d7b23c: c070 72ff | ba45 ffff | ff48 8b6c | 2428 448b | 4424 3c44 | 8944 2420 | 448b 5c24 | 3844 895c 
  0x000001fb87d7b25c: 2424 4889 | 5c24 3044 | 8954 2440 | 4489 5424 | 4466 6690 

  0x000001fb87d7b270: ;   {runtime_call UncommonTrapBlob}
  0x000001fb87d7b270: c5f8 77e8 

  0x000001fb87d7b274: ; ImmutableOopMap {rbp=Oop [32]=NarrowOop [36]=NarrowOop [48]=Oop [72]=NarrowOop }
                      ;*ifge {reexecute=1 rethrow=0 return_oop=0}
                      ; - (reexecute) java.util.Arrays::copyOfRange@5 (line 3820)
                      ; - java.lang.StringLatin1::newString@16 (line 769)
                      ; - java.lang.StringBuilder::toString@16 (line 453)
                      ; - java.util.Formatter::toString@8 (line 2525)
                      ; - java.lang.String::format@12 (line 4147)
                      ; - io.github.universityTycoon.MainScreen::draw@186 (line 263)
  0x000001fb87d7b274: 8870 72ff | ba45 ffff | ff44 8954 | 2428 6690 

  0x000001fb87d7b284: ;   {runtime_call UncommonTrapBlob}
  0x000001fb87d7b284: c5f8 77e8 

  0x000001fb87d7b288: ; ImmutableOopMap {rbp=NarrowOop [64]=Oop }
                      ;*ifeq {reexecute=1 rethrow=0 return_oop=0}
                      ; - (reexecute) com.badlogic.gdx.graphics.g2d.SpriteBatch::begin@4 (line 176)
                      ; - io.github.universityTycoon.MainScreen::draw@356 (line 282)
  0x000001fb87d7b288: 7470 72ff | ba45 ffff | ff44 8954 | 2428 6690 

  0x000001fb87d7b298: ;   {runtime_call UncommonTrapBlob}
  0x000001fb87d7b298: c5f8 77e8 

  0x000001fb87d7b29c: ; ImmutableOopMap {rbp=NarrowOop [40]=NarrowOop [64]=Oop }
                      ;*ifnull {reexecute=1 rethrow=0 return_oop=0}
                      ; - (reexecute) com.badlogic.gdx.graphics.g2d.SpriteBatch::begin@35 (line 180)
                      ; - io.github.universityTycoon.MainScreen::draw@356 (line 282)
  0x000001fb87d7b29c: 6070 72ff | ba45 ffff | ff44 8954 | 242c 4489 | 4c24 3044 | 895c 2434 

  0x000001fb87d7b2b4: ;   {runtime_call UncommonTrapBlob}
  0x000001fb87d7b2b4: c5f8 77e8 

  0x000001fb87d7b2b8: ; ImmutableOopMap {rbp=NarrowOop [44]=NarrowOop [48]=NarrowOop [64]=Oop }
                      ;*ifeq {reexecute=1 rethrow=0 return_oop=0}
                      ; - (reexecute) com.badlogic.gdx.graphics.glutils.ShaderProgram::checkManaged@4 (line 758)
                      ; - com.badlogic.gdx.graphics.glutils.ShaderProgram::bind@5 (line 704)
                      ; - com.badlogic.gdx.graphics.g2d.SpriteBatch::begin@52 (line 183)
                      ; - io.github.universityTycoon.MainScreen::draw@356 (line 282)
  0x000001fb87d7b2b8: 4470 72ff | ba45 ffff | ff48 8b6c | 2438 448b | 5424 2844 | 8954 2420 | 448b 5c24 | 2c44 895c 
  0x000001fb87d7b2d8: 2424 4489 | 4424 2848 | 895c 2430 

  0x000001fb87d7b2e4: ;   {runtime_call UncommonTrapBlob}
  0x000001fb87d7b2e4: c5f8 77e8 

  0x000001fb87d7b2e8: ; ImmutableOopMap {rbp=Oop [32]=NarrowOop [36]=NarrowOop [40]=NarrowOop }
                      ;*if_icmpne {reexecute=1 rethrow=0 return_oop=0}
                      ; - (reexecute) java.lang.StringConcatHelper::mix@13 (line 135)
                      ; - java.lang.StringConcatHelper::simpleConcat@54 (line 420)
                      ; - java.lang.invoke.DirectMethodHandle$Holder::invokeStatic@11
                      ; - java.lang.invoke.LambdaForm$MH/0x000001fb9700d000::invoke@21
                      ; - java.lang.invoke.Invokers$Holder::linkToTargetMethod@5
                      ; - io.github.universityTycoon.MainScreen::draw@373 (line 285)
  0x000001fb87d7b2e8: 1470 72ff | ba45 ffff | ff48 8b6c | 2438 448b | 5424 2844 | 8954 2420 | 448b 5c24 | 2c44 895c 
  0x000001fb87d7b308: 2424 4489 | 4424 2848 | 895c 2430 | 448b 5424 | 4445 8bda | 4489 5c24 | 3866 6690 

  0x000001fb87d7b324: ;   {runtime_call UncommonTrapBlob}
  0x000001fb87d7b324: c5f8 77e8 

  0x000001fb87d7b328: ; ImmutableOopMap {rbp=Oop [32]=NarrowOop [36]=NarrowOop [40]=NarrowOop }
                      ;*ifge {reexecute=1 rethrow=0 return_oop=0}
                      ; - (reexecute) jdk.internal.misc.Unsafe::allocateUninitializedArray@34 (line 1372)
                      ; - java.lang.StringConcatHelper::newArray@19 (line 494)
                      ; - java.lang.StringConcatHelper::simpleConcat@61 (line 421)
                      ; - java.lang.invoke.DirectMethodHandle$Holder::invokeStatic@11
                      ; - java.lang.invoke.LambdaForm$MH/0x000001fb9700d000::invoke@21
                      ; - java.lang.invoke.Invokers$Holder::linkToTargetMethod@5
                      ; - io.github.universityTycoon.MainScreen::draw@373 (line 285)
  0x000001fb87d7b328: d46f 72ff | ba45 ffff | ff44 895c | 2420 6690 

  0x000001fb87d7b338: ;   {runtime_call UncommonTrapBlob}
  0x000001fb87d7b338: c5f8 77e8 

  0x000001fb87d7b33c: ; ImmutableOopMap {rbp=Oop }
                      ;*ifeq {reexecute=1 rethrow=0 return_oop=0}
                      ; - (reexecute) io.github.universityTycoon.MainScreen::draw@944 (line 319)
  0x000001fb87d7b33c: c06f 72ff | ba45 ffff | ff48 8b6c | 2438 448b | 4424 2844 | 8944 2420 | 448b 4c24 | 2c44 894c 
  0x000001fb87d7b35c: 2424 4489 | 5424 2844 | 895c 242c 

  0x000001fb87d7b368: ;   {runtime_call UncommonTrapBlob}
  0x000001fb87d7b368: c5f8 77e8 

  0x000001fb87d7b36c: ; ImmutableOopMap {rbp=Oop [32]=NarrowOop [36]=NarrowOop }
                      ;*ifeq {reexecute=1 rethrow=0 return_oop=0}
                      ; - (reexecute) jdk.internal.math.FloatingDecimal::getBinaryToASCIIConverter@9 (line 1791)
                      ; - jdk.internal.math.FloatingDecimal::toJavaFormatString@1 (line 80)
                      ; - java.lang.Float::toString@1 (line 226)
                      ; - java.lang.String::valueOf@1 (line 4357)
                      ; - java.lang.invoke.LambdaForm$DMH/0x000001fb97095800::invokeStatic@10
                      ; - java.lang.invoke.LambdaForm$MH/0x000001fb97097000::invoke@15
                      ; - java.lang.invoke.LambdaForm$MH/0x000001fb97097400::linkToTargetMethod@5
                      ; - io.github.universityTycoon.MainScreen::draw@438 (line 289)
  0x000001fb87d7b36c: 906f 72ff | ba45 ffff | ff44 8954 | 2434 6690 

  0x000001fb87d7b37c: ;   {runtime_call UncommonTrapBlob}
  0x000001fb87d7b37c: c5f8 77e8 

  0x000001fb87d7b380: ; ImmutableOopMap {[40]=NarrowOop [44]=NarrowOop [56]=Oop }
                      ;*if_icmpne {reexecute=1 rethrow=0 return_oop=0}
                      ; - (reexecute) jdk.internal.math.FloatingDecimal::getBinaryToASCIIConverter@37 (line 1795)
                      ; - jdk.internal.math.FloatingDecimal::toJavaFormatString@1 (line 80)
                      ; - java.lang.Float::toString@1 (line 226)
                      ; - java.lang.String::valueOf@1 (line 4357)
                      ; - java.lang.invoke.LambdaForm$DMH/0x000001fb97095800::invokeStatic@10
                      ; - java.lang.invoke.LambdaForm$MH/0x000001fb97097000::invoke@15
                      ; - java.lang.invoke.LambdaForm$MH/0x000001fb97097400::linkToTargetMethod@5
                      ; - io.github.universityTycoon.MainScreen::draw@438 (line 289)
  0x000001fb87d7b380: 7c6f 72ff | ba45 ffff | ff44 8954 | 2434 6690 

  0x000001fb87d7b390: ;   {runtime_call UncommonTrapBlob}
  0x000001fb87d7b390: c5f8 77e8 

  0x000001fb87d7b394: ; ImmutableOopMap {[40]=NarrowOop [44]=NarrowOop [56]=Oop }
                      ;*ifne {reexecute=1 rethrow=0 return_oop=0}
                      ; - (reexecute) jdk.internal.math.FloatingDecimal::getBinaryToASCIIConverter@67 (line 1807)
                      ; - jdk.internal.math.FloatingDecimal::toJavaFormatString@1 (line 80)
                      ; - java.lang.Float::toString@1 (line 226)
                      ; - java.lang.String::valueOf@1 (line 4357)
                      ; - java.lang.invoke.LambdaForm$DMH/0x000001fb97095800::invokeStatic@10
                      ; - java.lang.invoke.LambdaForm$MH/0x000001fb97097000::invoke@15
                      ; - java.lang.invoke.LambdaForm$MH/0x000001fb97097400::linkToTargetMethod@5
                      ; - io.github.universityTycoon.MainScreen::draw@438 (line 289)
  0x000001fb87d7b394: 686f 72ff | ba45 ffff | ff48 8b6c | 2438 448b | 5424 2844 | 8954 2420 | 448b 4424 | 2c44 8944 
  0x000001fb87d7b3b4: 2424 8944 | 2430 4489 | 5c24 3890 

  0x000001fb87d7b3c0: ;   {runtime_call UncommonTrapBlob}
  0x000001fb87d7b3c0: c5f8 77e8 

  0x000001fb87d7b3c4: ; ImmutableOopMap {rbp=Oop [32]=NarrowOop [36]=NarrowOop [100]=NarrowOop }
                      ;*if_icmple {reexecute=1 rethrow=0 return_oop=0}
                      ; - (reexecute) java.lang.String::checkBoundsOffCount@12 (line 4592)
                      ; - java.lang.String::rangeCheck@4 (line 304)
                      ; - java.lang.String::<init>@7 (line 300)
                      ; - jdk.internal.math.FloatingDecimal$BinaryToASCIIBuffer::toJavaFormatString@19 (line 302)
                      ; - jdk.internal.math.FloatingDecimal::toJavaFormatString@4 (line 80)
                      ; - java.lang.Float::toString@1 (line 226)
                      ; - java.lang.String::valueOf@1 (line 4357)
                      ; - java.lang.invoke.LambdaForm$DMH/0x000001fb97095800::invokeStatic@10
                      ; - java.lang.invoke.LambdaForm$MH/0x000001fb97097000::invoke@15
                      ; - java.lang.invoke.LambdaForm$MH/0x000001fb97097400::linkToTargetMethod@5
                      ; - io.github.universityTycoon.MainScreen::draw@438 (line 289)
  0x000001fb87d7b3c4: 386f 72ff | ba45 ffff | ff48 8b6c | 2438 448b | 5c24 2844 | 895c 2420 | 448b 4c24 | 2c44 894c 
  0x000001fb87d7b3e4: 2424 4489 | 5424 2844 | 8944 242c 

  0x000001fb87d7b3f0: ;   {runtime_call UncommonTrapBlob}
  0x000001fb87d7b3f0: c5f8 77e8 

  0x000001fb87d7b3f4: ; ImmutableOopMap {rbp=Oop [32]=NarrowOop [36]=NarrowOop }
                      ;*ifeq {reexecute=1 rethrow=0 return_oop=0}
                      ; - (reexecute) jdk.internal.math.FloatingDecimal::getBinaryToASCIIConverter@9 (line 1791)
                      ; - jdk.internal.math.FloatingDecimal::toJavaFormatString@1 (line 80)
                      ; - java.lang.Float::toString@1 (line 226)
                      ; - java.lang.String::valueOf@1 (line 4357)
                      ; - java.lang.invoke.LambdaForm$DMH/0x000001fb97095800::invokeStatic@10
                      ; - java.lang.invoke.LambdaForm$MH/0x000001fb97097000::invoke@15
                      ; - java.lang.invoke.LambdaForm$MH/0x000001fb97097400::linkToTargetMethod@5
                      ; - io.github.universityTycoon.MainScreen::draw@463 (line 290)
  0x000001fb87d7b3f4: 086f 72ff | ba45 ffff | ff44 8954 | 2434 6690 

  0x000001fb87d7b404: ;   {runtime_call UncommonTrapBlob}
  0x000001fb87d7b404: c5f8 77e8 

  0x000001fb87d7b408: ; ImmutableOopMap {[40]=NarrowOop [44]=NarrowOop [56]=Oop }
                      ;*if_icmpne {reexecute=1 rethrow=0 return_oop=0}
                      ; - (reexecute) jdk.internal.math.FloatingDecimal::getBinaryToASCIIConverter@37 (line 1795)
                      ; - jdk.internal.math.FloatingDecimal::toJavaFormatString@1 (line 80)
                      ; - java.lang.Float::toString@1 (line 226)
                      ; - java.lang.String::valueOf@1 (line 4357)
                      ; - java.lang.invoke.LambdaForm$DMH/0x000001fb97095800::invokeStatic@10
                      ; - java.lang.invoke.LambdaForm$MH/0x000001fb97097000::invoke@15
                      ; - java.lang.invoke.LambdaForm$MH/0x000001fb97097400::linkToTargetMethod@5
                      ; - io.github.universityTycoon.MainScreen::draw@463 (line 290)
  0x000001fb87d7b408: f46e 72ff | ba45 ffff | ff44 8954 | 2434 6690 

  0x000001fb87d7b418: ;   {runtime_call UncommonTrapBlob}
  0x000001fb87d7b418: c5f8 77e8 

  0x000001fb87d7b41c: ; ImmutableOopMap {[40]=NarrowOop [44]=NarrowOop [56]=Oop }
                      ;*ifne {reexecute=1 rethrow=0 return_oop=0}
                      ; - (reexecute) jdk.internal.math.FloatingDecimal::getBinaryToASCIIConverter@67 (line 1807)
                      ; - jdk.internal.math.FloatingDecimal::toJavaFormatString@1 (line 80)
                      ; - java.lang.Float::toString@1 (line 226)
                      ; - java.lang.String::valueOf@1 (line 4357)
                      ; - java.lang.invoke.LambdaForm$DMH/0x000001fb97095800::invokeStatic@10
                      ; - java.lang.invoke.LambdaForm$MH/0x000001fb97097000::invoke@15
                      ; - java.lang.invoke.LambdaForm$MH/0x000001fb97097400::linkToTargetMethod@5
                      ; - io.github.universityTycoon.MainScreen::draw@463 (line 290)
  0x000001fb87d7b41c: e06e 72ff | ba45 ffff | ff48 8b6c | 2438 448b | 5424 2844 | 8954 2420 | 448b 4424 | 2c44 8944 
  0x000001fb87d7b43c: 2424 448b | 5424 3444 | 8954 2428 | 4489 5c24 | 3866 6690 

  0x000001fb87d7b450: ;   {runtime_call UncommonTrapBlob}
  0x000001fb87d7b450: c5f8 77e8 

  0x000001fb87d7b454: ; ImmutableOopMap {rbp=Oop [32]=NarrowOop [36]=NarrowOop [40]=NarrowOop }
                      ;*if_icmple {reexecute=1 rethrow=0 return_oop=0}
                      ; - (reexecute) java.lang.String::checkBoundsOffCount@12 (line 4592)
                      ; - java.lang.String::rangeCheck@4 (line 304)
                      ; - java.lang.String::<init>@7 (line 300)
                      ; - jdk.internal.math.FloatingDecimal$BinaryToASCIIBuffer::toJavaFormatString@19 (line 302)
                      ; - jdk.internal.math.FloatingDecimal::toJavaFormatString@4 (line 80)
                      ; - java.lang.Float::toString@1 (line 226)
                      ; - java.lang.String::valueOf@1 (line 4357)
                      ; - java.lang.invoke.LambdaForm$DMH/0x000001fb97095800::invokeStatic@10
                      ; - java.lang.invoke.LambdaForm$MH/0x000001fb97097000::invoke@15
                      ; - java.lang.invoke.LambdaForm$MH/0x000001fb97097400::linkToTargetMethod@5
                      ; - io.github.universityTycoon.MainScreen::draw@463 (line 290)
  0x000001fb87d7b454: a86e 72ff | 49c7 c200 | 0000 804d | 3bda bdff | ffff ff7c | 0840 0f95 | c540 0fb6 | edba 45ff 
  0x000001fb87d7b474: ffff 4c8b | 5424 384c | 8954 2420 | 4c89 6c24 | 384c 895c | 2440 4c89 | 6c24 4889 | 4c24 5090 
  0x000001fb87d7b494: ;   {runtime_call UncommonTrapBlob}
  0x000001fb87d7b494: c5f8 77e8 

  0x000001fb87d7b498: ; ImmutableOopMap {[32]=Oop [40]=NarrowOop [44]=NarrowOop [56]=Oop [72]=Oop }
                      ;*ifgt {reexecute=1 rethrow=0 return_oop=0}
                      ; - (reexecute) java.lang.Long::getChars@29 (line 548)
                      ; - java.lang.StringConcatHelper::prepend@12 (line 318)
                      ; - java.lang.StringConcatHelper::prepend@3 (line 336)
                      ; - java.lang.invoke.DirectMethodHandle$Holder::invokeStatic@17
                      ; - java.lang.invoke.LambdaForm$MH/0x000001fb97097c00::invoke@28
                      ; - java.lang.invoke.LambdaForm$MH/0x000001fb97099000::invoke@54
                      ; - java.lang.invoke.Invokers$Holder::linkToTargetMethod@5
                      ; - io.github.universityTycoon.MainScreen::draw@545 (line 294)
  0x000001fb87d7b498: 646e 72ff | bade ffff | ff8b 4c24 | 4089 4c24 | 3489 5c24 | 3c44 895c | 2444 8974 | 244c 4489 
  0x000001fb87d7b4b8: 5424 5044 | 8944 2454 

  0x000001fb87d7b4c0: ;   {runtime_call UncommonTrapBlob}
  0x000001fb87d7b4c0: c5f8 77e8 

  0x000001fb87d7b4c4: ; ImmutableOopMap {rbp=Oop [32]=Oop [40]=NarrowOop [44]=NarrowOop [60]=NarrowOop [68]=NarrowOop [80]=NarrowOop }
                      ;*invokevirtual limit {reexecute=0 rethrow=0 return_oop=0}
                      ; - com.badlogic.gdx.utils.BufferUtils::copy@11 (line 55)
                      ; - com.badlogic.gdx.graphics.glutils.VertexBufferObject::setVertices@12 (line 142)
                      ; - com.badlogic.gdx.graphics.Mesh::setVertices@7 (line 330)
                      ; - com.badlogic.gdx.graphics.g2d.SpriteBatch::flush@76 (line 964)
                      ; - com.badlogic.gdx.graphics.g2d.SpriteBatch::setProjectionMatrix@8 (line 1049)
                      ; - io.github.universityTycoon.MainScreen::draw@34 (line 246)
  0x000001fb87d7b4c4: 386e 72ff | 458b d845 | 8bd3 4183 | c2fe 458b | c24d 8b97 | 5003 0000 | 458b d841 | ffcb 4963 
  0x000001fb87d7b4e4: c848 8b5c | 2448 4488 

  0x000001fb87d7b4ec: ; ImmutableOopMap {rbx=Oop [40]=NarrowOop [44]=NarrowOop [56]=Oop [72]=Oop }
                      ;*goto {reexecute=1 rethrow=0 return_oop=0}
                      ; - (reexecute) java.lang.Integer::getChars@69 (line 516)
                      ; - java.lang.StringConcatHelper::prepend@12 (line 283)
                      ; - java.lang.StringConcatHelper::prepend@3 (line 301)
                      ; - java.lang.invoke.DirectMethodHandle$Holder::invokeStatic@17
                      ; - java.lang.invoke.LambdaForm$MH/0x000001fb97094400::invoke@28
                      ; - java.lang.invoke.LambdaForm$MH/0x000001fb97095400::invoke@51
                      ; - java.lang.invoke.Invokers$Holder::linkToTargetMethod@5
                      ; - io.github.universityTycoon.MainScreen::draw@843 (line 311)
                      ;   {poll}
  0x000001fb87d7b4ec: 4c0b 1041 | 8502 8bf7 | c1fe 1f83 | ff9c 0f8e | d819 0000 | 8bdf e987 | ceff ff44 | 8bd6 458b 
  0x000001fb87d7b50c: da41 83c3 | fe41 8bf3 | 4d8b 9750 | 0300 0044 | 8bde 41ff | cb41 8bcb | 4c63 ce4c | 8b5c 2448 
  0x000001fb87d7b52c: 4788 440b 

  0x000001fb87d7b530: ; ImmutableOopMap {r11=Oop [40]=NarrowOop [44]=NarrowOop [56]=Oop [72]=Oop }
                      ;*goto {reexecute=1 rethrow=0 return_oop=0}
                      ; - (reexecute) java.lang.Integer::getChars@69 (line 516)
                      ; - java.lang.StringConcatHelper::prepend@12 (line 283)
                      ; - java.lang.StringConcatHelper::prepend@3 (line 301)
                      ; - java.lang.invoke.DirectMethodHandle$Holder::invokeStatic@17
                      ; - java.lang.invoke.LambdaForm$MH/0x000001fb97094400::invoke@28
                      ; - java.lang.invoke.LambdaForm$MH/0x000001fb97095400::invoke@51
                      ; - java.lang.invoke.Invokers$Holder::linkToTargetMethod@5
                      ; - io.github.universityTycoon.MainScreen::draw@868 (line 312)
                      ;   {poll}
  0x000001fb87d7b530: 1041 8502 | 458b d541 | c1fa 1f41 | 83fd 9c0f | 8e06 1a00 | 0041 8bdd | e909 cfff | ff44 8bdf 
  0x000001fb87d7b550: 458b d341 | 83c2 fe41 | 8bfa 4d8b | 9f50 0300 | 0044 8bc7 | 41ff c845 | 8bc8 4863 | df4c 8b54 
  0x000001fb87d7b570: 2448 4188 

  0x000001fb87d7b574: ; ImmutableOopMap {r10=Oop [40]=NarrowOop [44]=NarrowOop [56]=Oop [72]=Oop }
                      ;*goto {reexecute=1 rethrow=0 return_oop=0}
                      ; - (reexecute) java.lang.Integer::getChars@69 (line 516)
                      ; - java.lang.StringConcatHelper::prepend@12 (line 283)
                      ; - java.lang.StringConcatHelper::prepend@3 (line 301)
                      ; - java.lang.invoke.DirectMethodHandle$Holder::invokeStatic@17
                      ; - java.lang.invoke.LambdaForm$MH/0x000001fb97094400::invoke@28
                      ; - java.lang.invoke.LambdaForm$MH/0x000001fb97095400::invoke@51
                      ; - java.lang.invoke.Invokers$Holder::linkToTargetMethod@5
                      ; - io.github.universityTycoon.MainScreen::draw@893 (line 313)
                      ;   {poll}
  0x000001fb87d7b574: 4c1a 1041 | 8503 448b | d041 c1fa | 1f83 f89c | 0f8e 3a1a | 0000 448b | d8e9 85cf | ffff 458b 
  0x000001fb87d7b594: d645 8bda | 4183 c3fe | 458b f34d | 8b9f 5003 | 0000 458b | d641 ffca | 458b ea4d | 63ce 4c8b 
  0x000001fb87d7b5b4: 4424 5843 

  0x000001fb87d7b5b8: ; ImmutableOopMap {r8=Oop [40]=NarrowOop [44]=NarrowOop [56]=Oop [88]=Oop }
                      ;*goto {reexecute=1 rethrow=0 return_oop=0}
                      ; - (reexecute) java.lang.Integer::getChars@69 (line 516)
                      ; - java.lang.StringConcatHelper::prepend@12 (line 283)
                      ; - java.lang.StringConcatHelper::prepend@3 (line 301)
                      ; - java.lang.invoke.DirectMethodHandle$Holder::invokeStatic@17
                      ; - java.lang.invoke.LambdaForm$MH/0x000001fb97094400::invoke@28
                      ; - java.lang.invoke.LambdaForm$MH/0x000001fb97095400::invoke@51
                      ; - java.lang.invoke.Invokers$Holder::linkToTargetMethod@5
                      ; - io.github.universityTycoon.MainScreen::draw@708 (line 304)
  0x000001fb87d7b5b8: 8874 0810 

  0x000001fb87d7b5bc: ;   {poll}
  0x000001fb87d7b5bc: 4185 0344 | 8b54 2420 | 41c1 fa1f | 448b 4424 | 2041 83f8 | 9c0f 8e61 | 1a00 0044 | 8b5c 2420 
  0x000001fb87d7b5dc: e907 d0ff | ff45 8bde | 458b d341 | 83c2 fe45 | 8bf2 4d8b | 8750 0300 | 0045 8bde | 41ff cb41 
  0x000001fb87d7b5fc: 8bc3 4963 | ce4c 8b5c | 2458 4588 

  0x000001fb87d7b608: ; ImmutableOopMap {r11=Oop [40]=NarrowOop [44]=NarrowOop [56]=Oop [88]=Oop }
                      ;*goto {reexecute=1 rethrow=0 return_oop=0}
                      ; - (reexecute) java.lang.Integer::getChars@69 (line 516)
                      ; - java.lang.StringConcatHelper::prepend@12 (line 283)
                      ; - java.lang.StringConcatHelper::prepend@3 (line 301)
                      ; - java.lang.invoke.DirectMethodHandle$Holder::invokeStatic@17
                      ; - java.lang.invoke.LambdaForm$MH/0x000001fb97094400::invoke@28
                      ; - java.lang.invoke.LambdaForm$MH/0x000001fb97095400::invoke@51
                      ; - java.lang.invoke.Invokers$Holder::linkToTargetMethod@5
                      ; - io.github.universityTycoon.MainScreen::draw@733 (line 305)
                      ;   {poll}
  0x000001fb87d7b608: 4c0b 1041 | 8500 448b | 5424 2041 | c1fa 1f44 | 8b44 2420 | 4183 f89c | 0f8e 911a | 0000 448b 
  0x000001fb87d7b628: 5c24 20e9 | 76d0 ffff | ba45 ffff | ff48 8b6c | 2420 448b | 5424 2c44 | 8954 2424 | 8b4c 2440 
  0x000001fb87d7b648: 894c 242c | 4489 4c24 | 3844 894c | 243c 4489 | 5c24 4090 

  0x000001fb87d7b65c: ;   {runtime_call UncommonTrapBlob}
  0x000001fb87d7b65c: c5f8 77e8 

  0x000001fb87d7b660: ; ImmutableOopMap {rbp=Oop [36]=NarrowOop [40]=NarrowOop [56]=NarrowOop [60]=NarrowOop [68]=NarrowOop }
                      ;*if_icmple {reexecute=1 rethrow=0 return_oop=0}
                      ; - (reexecute) java.nio.Buffer::position@5 (line 315)
                      ; - java.nio.ShortBuffer::position@2 (line 1516)
                      ; - java.nio.ShortBuffer::position@2 (line 267)
                      ; - com.badlogic.gdx.graphics.g2d.SpriteBatch::flush@90 (line 966)
                      ; - com.badlogic.gdx.graphics.g2d.SpriteBatch::setProjectionMatrix@8 (line 1049)
                      ; - io.github.universityTycoon.MainScreen::draw@34 (line 246)
  0x000001fb87d7b660: 9c6c 72ff | ba45 ffff | ff48 8b6c | 2420 8b4c | 242c 894c | 2424 448b | 5c24 4044 | 895c 242c 
  0x000001fb87d7b680: 4489 4c24 | 3844 894c | 243c 4489 | 5424 4090 

  0x000001fb87d7b690: ;   {runtime_call UncommonTrapBlob}
  0x000001fb87d7b690: c5f8 77e8 

  0x000001fb87d7b694: ; ImmutableOopMap {rbp=Oop [36]=NarrowOop [40]=NarrowOop [56]=NarrowOop [60]=NarrowOop [68]=NarrowOop }
                      ;*if_icmple {reexecute=1 rethrow=0 return_oop=0}
                      ; - (reexecute) java.nio.Buffer::position@37 (line 317)
                      ; - java.nio.ShortBuffer::position@2 (line 1516)
                      ; - java.nio.ShortBuffer::position@2 (line 267)
                      ; - com.badlogic.gdx.graphics.g2d.SpriteBatch::flush@90 (line 966)
                      ; - com.badlogic.gdx.graphics.g2d.SpriteBatch::setProjectionMatrix@8 (line 1049)
                      ; - io.github.universityTycoon.MainScreen::draw@34 (line 246)
  0x000001fb87d7b694: 686c 72ff | ba45 ffff | ff48 8b6c | 2420 8b4c | 242c 894c | 2424 4889 | 4424 f88b | 4424 4489 
  0x000001fb87d7b6b4: 4424 3048 | 8b44 24f8 | 4489 4c24 | 3844 895c | 243c 895c | 2444 6690 

  0x000001fb87d7b6cc: ;   {runtime_call UncommonTrapBlob}
  0x000001fb87d7b6cc: c5f8 77e8 

  0x000001fb87d7b6d0: ; ImmutableOopMap {rbp=Oop [36]=NarrowOop [40]=NarrowOop [48]=NarrowOop [56]=NarrowOop }
                      ;*if_icmple {reexecute=1 rethrow=0 return_oop=0}
                      ; - (reexecute) java.nio.Buffer::limit@5 (line 368)
                      ; - java.nio.ShortBuffer::limit@2 (line 1529)
                      ; - java.nio.ShortBuffer::limit@2 (line 267)
                      ; - com.badlogic.gdx.graphics.g2d.SpriteBatch::flush@97 (line 967)
                      ; - com.badlogic.gdx.graphics.g2d.SpriteBatch::setProjectionMatrix@8 (line 1049)
                      ; - io.github.universityTycoon.MainScreen::draw@34 (line 246)
  0x000001fb87d7b6d0: 2c6c 72ff | ba45 ffff | ff48 8b6c | 2420 8b4c | 242c 894c | 2424 4489 | 4c24 3844 | 895c 243c 
  0x000001fb87d7b6f0: ;   {runtime_call UncommonTrapBlob}
  0x000001fb87d7b6f0: c5f8 77e8 

  0x000001fb87d7b6f4: ; ImmutableOopMap {rbp=Oop [36]=NarrowOop [40]=NarrowOop [56]=NarrowOop [68]=NarrowOop }
                      ;*ifge {reexecute=1 rethrow=0 return_oop=0}
                      ; - (reexecute) java.nio.Buffer::limit@14 (line 368)
                      ; - java.nio.ShortBuffer::limit@2 (line 1529)
                      ; - java.nio.ShortBuffer::limit@2 (line 267)
                      ; - com.badlogic.gdx.graphics.g2d.SpriteBatch::flush@97 (line 967)
                      ; - com.badlogic.gdx.graphics.g2d.SpriteBatch::setProjectionMatrix@8 (line 1049)
                      ; - io.github.universityTycoon.MainScreen::draw@34 (line 246)
  0x000001fb87d7b6f4: 086c 72ff | ba45 ffff | ff48 8b6c | 2420 8b5c | 242c 895c | 2424 4489 | 4c24 3844 | 8954 243c 
  0x000001fb87d7b714: ;   {runtime_call UncommonTrapBlob}
  0x000001fb87d7b714: c5f8 77e8 

  0x000001fb87d7b718: ; ImmutableOopMap {rbp=Oop [36]=NarrowOop [40]=NarrowOop [56]=NarrowOop [68]=NarrowOop }
                      ;*if_icmple {reexecute=1 rethrow=0 return_oop=0}
                      ; - (reexecute) java.nio.Buffer::limit@55 (line 372)
                      ; - java.nio.ShortBuffer::limit@2 (line 1529)
                      ; - java.nio.ShortBuffer::limit@2 (line 267)
                      ; - com.badlogic.gdx.graphics.g2d.SpriteBatch::flush@97 (line 967)
                      ; - com.badlogic.gdx.graphics.g2d.SpriteBatch::setProjectionMatrix@8 (line 1049)
                      ; - io.github.universityTycoon.MainScreen::draw@34 (line 246)
  0x000001fb87d7b718: e46b 72ff | ba45 ffff | ff48 8b6c | 2420 8b5c | 242c 895c | 2424 4489 | 5424 3490 

  0x000001fb87d7b734: ;   {runtime_call UncommonTrapBlob}
  0x000001fb87d7b734: c5f8 77e8 

  0x000001fb87d7b738: ; ImmutableOopMap {rbp=Oop [36]=NarrowOop [40]=NarrowOop [68]=NarrowOop }
                      ;*ifeq {reexecute=1 rethrow=0 return_oop=0}
                      ; - (reexecute) com.badlogic.gdx.graphics.g2d.SpriteBatch::flush@105 (line 969)
                      ; - com.badlogic.gdx.graphics.g2d.SpriteBatch::setProjectionMatrix@8 (line 1049)
                      ; - io.github.universityTycoon.MainScreen::draw@34 (line 246)
  0x000001fb87d7b738: c46b 72ff | 488b 6c24 | 2044 8b54 | 242c 4489 | 5424 2489 | 5424 34ba | 45ff ffff 

  0x000001fb87d7b754: ;   {runtime_call UncommonTrapBlob}
  0x000001fb87d7b754: c5f8 77e8 

  0x000001fb87d7b758: ; ImmutableOopMap {rbp=Oop [36]=NarrowOop [40]=NarrowOop [68]=NarrowOop }
                      ;*if_icmpeq {reexecute=1 rethrow=0 return_oop=0}
                      ; - (reexecute) com.badlogic.gdx.graphics.g2d.SpriteBatch::flush@138 (line 973)
                      ; - com.badlogic.gdx.graphics.g2d.SpriteBatch::setProjectionMatrix@8 (line 1049)
                      ; - io.github.universityTycoon.MainScreen::draw@34 (line 246)
  0x000001fb87d7b758: a46b 72ff | ba45 ffff | ff48 8b6c | 2420 448b | 4424 2c44 | 8944 2424 | 4489 5c24 | 3466 6690 
  0x000001fb87d7b778: ;   {runtime_call UncommonTrapBlob}
  0x000001fb87d7b778: c5f8 77e8 

  0x000001fb87d7b77c: ; ImmutableOopMap {rbp=Oop [36]=NarrowOop [40]=NarrowOop [52]=NarrowOop [68]=NarrowOop }
                      ;*ifnull {reexecute=1 rethrow=0 return_oop=0}
                      ; - (reexecute) com.badlogic.gdx.graphics.g2d.SpriteBatch::flush@170 (line 976)
                      ; - com.badlogic.gdx.graphics.g2d.SpriteBatch::setProjectionMatrix@8 (line 1049)
                      ; - io.github.universityTycoon.MainScreen::draw@34 (line 246)
  0x000001fb87d7b77c: 806b 72ff | 4181 fb60 | 79fe ff0f | 8eff 0b00 | 0041 b902 | 0000 0041 | 83c1 02e9 | 7bd5 ffff 
  0x000001fb87d7b79c: 4181 f860 | 79fe ff0f | 8efb 0b00 | 0041 b802 | 0000 0041 | 83c0 02e9 | 7ad5 ffff | 4181 f860 
  0x000001fb87d7b7bc: 79fe ff0f | 8ef7 0b00 | 0041 ba02 | 0000 0041 | 83c2 0244 | 8954 2478 | e979 d5ff | ff41 81fb 
  0x000001fb87d7b7dc: 6079 feff | 0f8e 2e0d | 0000 41bb | 0200 0000 | 4183 c302 | e982 d5ff | ff41 81fb | 6079 feff 
  0x000001fb87d7b7fc: 0f8e 2a0d | 0000 41ba | 0200 0000 | 4183 c202 | 4489 5424 | 78e9 81d5 | ffff 498b | dd44 8bc2 
  0x000001fb87d7b81c: bae4 ffff | ff48 8b6c | 2438 8b4c | 2428 894c | 2420 448b | 5424 2c44 | 8954 2424 | 4889 5c24 
  0x000001fb87d7b83c: 3048 895c | 2438 4489 | 4424 4444 | 894c 2450 | 4489 5c24 | 5466 6690 

  0x000001fb87d7b854: ;   {runtime_call UncommonTrapBlob}
  0x000001fb87d7b854: c5f8 77e8 

  0x000001fb87d7b858: ; ImmutableOopMap {rbp=Oop [32]=NarrowOop [36]=NarrowOop [48]=Oop [56]=Oop }
                      ;*bastore {reexecute=0 rethrow=0 return_oop=0}
                      ; - java.lang.Long::getChars@139 (line 564)
                      ; - java.lang.StringConcatHelper::prepend@12 (line 318)
                      ; - java.lang.StringConcatHelper::prepend@3 (line 336)
                      ; - java.lang.invoke.DirectMethodHandle$Holder::invokeStatic@17
                      ; - java.lang.invoke.LambdaForm$MH/0x000001fb97097c00::invoke@28
                      ; - java.lang.invoke.LambdaForm$MH/0x000001fb97099000::invoke@54
                      ; - java.lang.invoke.Invokers$Holder::linkToTargetMethod@5
                      ; - io.github.universityTycoon.MainScreen::draw@545 (line 294)
  0x000001fb87d7b858: a46a 72ff | bac6 ffff | ff48 8b6c | 2420 448b | 4424 2c44 | 8944 2424 | 448b 5424 | 4044 8954 
  0x000001fb87d7b878: 242c 895c | 2434 4489 | 4c24 3844 | 895c 243c | 8974 2440 

  0x000001fb87d7b88c: ;   {runtime_call UncommonTrapBlob}
  0x000001fb87d7b88c: c5f8 77e8 

  0x000001fb87d7b890: ; ImmutableOopMap {rbp=Oop [36]=NarrowOop [40]=NarrowOop [52]=NarrowOop [56]=NarrowOop [60]=NarrowOop }
                      ;*invokeinterface setVertices {reexecute=0 rethrow=0 return_oop=0}
                      ; - com.badlogic.gdx.graphics.Mesh::setVertices@7 (line 330)
                      ; - com.badlogic.gdx.graphics.g2d.SpriteBatch::flush@76 (line 964)
                      ; - com.badlogic.gdx.graphics.g2d.SpriteBatch::setProjectionMatrix@8 (line 1049)
                      ; - io.github.universityTycoon.MainScreen::draw@34 (line 246)
  0x000001fb87d7b890: 6c6a 72ff | bade ffff | ff8b 4c24 | 4089 4c24 | 3489 5c24 | 3c44 895c | 2444 8974 | 244c 4489 
  0x000001fb87d7b8b0: 5424 5044 | 8944 2454 

  0x000001fb87d7b8b8: ;   {runtime_call UncommonTrapBlob}
  0x000001fb87d7b8b8: c5f8 77e8 

  0x000001fb87d7b8bc: ; ImmutableOopMap {rbp=Oop [32]=Oop [40]=NarrowOop [44]=NarrowOop [60]=NarrowOop [68]=NarrowOop [80]=NarrowOop }
                      ;*invokevirtual limit {reexecute=0 rethrow=0 return_oop=0}
                      ; - com.badlogic.gdx.utils.BufferUtils::copy@11 (line 55)
                      ; - com.badlogic.gdx.graphics.glutils.VertexArray::setVertices@7 (line 93)
                      ; - com.badlogic.gdx.graphics.Mesh::setVertices@7 (line 330)
                      ; - com.badlogic.gdx.graphics.g2d.SpriteBatch::flush@76 (line 964)
                      ; - com.badlogic.gdx.graphics.g2d.SpriteBatch::setProjectionMatrix@8 (line 1049)
                      ; - io.github.universityTycoon.MainScreen::draw@34 (line 246)
  0x000001fb87d7b8bc: 406a 72ff | ba45 ffff | ff8b 7c24 | 4089 7c24 | 3489 5c24 | 3c44 895c | 2444 8974 | 2450 4c89 
  0x000001fb87d7b8dc: 4c24 584c | 894c 2460 | 4489 4424 | 7044 8954 | 2474 6690 

  0x000001fb87d7b8f0: ;   {runtime_call UncommonTrapBlob}
  0x000001fb87d7b8f0: c5f8 77e8 

  0x000001fb87d7b8f4: ; ImmutableOopMap {rbp=Oop [32]=Oop [40]=NarrowOop [44]=NarrowOop [60]=NarrowOop [68]=NarrowOop [88]=Oop [96]=Oop }
                      ;*if_icmple {reexecute=1 rethrow=0 return_oop=0}
                      ; - (reexecute) java.nio.Buffer::limit@5 (line 368)
                      ; - java.nio.ByteBuffer::limit@2 (line 1529)
                      ; - java.nio.MappedByteBuffer::limit@2 (line 330)
                      ; - java.nio.MappedByteBuffer::limit@2 (line 73)
                      ; - com.badlogic.gdx.utils.BufferUtils::copy@11 (line 55)
                      ; - com.badlogic.gdx.graphics.glutils.VertexBufferObject::setVertices@12 (line 142)
                      ; - com.badlogic.gdx.graphics.Mesh::setVertices@7 (line 330)
                      ; - com.badlogic.gdx.graphics.g2d.SpriteBatch::flush@76 (line 964)
                      ; - com.badlogic.gdx.graphics.g2d.SpriteBatch::setProjectionMatrix@8 (line 1049)
                      ; - io.github.universityTycoon.MainScreen::draw@34 (line 246)
  0x000001fb87d7b8f4: 086a 72ff | ba45 ffff | ff44 8b54 | 2440 4489 | 5424 3489 | 5c24 3c44 | 895c 2444 | 8974 2450 
  0x000001fb87d7b914: 4c89 4c24 | 584c 894c | 2460 4489 | 4424 7090 

  0x000001fb87d7b924: ;   {runtime_call UncommonTrapBlob}
  0x000001fb87d7b924: c5f8 77e8 

  0x000001fb87d7b928: ; ImmutableOopMap {rbp=Oop [32]=Oop [40]=NarrowOop [44]=NarrowOop [60]=NarrowOop [68]=NarrowOop [88]=Oop [96]=Oop }
                      ;*ifge {reexecute=1 rethrow=0 return_oop=0}
                      ; - (reexecute) java.nio.Buffer::limit@14 (line 368)
                      ; - java.nio.ByteBuffer::limit@2 (line 1529)
                      ; - java.nio.MappedByteBuffer::limit@2 (line 330)
                      ; - java.nio.MappedByteBuffer::limit@2 (line 73)
                      ; - com.badlogic.gdx.utils.BufferUtils::copy@11 (line 55)
                      ; - com.badlogic.gdx.graphics.glutils.VertexBufferObject::setVertices@12 (line 142)
                      ; - com.badlogic.gdx.graphics.Mesh::setVertices@7 (line 330)
                      ; - com.badlogic.gdx.graphics.g2d.SpriteBatch::flush@76 (line 964)
                      ; - com.badlogic.gdx.graphics.g2d.SpriteBatch::setProjectionMatrix@8 (line 1049)
                      ; - io.github.universityTycoon.MainScreen::draw@34 (line 246)
  0x000001fb87d7b928: d469 72ff | ba45 ffff | ff8b 7c24 | 4089 7c24 | 3489 5c24 | 3c44 895c | 2444 8974 | 2450 4c89 
  0x000001fb87d7b948: 4c24 584c | 894c 2460 | 4489 5424 | 5444 8944 | 2470 6690 

  0x000001fb87d7b95c: ;   {runtime_call UncommonTrapBlob}
  0x000001fb87d7b95c: c5f8 77e8 

  0x000001fb87d7b960: ; ImmutableOopMap {rbp=Oop [32]=Oop [40]=NarrowOop [44]=NarrowOop [60]=NarrowOop [68]=NarrowOop [88]=Oop [96]=Oop }
                      ;*if_icmple {reexecute=1 rethrow=0 return_oop=0}
                      ; - (reexecute) java.nio.Buffer::limit@55 (line 372)
                      ; - java.nio.ByteBuffer::limit@2 (line 1529)
                      ; - java.nio.MappedByteBuffer::limit@2 (line 330)
                      ; - java.nio.MappedByteBuffer::limit@2 (line 73)
                      ; - com.badlogic.gdx.utils.BufferUtils::copy@11 (line 55)
                      ; - com.badlogic.gdx.graphics.glutils.VertexBufferObject::setVertices@12 (line 142)
                      ; - com.badlogic.gdx.graphics.Mesh::setVertices@7 (line 330)
                      ; - com.badlogic.gdx.graphics.g2d.SpriteBatch::flush@76 (line 964)
                      ; - com.badlogic.gdx.graphics.g2d.SpriteBatch::setProjectionMatrix@8 (line 1049)
                      ; - io.github.universityTycoon.MainScreen::draw@34 (line 246)
  0x000001fb87d7b960: 9c69 72ff | ba45 ffff | ff44 8b44 | 2440 4489 | 4424 3444 | 8b4c 2444 | 4489 4c24 | 3c44 8b44 
  0x000001fb87d7b980: 2448 4489 | 4424 404c | 8954 2450 | 4489 5c24 | 4466 6690 

  0x000001fb87d7b994: ;   {runtime_call UncommonTrapBlob}
  0x000001fb87d7b994: c5f8 77e8 

  0x000001fb87d7b998: ; ImmutableOopMap {rbp=Oop [32]=Oop [40]=NarrowOop [44]=NarrowOop [60]=NarrowOop [80]=Oop [88]=Oop }
                      ;*if_icmple {reexecute=1 rethrow=0 return_oop=0}
                      ; - (reexecute) java.nio.Buffer::position@5 (line 315)
                      ; - java.nio.ByteBuffer::position@2 (line 1516)
                      ; - java.nio.MappedByteBuffer::position@2 (line 321)
                      ; - java.nio.MappedByteBuffer::position@2 (line 73)
                      ; - com.badlogic.gdx.utils.BufferUtils::copy@40 (line 59)
                      ; - com.badlogic.gdx.graphics.glutils.VertexBufferObject::setVertices@12 (line 142)
                      ; - com.badlogic.gdx.graphics.Mesh::setVertices@7 (line 330)
                      ; - com.badlogic.gdx.graphics.g2d.SpriteBatch::flush@76 (line 964)
                      ; - com.badlogic.gdx.graphics.g2d.SpriteBatch::setProjectionMatrix@8 (line 1049)
                      ; - io.github.universityTycoon.MainScreen::draw@34 (line 246)
  0x000001fb87d7b998: 6469 72ff | ba45 ffff | ff44 8b5c | 2440 4489 | 5c24 3444 | 8b4c 2444 | 4489 4c24 | 3c44 8b4c 
  0x000001fb87d7b9b8: 2448 4489 | 4c24 404c | 8954 2450 | 4489 4424 | 4466 6690 

  0x000001fb87d7b9cc: ;   {runtime_call UncommonTrapBlob}
  0x000001fb87d7b9cc: c5f8 77e8 

  0x000001fb87d7b9d0: ; ImmutableOopMap {rbp=Oop [32]=Oop [40]=NarrowOop [44]=NarrowOop [60]=NarrowOop [80]=Oop [88]=Oop }
                      ;*if_icmple {reexecute=1 rethrow=0 return_oop=0}
                      ; - (reexecute) java.nio.Buffer::position@37 (line 317)
                      ; - java.nio.ByteBuffer::position@2 (line 1516)
                      ; - java.nio.MappedByteBuffer::position@2 (line 321)
                      ; - java.nio.MappedByteBuffer::position@2 (line 73)
                      ; - com.badlogic.gdx.utils.BufferUtils::copy@40 (line 59)
                      ; - com.badlogic.gdx.graphics.glutils.VertexBufferObject::setVertices@12 (line 142)
                      ; - com.badlogic.gdx.graphics.Mesh::setVertices@7 (line 330)
                      ; - com.badlogic.gdx.graphics.g2d.SpriteBatch::flush@76 (line 964)
                      ; - com.badlogic.gdx.graphics.g2d.SpriteBatch::setProjectionMatrix@8 (line 1049)
                      ; - io.github.universityTycoon.MainScreen::draw@34 (line 246)
  0x000001fb87d7b9d0: 2c69 72ff | ba45 ffff | ff44 8b5c | 2440 4489 | 5c24 3444 | 8b44 2444 | 4489 4424 | 3c44 8b5c 
  0x000001fb87d7b9f0: 2448 4489 | 5c24 4044 | 8954 2448 | 4489 4c24 | 4c66 6690 

  0x000001fb87d7ba04: ;   {runtime_call UncommonTrapBlob}
  0x000001fb87d7ba04: c5f8 77e8 

  0x000001fb87d7ba08: ; ImmutableOopMap {rbp=Oop [32]=Oop [40]=NarrowOop [44]=NarrowOop [60]=NarrowOop [72]=NarrowOop }
                      ;*if_icmple {reexecute=1 rethrow=0 return_oop=0}
                      ; - (reexecute) java.nio.Buffer::position@5 (line 315)
                      ; - java.nio.FloatBuffer::position@2 (line 1516)
                      ; - java.nio.FloatBuffer::position@2 (line 267)
                      ; - com.badlogic.gdx.graphics.glutils.VertexBufferObject::setVertices@20 (line 143)
                      ; - com.badlogic.gdx.graphics.Mesh::setVertices@7 (line 330)
                      ; - com.badlogic.gdx.graphics.g2d.SpriteBatch::flush@76 (line 964)
                      ; - com.badlogic.gdx.graphics.g2d.SpriteBatch::setProjectionMatrix@8 (line 1049)
                      ; - io.github.universityTycoon.MainScreen::draw@34 (line 246)
  0x000001fb87d7ba08: f468 72ff | ba45 ffff | ff44 8b44 | 2440 4489 | 4424 3444 | 8b5c 2444 | 4489 5c24 | 3c44 8b5c 
  0x000001fb87d7ba28: 2448 4489 | 5c24 4044 | 8954 2448 | 4489 4c24 | 4c66 6690 

  0x000001fb87d7ba3c: ;   {runtime_call UncommonTrapBlob}
  0x000001fb87d7ba3c: c5f8 77e8 

  0x000001fb87d7ba40: ; ImmutableOopMap {rbp=Oop [32]=Oop [40]=NarrowOop [44]=NarrowOop [60]=NarrowOop [72]=NarrowOop }
                      ;*if_icmple {reexecute=1 rethrow=0 return_oop=0}
                      ; - (reexecute) java.nio.Buffer::position@37 (line 317)
                      ; - java.nio.FloatBuffer::position@2 (line 1516)
                      ; - java.nio.FloatBuffer::position@2 (line 267)
                      ; - com.badlogic.gdx.graphics.glutils.VertexBufferObject::setVertices@20 (line 143)
                      ; - com.badlogic.gdx.graphics.Mesh::setVertices@7 (line 330)
                      ; - com.badlogic.gdx.graphics.g2d.SpriteBatch::flush@76 (line 964)
                      ; - com.badlogic.gdx.graphics.g2d.SpriteBatch::setProjectionMatrix@8 (line 1049)
                      ; - io.github.universityTycoon.MainScreen::draw@34 (line 246)
  0x000001fb87d7ba40: bc68 72ff | ba45 ffff | ff44 8b44 | 2440 4489 | 4424 3444 | 8b4c 2444 | 4489 4c24 | 3c44 8954 
  0x000001fb87d7ba60: 2444 894c | 2450 6690 

  0x000001fb87d7ba68: ;   {runtime_call UncommonTrapBlob}
  0x000001fb87d7ba68: c5f8 77e8 

  0x000001fb87d7ba6c: ; ImmutableOopMap {rbp=Oop [32]=Oop [40]=NarrowOop [44]=NarrowOop [60]=NarrowOop [68]=NarrowOop }
                      ;*if_icmple {reexecute=1 rethrow=0 return_oop=0}
                      ; - (reexecute) java.nio.Buffer::limit@5 (line 368)
                      ; - java.nio.FloatBuffer::limit@2 (line 1529)
                      ; - java.nio.FloatBuffer::limit@2 (line 267)
                      ; - com.badlogic.gdx.graphics.glutils.VertexBufferObject::setVertices@29 (line 144)
                      ; - com.badlogic.gdx.graphics.Mesh::setVertices@7 (line 330)
                      ; - com.badlogic.gdx.graphics.g2d.SpriteBatch::flush@76 (line 964)
                      ; - com.badlogic.gdx.graphics.g2d.SpriteBatch::setProjectionMatrix@8 (line 1049)
                      ; - io.github.universityTycoon.MainScreen::draw@34 (line 246)
  0x000001fb87d7ba6c: 9068 72ff | ba45 ffff | ff44 8b44 | 2440 4489 | 4424 3444 | 8b4c 2444 | 4489 4c24 | 3c44 8954 
  0x000001fb87d7ba8c: 2444 6690 

  0x000001fb87d7ba90: ;   {runtime_call UncommonTrapBlob}
  0x000001fb87d7ba90: c5f8 77e8 

  0x000001fb87d7ba94: ; ImmutableOopMap {rbp=Oop [32]=Oop [40]=NarrowOop [44]=NarrowOop [60]=NarrowOop [68]=NarrowOop }
                      ;*ifge {reexecute=1 rethrow=0 return_oop=0}
                      ; - (reexecute) java.nio.Buffer::limit@14 (line 368)
                      ; - java.nio.FloatBuffer::limit@2 (line 1529)
                      ; - java.nio.FloatBuffer::limit@2 (line 267)
                      ; - com.badlogic.gdx.graphics.glutils.VertexBufferObject::setVertices@29 (line 144)
                      ; - com.badlogic.gdx.graphics.Mesh::setVertices@7 (line 330)
                      ; - com.badlogic.gdx.graphics.g2d.SpriteBatch::flush@76 (line 964)
                      ; - com.badlogic.gdx.graphics.g2d.SpriteBatch::setProjectionMatrix@8 (line 1049)
                      ; - io.github.universityTycoon.MainScreen::draw@34 (line 246)
  0x000001fb87d7ba94: 6868 72ff | ba45 ffff | ff8b 4c24 | 4089 4c24 | 3444 8b44 | 2444 4489 | 4424 3c44 | 8954 2444 
  0x000001fb87d7bab4: 4489 4c24 | 4844 895c | 244c 6690 

  0x000001fb87d7bac0: ;   {runtime_call UncommonTrapBlob}
  0x000001fb87d7bac0: c5f8 77e8 

  0x000001fb87d7bac4: ; ImmutableOopMap {rbp=Oop [32]=Oop [40]=NarrowOop [44]=NarrowOop [60]=NarrowOop [68]=NarrowOop }
                      ;*if_icmple {reexecute=1 rethrow=0 return_oop=0}
                      ; - (reexecute) java.nio.Buffer::limit@55 (line 372)
                      ; - java.nio.FloatBuffer::limit@2 (line 1529)
                      ; - java.nio.FloatBuffer::limit@2 (line 267)
                      ; - com.badlogic.gdx.graphics.glutils.VertexBufferObject::setVertices@29 (line 144)
                      ; - com.badlogic.gdx.graphics.Mesh::setVertices@7 (line 330)
                      ; - com.badlogic.gdx.graphics.g2d.SpriteBatch::flush@76 (line 964)
                      ; - com.badlogic.gdx.graphics.g2d.SpriteBatch::setProjectionMatrix@8 (line 1049)
                      ; - io.github.universityTycoon.MainScreen::draw@34 (line 246)
  0x000001fb87d7bac4: 3868 72ff | ba45 ffff | ff44 8b44 | 2440 4489 | 4424 3444 | 8b5c 2444 | 4489 5c24 | 3c44 8954 
  0x000001fb87d7bae4: 2440 6690 

  0x000001fb87d7bae8: ;   {runtime_call UncommonTrapBlob}
  0x000001fb87d7bae8: c5f8 77e8 

  0x000001fb87d7baec: ; ImmutableOopMap {rbp=Oop [32]=Oop [40]=NarrowOop [44]=NarrowOop [60]=NarrowOop [68]=NarrowOop }
                      ;*ifeq {reexecute=1 rethrow=0 return_oop=0}
                      ; - (reexecute) com.badlogic.gdx.graphics.glutils.VertexBufferObject::bufferChanged@4 (line 133)
                      ; - com.badlogic.gdx.graphics.glutils.VertexBufferObject::setVertices@34 (line 145)
                      ; - com.badlogic.gdx.graphics.Mesh::setVertices@7 (line 330)
                      ; - com.badlogic.gdx.graphics.g2d.SpriteBatch::flush@76 (line 964)
                      ; - com.badlogic.gdx.graphics.g2d.SpriteBatch::setProjectionMatrix@8 (line 1049)
                      ; - io.github.universityTycoon.MainScreen::draw@34 (line 246)
  0x000001fb87d7baec: 1068 72ff | 448b c2ba | e4ff ffff | 488b 6c24 | 388b 4c24 | 2889 4c24 | 2044 8b4c | 242c 4489 
  0x000001fb87d7bb0c: 4c24 244c | 896c 2430 | 4c89 6c24 | 3844 8944 | 2448 4489 | 5424 4c44 | 895c 2458 

  0x000001fb87d7bb28: ;   {runtime_call UncommonTrapBlob}
  0x000001fb87d7bb28: c5f8 77e8 

  0x000001fb87d7bb2c: ; ImmutableOopMap {rbp=Oop [32]=NarrowOop [36]=NarrowOop [48]=Oop [56]=Oop }
                      ;*baload {reexecute=0 rethrow=0 return_oop=0}
                      ; - java.lang.Long::getChars@125 (line 563)
                      ; - java.lang.StringConcatHelper::prepend@12 (line 318)
                      ; - java.lang.StringConcatHelper::prepend@3 (line 336)
                      ; - java.lang.invoke.DirectMethodHandle$Holder::invokeStatic@17
                      ; - java.lang.invoke.LambdaForm$MH/0x000001fb97097c00::invoke@28
                      ; - java.lang.invoke.LambdaForm$MH/0x000001fb97099000::invoke@54
                      ; - java.lang.invoke.Invokers$Holder::linkToTargetMethod@5
                      ; - io.github.universityTycoon.MainScreen::draw@545 (line 294)
  0x000001fb87d7bb2c: d067 72ff | 448b c2ba | e4ff ffff | 488b 6c24 | 388b 4c24 | 2889 4c24 | 2044 8b4c | 242c 4489 
  0x000001fb87d7bb4c: 4c24 244c | 896c 2430 | 4c89 6c24 | 3844 895c | 2440 4489 | 4424 4844 | 8954 244c | 897c 2458 
  0x000001fb87d7bb6c: ;   {runtime_call UncommonTrapBlob}
  0x000001fb87d7bb6c: c5f8 77e8 

  0x000001fb87d7bb70: ; ImmutableOopMap {rbp=Oop [32]=NarrowOop [36]=NarrowOop [48]=Oop [56]=Oop }
                      ;*bastore {reexecute=0 rethrow=0 return_oop=0}
                      ; - java.lang.Long::getChars@126 (line 563)
                      ; - java.lang.StringConcatHelper::prepend@12 (line 318)
                      ; - java.lang.StringConcatHelper::prepend@3 (line 336)
                      ; - java.lang.invoke.DirectMethodHandle$Holder::invokeStatic@17
                      ; - java.lang.invoke.LambdaForm$MH/0x000001fb97097c00::invoke@28
                      ; - java.lang.invoke.LambdaForm$MH/0x000001fb97099000::invoke@54
                      ; - java.lang.invoke.Invokers$Holder::linkToTargetMethod@5
                      ; - io.github.universityTycoon.MainScreen::draw@545 (line 294)
  0x000001fb87d7bb70: 8c67 72ff | 81fd 8069 | 67ff 0f8e | dd09 0000 | 41b9 0600 | 0000 e93e | b7ff ff81 | fd80 6967 
  0x000001fb87d7bb90: ff0f 8edd | 0900 0041 | b806 0000 | 00e9 41b7 | ffff 81fd | 8069 67ff | 0f8e dd09 | 0000 41ba 
  0x000001fb87d7bbb0: 0600 0000 | e944 b7ff | ff81 fd80 | 6967 ff0f | 8edd 0900 | 0041 ba06 | 0000 00e9 | 47b7 ffff 
  0x000001fb87d7bbd0: 81fd 8069 | 67ff 0f8e | dd09 0000 | 41bb 0600 | 0000 e94a | b7ff ffba | 45ff ffff | 8b7c 2440 
  0x000001fb87d7bbf0: 897c 2434 | 895c 243c | 4489 5c24 | 4489 7424 | 504c 894c | 2458 4c89 | 4c24 6044 | 8944 2470 
  0x000001fb87d7bc10: 4489 5424 | 7466 6690 

  0x000001fb87d7bc18: ;   {runtime_call UncommonTrapBlob}
  0x000001fb87d7bc18: c5f8 77e8 

  0x000001fb87d7bc1c: ; ImmutableOopMap {rbp=Oop [32]=Oop [40]=NarrowOop [44]=NarrowOop [60]=NarrowOop [68]=NarrowOop [88]=Oop [96]=Oop }
                      ;*if_icmple {reexecute=1 rethrow=0 return_oop=0}
                      ; - (reexecute) java.nio.Buffer::limit@5 (line 368)
                      ; - java.nio.ByteBuffer::limit@2 (line 1529)
                      ; - java.nio.MappedByteBuffer::limit@2 (line 330)
                      ; - java.nio.MappedByteBuffer::limit@2 (line 73)
                      ; - com.badlogic.gdx.utils.BufferUtils::copy@11 (line 55)
                      ; - com.badlogic.gdx.graphics.glutils.VertexArray::setVertices@7 (line 93)
                      ; - com.badlogic.gdx.graphics.Mesh::setVertices@7 (line 330)
                      ; - com.badlogic.gdx.graphics.g2d.SpriteBatch::flush@76 (line 964)
                      ; - com.badlogic.gdx.graphics.g2d.SpriteBatch::setProjectionMatrix@8 (line 1049)
                      ; - io.github.universityTycoon.MainScreen::draw@34 (line 246)
  0x000001fb87d7bc1c: e066 72ff | ba45 ffff | ff44 8b54 | 2440 4489 | 5424 3489 | 5c24 3c44 | 895c 2444 | 8974 2450 
  0x000001fb87d7bc3c: 4c89 4c24 | 584c 894c | 2460 4489 | 4424 7090 

  0x000001fb87d7bc4c: ;   {runtime_call UncommonTrapBlob}
  0x000001fb87d7bc4c: c5f8 77e8 

  0x000001fb87d7bc50: ; ImmutableOopMap {rbp=Oop [32]=Oop [40]=NarrowOop [44]=NarrowOop [60]=NarrowOop [68]=NarrowOop [88]=Oop [96]=Oop }
                      ;*ifge {reexecute=1 rethrow=0 return_oop=0}
                      ; - (reexecute) java.nio.Buffer::limit@14 (line 368)
                      ; - java.nio.ByteBuffer::limit@2 (line 1529)
                      ; - java.nio.MappedByteBuffer::limit@2 (line 330)
                      ; - java.nio.MappedByteBuffer::limit@2 (line 73)
                      ; - com.badlogic.gdx.utils.BufferUtils::copy@11 (line 55)
                      ; - com.badlogic.gdx.graphics.glutils.VertexArray::setVertices@7 (line 93)
                      ; - com.badlogic.gdx.graphics.Mesh::setVertices@7 (line 330)
                      ; - com.badlogic.gdx.graphics.g2d.SpriteBatch::flush@76 (line 964)
                      ; - com.badlogic.gdx.graphics.g2d.SpriteBatch::setProjectionMatrix@8 (line 1049)
                      ; - io.github.universityTycoon.MainScreen::draw@34 (line 246)
  0x000001fb87d7bc50: ac66 72ff | ba45 ffff | ff8b 7c24 | 4089 7c24 | 3489 5c24 | 3c44 895c | 2444 8974 | 2450 4c89 
  0x000001fb87d7bc70: 4c24 584c | 894c 2460 | 4489 5424 | 5444 8944 | 2470 6690 

  0x000001fb87d7bc84: ;   {runtime_call UncommonTrapBlob}
  0x000001fb87d7bc84: c5f8 77e8 

  0x000001fb87d7bc88: ; ImmutableOopMap {rbp=Oop [32]=Oop [40]=NarrowOop [44]=NarrowOop [60]=NarrowOop [68]=NarrowOop [88]=Oop [96]=Oop }
                      ;*if_icmple {reexecute=1 rethrow=0 return_oop=0}
                      ; - (reexecute) java.nio.Buffer::limit@55 (line 372)
                      ; - java.nio.ByteBuffer::limit@2 (line 1529)
                      ; - java.nio.MappedByteBuffer::limit@2 (line 330)
                      ; - java.nio.MappedByteBuffer::limit@2 (line 73)
                      ; - com.badlogic.gdx.utils.BufferUtils::copy@11 (line 55)
                      ; - com.badlogic.gdx.graphics.glutils.VertexArray::setVertices@7 (line 93)
                      ; - com.badlogic.gdx.graphics.Mesh::setVertices@7 (line 330)
                      ; - com.badlogic.gdx.graphics.g2d.SpriteBatch::flush@76 (line 964)
                      ; - com.badlogic.gdx.graphics.g2d.SpriteBatch::setProjectionMatrix@8 (line 1049)
                      ; - io.github.universityTycoon.MainScreen::draw@34 (line 246)
  0x000001fb87d7bc88: 7466 72ff | ba45 ffff | ff44 8b44 | 2440 4489 | 4424 3444 | 8b4c 2444 | 4489 4c24 | 3c44 8b44 
  0x000001fb87d7bca8: 2448 4489 | 4424 404c | 8954 2450 | 4489 5c24 | 4466 6690 

  0x000001fb87d7bcbc: ;   {runtime_call UncommonTrapBlob}
  0x000001fb87d7bcbc: c5f8 77e8 

  0x000001fb87d7bcc0: ; ImmutableOopMap {rbp=Oop [32]=Oop [40]=NarrowOop [44]=NarrowOop [60]=NarrowOop [80]=Oop [88]=Oop }
                      ;*if_icmple {reexecute=1 rethrow=0 return_oop=0}
                      ; - (reexecute) java.nio.Buffer::position@5 (line 315)
                      ; - java.nio.ByteBuffer::position@2 (line 1516)
                      ; - java.nio.MappedByteBuffer::position@2 (line 321)
                      ; - java.nio.MappedByteBuffer::position@2 (line 73)
                      ; - com.badlogic.gdx.utils.BufferUtils::copy@40 (line 59)
                      ; - com.badlogic.gdx.graphics.glutils.VertexArray::setVertices@7 (line 93)
                      ; - com.badlogic.gdx.graphics.Mesh::setVertices@7 (line 330)
                      ; - com.badlogic.gdx.graphics.g2d.SpriteBatch::flush@76 (line 964)
                      ; - com.badlogic.gdx.graphics.g2d.SpriteBatch::setProjectionMatrix@8 (line 1049)
                      ; - io.github.universityTycoon.MainScreen::draw@34 (line 246)
  0x000001fb87d7bcc0: 3c66 72ff | ba45 ffff | ff44 8b5c | 2440 4489 | 5c24 3444 | 8b4c 2444 | 4489 4c24 | 3c44 8b4c 
  0x000001fb87d7bce0: 2448 4489 | 4c24 404c | 8954 2450 | 4489 4424 | 4466 6690 

  0x000001fb87d7bcf4: ;   {runtime_call UncommonTrapBlob}
  0x000001fb87d7bcf4: c5f8 77e8 

  0x000001fb87d7bcf8: ; ImmutableOopMap {rbp=Oop [32]=Oop [40]=NarrowOop [44]=NarrowOop [60]=NarrowOop [80]=Oop [88]=Oop }
                      ;*if_icmple {reexecute=1 rethrow=0 return_oop=0}
                      ; - (reexecute) java.nio.Buffer::position@37 (line 317)
                      ; - java.nio.ByteBuffer::position@2 (line 1516)
                      ; - java.nio.MappedByteBuffer::position@2 (line 321)
                      ; - java.nio.MappedByteBuffer::position@2 (line 73)
                      ; - com.badlogic.gdx.utils.BufferUtils::copy@40 (line 59)
                      ; - com.badlogic.gdx.graphics.glutils.VertexArray::setVertices@7 (line 93)
                      ; - com.badlogic.gdx.graphics.Mesh::setVertices@7 (line 330)
                      ; - com.badlogic.gdx.graphics.g2d.SpriteBatch::flush@76 (line 964)
                      ; - com.badlogic.gdx.graphics.g2d.SpriteBatch::setProjectionMatrix@8 (line 1049)
                      ; - io.github.universityTycoon.MainScreen::draw@34 (line 246)
  0x000001fb87d7bcf8: 0466 72ff | ba45 ffff | ff44 8b5c | 2440 4489 | 5c24 3444 | 8b44 2444 | 4489 4424 | 3c44 8b5c 
  0x000001fb87d7bd18: 2448 4489 | 5c24 4044 | 8954 2448 | 4489 4c24 | 4c66 6690 

  0x000001fb87d7bd2c: ;   {runtime_call UncommonTrapBlob}
  0x000001fb87d7bd2c: c5f8 77e8 

  0x000001fb87d7bd30: ; ImmutableOopMap {rbp=Oop [32]=Oop [40]=NarrowOop [44]=NarrowOop [60]=NarrowOop [72]=NarrowOop }
                      ;*if_icmple {reexecute=1 rethrow=0 return_oop=0}
                      ; - (reexecute) java.nio.Buffer::position@5 (line 315)
                      ; - java.nio.FloatBuffer::position@2 (line 1516)
                      ; - java.nio.FloatBuffer::position@2 (line 267)
                      ; - com.badlogic.gdx.graphics.glutils.VertexArray::setVertices@15 (line 94)
                      ; - com.badlogic.gdx.graphics.Mesh::setVertices@7 (line 330)
                      ; - com.badlogic.gdx.graphics.g2d.SpriteBatch::flush@76 (line 964)
                      ; - com.badlogic.gdx.graphics.g2d.SpriteBatch::setProjectionMatrix@8 (line 1049)
                      ; - io.github.universityTycoon.MainScreen::draw@34 (line 246)
  0x000001fb87d7bd30: cc65 72ff | ba45 ffff | ff44 8b4c | 2440 4489 | 4c24 3444 | 8b5c 2444 | 4489 5c24 | 3c44 8b5c 
  0x000001fb87d7bd50: 2448 4489 | 5c24 4044 | 8954 2448 | 4489 4424 | 4c66 6690 

  0x000001fb87d7bd64: ;   {runtime_call UncommonTrapBlob}
  0x000001fb87d7bd64: c5f8 77e8 

  0x000001fb87d7bd68: ; ImmutableOopMap {rbp=Oop [32]=Oop [40]=NarrowOop [44]=NarrowOop [60]=NarrowOop [72]=NarrowOop }
                      ;*if_icmple {reexecute=1 rethrow=0 return_oop=0}
                      ; - (reexecute) java.nio.Buffer::position@37 (line 317)
                      ; - java.nio.FloatBuffer::position@2 (line 1516)
                      ; - java.nio.FloatBuffer::position@2 (line 267)
                      ; - com.badlogic.gdx.graphics.glutils.VertexArray::setVertices@15 (line 94)
                      ; - com.badlogic.gdx.graphics.Mesh::setVertices@7 (line 330)
                      ; - com.badlogic.gdx.graphics.g2d.SpriteBatch::flush@76 (line 964)
                      ; - com.badlogic.gdx.graphics.g2d.SpriteBatch::setProjectionMatrix@8 (line 1049)
                      ; - io.github.universityTycoon.MainScreen::draw@34 (line 246)
  0x000001fb87d7bd68: 9465 72ff | ba45 ffff | ff48 8b6c | 2420 448b | 4424 2c44 | 8944 2424 | 8b4c 2440 | 894c 242c 
  0x000001fb87d7bd88: 448b 4424 | 4444 8944 | 2434 4489 | 5424 3c44 | 895c 2444 | 4489 4c24 | 4866 6690 

  0x000001fb87d7bda4: ;   {runtime_call UncommonTrapBlob}
  0x000001fb87d7bda4: c5f8 77e8 

  0x000001fb87d7bda8: ; ImmutableOopMap {rbp=Oop [36]=NarrowOop [40]=NarrowOop [52]=NarrowOop [60]=NarrowOop }
                      ;*if_icmple {reexecute=1 rethrow=0 return_oop=0}
                      ; - (reexecute) java.nio.Buffer::limit@5 (line 368)
                      ; - java.nio.FloatBuffer::limit@2 (line 1529)
                      ; - java.nio.FloatBuffer::limit@2 (line 267)
                      ; - com.badlogic.gdx.graphics.glutils.VertexArray::setVertices@24 (line 95)
                      ; - com.badlogic.gdx.graphics.Mesh::setVertices@7 (line 330)
                      ; - com.badlogic.gdx.graphics.g2d.SpriteBatch::flush@76 (line 964)
                      ; - com.badlogic.gdx.graphics.g2d.SpriteBatch::setProjectionMatrix@8 (line 1049)
                      ; - io.github.universityTycoon.MainScreen::draw@34 (line 246)
  0x000001fb87d7bda8: 5465 72ff | ba45 ffff | ff48 8b6c | 2420 448b | 4c24 2c44 | 894c 2424 | 448b 4424 | 4044 8944 
  0x000001fb87d7bdc8: 242c 448b | 4c24 4444 | 894c 2434 | 4489 5424 | 3c44 895c | 2444 6690 

  0x000001fb87d7bde0: ;   {runtime_call UncommonTrapBlob}
  0x000001fb87d7bde0: c5f8 77e8 

  0x000001fb87d7bde4: ; ImmutableOopMap {rbp=Oop [36]=NarrowOop [40]=NarrowOop [52]=NarrowOop [60]=NarrowOop }
                      ;*ifge {reexecute=1 rethrow=0 return_oop=0}
                      ; - (reexecute) java.nio.Buffer::limit@14 (line 368)
                      ; - java.nio.FloatBuffer::limit@2 (line 1529)
                      ; - java.nio.FloatBuffer::limit@2 (line 267)
                      ; - com.badlogic.gdx.graphics.glutils.VertexArray::setVertices@24 (line 95)
                      ; - com.badlogic.gdx.graphics.Mesh::setVertices@7 (line 330)
                      ; - com.badlogic.gdx.graphics.g2d.SpriteBatch::flush@76 (line 964)
                      ; - com.badlogic.gdx.graphics.g2d.SpriteBatch::setProjectionMatrix@8 (line 1049)
                      ; - io.github.universityTycoon.MainScreen::draw@34 (line 246)
  0x000001fb87d7bde4: 1865 72ff | 418b d044 | 8bc2 e900 | fdff ff41 | 0fbe ebba | e4ff ffff | 4c8b 5424 | 404c 8954 
  0x000001fb87d7be04: 2420 448b | 5c24 4844 | 895c 2428 | 448b 5424 | 3c44 8954 | 242c 4c8b | 5424 504c | 8954 2438 
  0x000001fb87d7be24: 4c89 5424 | 4089 4c24 | 4c66 6690 

  0x000001fb87d7be30: ;   {runtime_call UncommonTrapBlob}
  0x000001fb87d7be30: c5f8 77e8 

  0x000001fb87d7be34: ; ImmutableOopMap {[32]=Oop [40]=NarrowOop [44]=NarrowOop [56]=Oop [64]=Oop }
                      ;*bastore {reexecute=0 rethrow=0 return_oop=0}
                      ; - java.lang.Integer::getChars@113 (line 526)
                      ; - java.lang.StringConcatHelper::prepend@12 (line 283)
                      ; - java.lang.StringConcatHelper::prepend@3 (line 301)
                      ; - java.lang.invoke.DirectMethodHandle$Holder::invokeStatic@17
                      ; - java.lang.invoke.LambdaForm$MH/0x000001fb97094400::invoke@28
                      ; - java.lang.invoke.LambdaForm$MH/0x000001fb97095400::invoke@51
                      ; - java.lang.invoke.Invokers$Holder::linkToTargetMethod@5
                      ; - io.github.universityTycoon.MainScreen::draw@239 (line 268)
  0x000001fb87d7be34: c864 72ff | 410f beeb | bae4 ffff | ff4c 8b54 | 2440 4c89 | 5424 2044 | 8b54 2448 | 4489 5424 
  0x000001fb87d7be54: 2844 8b5c | 2438 4489 | 5c24 2c4c | 8b54 2450 | 4c89 5424 | 384c 8954 | 2440 894c | 244c 6690 
  0x000001fb87d7be74: ;   {runtime_call UncommonTrapBlob}
  0x000001fb87d7be74: c5f8 77e8 

  0x000001fb87d7be78: ; ImmutableOopMap {[32]=Oop [40]=NarrowOop [44]=NarrowOop [56]=Oop [64]=Oop }
                      ;*bastore {reexecute=0 rethrow=0 return_oop=0}
                      ; - java.lang.Integer::getChars@113 (line 526)
                      ; - java.lang.StringConcatHelper::prepend@12 (line 283)
                      ; - java.lang.StringConcatHelper::prepend@3 (line 301)
                      ; - java.lang.invoke.DirectMethodHandle$Holder::invokeStatic@17
                      ; - java.lang.invoke.LambdaForm$MH/0x000001fb97094400::invoke@28
                      ; - java.lang.invoke.LambdaForm$MH/0x000001fb97095400::invoke@51
                      ; - java.lang.invoke.Invokers$Holder::linkToTargetMethod@5
                      ; - io.github.universityTycoon.MainScreen::draw@268 (line 269)
  0x000001fb87d7be78: 8464 72ff | 410f beeb | bae4 ffff | ff4c 8b54 | 2440 4c89 | 5424 2044 | 8b5c 2448 | 4489 5c24 
  0x000001fb87d7be98: 2844 8b54 | 2438 4489 | 5424 2c4c | 8b54 2450 | 4c89 5424 | 384c 8954 | 2440 4489 | 4c24 4c90 
  0x000001fb87d7beb8: ;   {runtime_call UncommonTrapBlob}
  0x000001fb87d7beb8: c5f8 77e8 

  0x000001fb87d7bebc: ; ImmutableOopMap {[32]=Oop [40]=NarrowOop [44]=NarrowOop [56]=Oop [64]=Oop }
                      ;*bastore {reexecute=0 rethrow=0 return_oop=0}
                      ; - java.lang.Integer::getChars@113 (line 526)
                      ; - java.lang.StringConcatHelper::prepend@12 (line 283)
                      ; - java.lang.StringConcatHelper::prepend@3 (line 301)
                      ; - java.lang.invoke.DirectMethodHandle$Holder::invokeStatic@17
                      ; - java.lang.invoke.LambdaForm$MH/0x000001fb97094400::invoke@28
                      ; - java.lang.invoke.LambdaForm$MH/0x000001fb97095400::invoke@51
                      ; - java.lang.invoke.Invokers$Holder::linkToTargetMethod@5
                      ; - io.github.universityTycoon.MainScreen::draw@297 (line 270)
  0x000001fb87d7bebc: 4064 72ff | 410f beea | bae4 ffff | ff4c 8b54 | 2440 4c89 | 5424 2044 | 8b54 2448 | 4489 5424 
  0x000001fb87d7bedc: 2844 8b5c | 2438 4489 | 5c24 2c4c | 8b54 2450 | 4c89 5424 | 384c 8954 | 2440 4489 | 4c24 4c90 
  0x000001fb87d7befc: ;   {runtime_call UncommonTrapBlob}
  0x000001fb87d7befc: c5f8 77e8 

  0x000001fb87d7bf00: ; ImmutableOopMap {[32]=Oop [40]=NarrowOop [44]=NarrowOop [56]=Oop [64]=Oop }
                      ;*bastore {reexecute=0 rethrow=0 return_oop=0}
                      ; - java.lang.Integer::getChars@113 (line 526)
                      ; - java.lang.StringConcatHelper::prepend@12 (line 283)
                      ; - java.lang.StringConcatHelper::prepend@3 (line 301)
                      ; - java.lang.invoke.DirectMethodHandle$Holder::invokeStatic@17
                      ; - java.lang.invoke.LambdaForm$MH/0x000001fb97094400::invoke@28
                      ; - java.lang.invoke.LambdaForm$MH/0x000001fb97095400::invoke@51
                      ; - java.lang.invoke.Invokers$Holder::linkToTargetMethod@5
                      ; - io.github.universityTycoon.MainScreen::draw@326 (line 271)
  0x000001fb87d7bf00: fc63 72ff | 410f beeb | bae4 ffff | ff4c 8b54 | 2438 4c89 | 5424 2044 | 8b5c 2434 | 4489 5c24 
  0x000001fb87d7bf20: 2844 8b54 | 2430 4489 | 5424 2c4c | 8b54 2460 | 4c89 5424 | 384c 8954 | 2440 4489 | 4c24 4c90 
  0x000001fb87d7bf40: ;   {runtime_call UncommonTrapBlob}
  0x000001fb87d7bf40: c5f8 77e8 

  0x000001fb87d7bf44: ; ImmutableOopMap {[32]=Oop [40]=NarrowOop [44]=NarrowOop [56]=Oop [64]=Oop }
                      ;*bastore {reexecute=0 rethrow=0 return_oop=0}
                      ; - java.lang.Integer::getChars@113 (line 526)
                      ; - java.lang.StringConcatHelper::prepend@12 (line 283)
                      ; - java.lang.StringConcatHelper::prepend@3 (line 301)
                      ; - java.lang.invoke.DirectMethodHandle$Holder::invokeStatic@17
                      ; - java.lang.invoke.LambdaForm$MH/0x000001fb97094400::invoke@28
                      ; - java.lang.invoke.LambdaForm$MH/0x000001fb97095400::invoke@51
                      ; - java.lang.invoke.Invokers$Holder::linkToTargetMethod@5
                      ; - io.github.universityTycoon.MainScreen::draw@488 (line 291)
  0x000001fb87d7bf44: b863 72ff | 410f beeb | bae4 ffff | ff4c 8b54 | 2438 4c89 | 5424 2044 | 8b54 2434 | 4489 5424 
  0x000001fb87d7bf64: 2844 8b5c | 2430 4489 | 5c24 2c4c | 8b54 2450 | 4c89 5424 | 384c 8954 | 2440 894c | 244c 6690 
  0x000001fb87d7bf84: ;   {runtime_call UncommonTrapBlob}
  0x000001fb87d7bf84: c5f8 77e8 

  0x000001fb87d7bf88: ; ImmutableOopMap {[32]=Oop [40]=NarrowOop [44]=NarrowOop [56]=Oop [64]=Oop }
                      ;*bastore {reexecute=0 rethrow=0 return_oop=0}
                      ; - java.lang.Integer::getChars@113 (line 526)
                      ; - java.lang.StringConcatHelper::prepend@12 (line 283)
                      ; - java.lang.StringConcatHelper::prepend@3 (line 301)
                      ; - java.lang.invoke.DirectMethodHandle$Holder::invokeStatic@17
                      ; - java.lang.invoke.LambdaForm$MH/0x000001fb97094400::invoke@28
                      ; - java.lang.invoke.LambdaForm$MH/0x000001fb97095400::invoke@51
                      ; - java.lang.invoke.Invokers$Holder::linkToTargetMethod@5
                      ; - io.github.universityTycoon.MainScreen::draw@513 (line 292)
  0x000001fb87d7bf88: 7463 72ff | 418b f2ba | e4ff ffff | 488b 6c24 | 4044 8b4c | 2448 4489 | 4c24 2044 | 8b54 243c 
  0x000001fb87d7bfa8: 4489 5424 | 244c 8b54 | 2450 4c89 | 5424 3089 | 7424 384c | 8954 2440 | 4489 4424 | 5044 895c 
  0x000001fb87d7bfc8: 2454 6690 

  0x000001fb87d7bfcc: ;   {runtime_call UncommonTrapBlob}
  0x000001fb87d7bfcc: c5f8 77e8 

  0x000001fb87d7bfd0: ; ImmutableOopMap {rbp=Oop [32]=NarrowOop [36]=NarrowOop [48]=Oop [64]=Oop }
                      ;*bastore {reexecute=0 rethrow=0 return_oop=0}
                      ; - java.lang.Integer::getChars@68 (line 516)
                      ; - java.lang.StringConcatHelper::prepend@12 (line 283)
                      ; - java.lang.StringConcatHelper::prepend@3 (line 301)
                      ; - java.lang.invoke.DirectMethodHandle$Holder::invokeStatic@17
                      ; - java.lang.invoke.LambdaForm$MH/0x000001fb97094400::invoke@28
                      ; - java.lang.invoke.LambdaForm$MH/0x000001fb97095400::invoke@51
                      ; - java.lang.invoke.Invokers$Holder::linkToTargetMethod@5
                      ; - io.github.universityTycoon.MainScreen::draw@239 (line 268)
  0x000001fb87d7bfd0: 2c63 72ff | 418b c0ba | e4ff ffff | 488b 6c24 | 4044 8b54 | 2448 4489 | 5424 2044 | 8b5c 2438 
  0x000001fb87d7bff0: 4489 5c24 | 244c 8b54 | 2450 4c89 | 5424 304c | 8954 2438 | 897c 2444 | 8944 2450 | 4489 6c24 
  0x000001fb87d7c010: 5466 6690 

  0x000001fb87d7c014: ;   {runtime_call UncommonTrapBlob}
  0x000001fb87d7c014: c5f8 77e8 

  0x000001fb87d7c018: ; ImmutableOopMap {rbp=Oop [32]=NarrowOop [36]=NarrowOop [48]=Oop [56]=Oop }
                      ;*bastore {reexecute=0 rethrow=0 return_oop=0}
                      ; - java.lang.Integer::getChars@68 (line 516)
                      ; - java.lang.StringConcatHelper::prepend@12 (line 283)
                      ; - java.lang.StringConcatHelper::prepend@3 (line 301)
                      ; - java.lang.invoke.DirectMethodHandle$Holder::invokeStatic@17
                      ; - java.lang.invoke.LambdaForm$MH/0x000001fb97094400::invoke@28
                      ; - java.lang.invoke.LambdaForm$MH/0x000001fb97095400::invoke@51
                      ; - java.lang.invoke.Invokers$Holder::linkToTargetMethod@5
                      ; - io.github.universityTycoon.MainScreen::draw@268 (line 269)
  0x000001fb87d7c018: e462 72ff | 448b f3ba | e4ff ffff | 488b 6c24 | 4044 8b5c | 2448 4489 | 5c24 2044 | 8b54 2438 
  0x000001fb87d7c038: 4489 5424 | 244c 8b54 | 2450 4c89 | 5424 304c | 8954 2438 | 894c 2444 | 4489 7424 | 5044 896c 
  0x000001fb87d7c058: 2454 6690 

  0x000001fb87d7c05c: ;   {runtime_call UncommonTrapBlob}
  0x000001fb87d7c05c: c5f8 77e8 

  0x000001fb87d7c060: ; ImmutableOopMap {rbp=Oop [32]=NarrowOop [36]=NarrowOop [48]=Oop [56]=Oop }
                      ;*bastore {reexecute=0 rethrow=0 return_oop=0}
                      ; - java.lang.Integer::getChars@68 (line 516)
                      ; - java.lang.StringConcatHelper::prepend@12 (line 283)
                      ; - java.lang.StringConcatHelper::prepend@3 (line 301)
                      ; - java.lang.invoke.DirectMethodHandle$Holder::invokeStatic@17
                      ; - java.lang.invoke.LambdaForm$MH/0x000001fb97094400::invoke@28
                      ; - java.lang.invoke.LambdaForm$MH/0x000001fb97095400::invoke@51
                      ; - java.lang.invoke.Invokers$Holder::linkToTargetMethod@5
                      ; - io.github.universityTycoon.MainScreen::draw@297 (line 270)
  0x000001fb87d7c060: 9c62 72ff | 448b f3ba | e4ff ffff | 488b 6c24 | 4044 8b54 | 2448 4489 | 5424 2044 | 8b5c 2438 
  0x000001fb87d7c080: 4489 5c24 | 244c 8b54 | 2450 4c89 | 5424 304c | 8954 2438 | 894c 2444 | 4489 7424 | 5089 7c24 
  0x000001fb87d7c0a0: 5466 6690 

  0x000001fb87d7c0a4: ;   {runtime_call UncommonTrapBlob}
  0x000001fb87d7c0a4: c5f8 77e8 

  0x000001fb87d7c0a8: ; ImmutableOopMap {rbp=Oop [32]=NarrowOop [36]=NarrowOop [48]=Oop [56]=Oop }
                      ;*bastore {reexecute=0 rethrow=0 return_oop=0}
                      ; - java.lang.Integer::getChars@68 (line 516)
                      ; - java.lang.StringConcatHelper::prepend@12 (line 283)
                      ; - java.lang.StringConcatHelper::prepend@3 (line 301)
                      ; - java.lang.invoke.DirectMethodHandle$Holder::invokeStatic@17
                      ; - java.lang.invoke.LambdaForm$MH/0x000001fb97094400::invoke@28
                      ; - java.lang.invoke.LambdaForm$MH/0x000001fb97095400::invoke@51
                      ; - java.lang.invoke.Invokers$Holder::linkToTargetMethod@5
                      ; - io.github.universityTycoon.MainScreen::draw@326 (line 271)
  0x000001fb87d7c0a8: 5462 72ff | 418b f2ba | e4ff ffff | 488b 6c24 | 4044 8b44 | 2448 4489 | 4424 2044 | 8b54 243c 
  0x000001fb87d7c0c8: 4489 5424 | 244c 8b54 | 2450 4c89 | 5424 3089 | 7424 384c | 8954 2440 | 894c 2450 | 4489 5c24 
  0x000001fb87d7c0e8: 5866 6690 

  0x000001fb87d7c0ec: ;   {runtime_call UncommonTrapBlob}
  0x000001fb87d7c0ec: c5f8 77e8 

  0x000001fb87d7c0f0: ; ImmutableOopMap {rbp=Oop [32]=NarrowOop [36]=NarrowOop [48]=Oop [64]=Oop }
                      ;*baload {reexecute=0 rethrow=0 return_oop=0}
                      ; - java.lang.Integer::getChars@54 (line 515)
                      ; - java.lang.StringConcatHelper::prepend@12 (line 283)
                      ; - java.lang.StringConcatHelper::prepend@3 (line 301)
                      ; - java.lang.invoke.DirectMethodHandle$Holder::invokeStatic@17
                      ; - java.lang.invoke.LambdaForm$MH/0x000001fb97094400::invoke@28
                      ; - java.lang.invoke.LambdaForm$MH/0x000001fb97095400::invoke@51
                      ; - java.lang.invoke.Invokers$Holder::linkToTargetMethod@5
                      ; - io.github.universityTycoon.MainScreen::draw@239 (line 268)
  0x000001fb87d7c0f0: 0c62 72ff | 418b f2ba | e4ff ffff | 4c8b 5424 | 404c 8954 | 2420 448b | 4424 4844 | 8944 2428 
  0x000001fb87d7c110: 448b 5424 | 3c44 8954 | 242c 4c8b | 5424 504c | 8954 2438 | 8974 2440 | 4c89 5424 | 4889 4c24 
  0x000001fb87d7c130: 5844 895c | 245c 6690 

  0x000001fb87d7c138: ;   {runtime_call UncommonTrapBlob}
  0x000001fb87d7c138: c5f8 77e8 

  0x000001fb87d7c13c: ; ImmutableOopMap {[32]=Oop [40]=NarrowOop [44]=NarrowOop [56]=Oop [72]=Oop }
                      ;*bastore {reexecute=0 rethrow=0 return_oop=0}
                      ; - java.lang.Integer::getChars@55 (line 515)
                      ; - java.lang.StringConcatHelper::prepend@12 (line 283)
                      ; - java.lang.StringConcatHelper::prepend@3 (line 301)
                      ; - java.lang.invoke.DirectMethodHandle$Holder::invokeStatic@17
                      ; - java.lang.invoke.LambdaForm$MH/0x000001fb97094400::invoke@28
                      ; - java.lang.invoke.LambdaForm$MH/0x000001fb97095400::invoke@51
                      ; - java.lang.invoke.Invokers$Holder::linkToTargetMethod@5
                      ; - io.github.universityTycoon.MainScreen::draw@239 (line 268)
  0x000001fb87d7c13c: c061 72ff | 418b c0ba | e4ff ffff | 488b 6c24 | 4044 8b54 | 2448 4489 | 5424 2044 | 8b5c 2438 
  0x000001fb87d7c15c: 4489 5c24 | 244c 8b54 | 2450 4c89 | 5424 304c | 8954 2438 | 894c 2444 | 8944 2450 | 4489 6c24 
  0x000001fb87d7c17c: 5866 6690 

  0x000001fb87d7c180: ;   {runtime_call UncommonTrapBlob}
  0x000001fb87d7c180: c5f8 77e8 

  0x000001fb87d7c184: ; ImmutableOopMap {rbp=Oop [32]=NarrowOop [36]=NarrowOop [48]=Oop [56]=Oop }
                      ;*baload {reexecute=0 rethrow=0 return_oop=0}
                      ; - java.lang.Integer::getChars@54 (line 515)
                      ; - java.lang.StringConcatHelper::prepend@12 (line 283)
                      ; - java.lang.StringConcatHelper::prepend@3 (line 301)
                      ; - java.lang.invoke.DirectMethodHandle$Holder::invokeStatic@17
                      ; - java.lang.invoke.LambdaForm$MH/0x000001fb97094400::invoke@28
                      ; - java.lang.invoke.LambdaForm$MH/0x000001fb97095400::invoke@51
                      ; - java.lang.invoke.Invokers$Holder::linkToTargetMethod@5
                      ; - io.github.universityTycoon.MainScreen::draw@268 (line 269)
  0x000001fb87d7c184: 7861 72ff | 418b c0ba | e4ff ffff | 488b 6c24 | 4044 8b5c | 2448 4489 | 5c24 2044 | 8b44 2438 
  0x000001fb87d7c1a4: 4489 4424 | 244c 8b5c | 2450 4c89 | 5c24 304c | 895c 2438 | 894c 2444 | 8944 2450 | 4489 6c24 
  0x000001fb87d7c1c4: 5444 8954 | 2458 6690 

  0x000001fb87d7c1cc: ;   {runtime_call UncommonTrapBlob}
  0x000001fb87d7c1cc: c5f8 77e8 

  0x000001fb87d7c1d0: ; ImmutableOopMap {rbp=Oop [32]=NarrowOop [36]=NarrowOop [48]=Oop [56]=Oop }
                      ;*bastore {reexecute=0 rethrow=0 return_oop=0}
                      ; - java.lang.Integer::getChars@55 (line 515)
                      ; - java.lang.StringConcatHelper::prepend@12 (line 283)
                      ; - java.lang.StringConcatHelper::prepend@3 (line 301)
                      ; - java.lang.invoke.DirectMethodHandle$Holder::invokeStatic@17
                      ; - java.lang.invoke.LambdaForm$MH/0x000001fb97094400::invoke@28
                      ; - java.lang.invoke.LambdaForm$MH/0x000001fb97095400::invoke@51
                      ; - java.lang.invoke.Invokers$Holder::linkToTargetMethod@5
                      ; - io.github.universityTycoon.MainScreen::draw@268 (line 269)
  0x000001fb87d7c1d0: 2c61 72ff | 448b f3ba | e4ff ffff | 488b 6c24 | 4044 8b5c | 2448 4489 | 5c24 2044 | 8b54 2438 
  0x000001fb87d7c1f0: 4489 5424 | 244c 8b54 | 2450 4c89 | 5424 304c | 8954 2438 | 4489 4c24 | 4444 8974 | 2450 8974 
  0x000001fb87d7c210: 2458 6690 

  0x000001fb87d7c214: ;   {runtime_call UncommonTrapBlob}
  0x000001fb87d7c214: c5f8 77e8 

  0x000001fb87d7c218: ; ImmutableOopMap {rbp=Oop [32]=NarrowOop [36]=NarrowOop [48]=Oop [56]=Oop }
                      ;*baload {reexecute=0 rethrow=0 return_oop=0}
                      ; - java.lang.Integer::getChars@54 (line 515)
                      ; - java.lang.StringConcatHelper::prepend@12 (line 283)
                      ; - java.lang.StringConcatHelper::prepend@3 (line 301)
                      ; - java.lang.invoke.DirectMethodHandle$Holder::invokeStatic@17
                      ; - java.lang.invoke.LambdaForm$MH/0x000001fb97094400::invoke@28
                      ; - java.lang.invoke.LambdaForm$MH/0x000001fb97095400::invoke@51
                      ; - java.lang.invoke.Invokers$Holder::linkToTargetMethod@5
                      ; - io.github.universityTycoon.MainScreen::draw@297 (line 270)
  0x000001fb87d7c218: e460 72ff | 448b f3ba | e4ff ffff | 488b 6c24 | 4044 8b5c | 2448 4489 | 5c24 2044 | 8b54 2438 
  0x000001fb87d7c238: 4489 5424 | 244c 8b54 | 2450 4c89 | 5424 304c | 8954 2438 | 4489 4c24 | 4444 8974 | 2450 8974 
  0x000001fb87d7c258: 2454 8944 | 2458 6690 

  0x000001fb87d7c260: ;   {runtime_call UncommonTrapBlob}
  0x000001fb87d7c260: c5f8 77e8 

  0x000001fb87d7c264: ; ImmutableOopMap {rbp=Oop [32]=NarrowOop [36]=NarrowOop [48]=Oop [56]=Oop }
                      ;*bastore {reexecute=0 rethrow=0 return_oop=0}
                      ; - java.lang.Integer::getChars@55 (line 515)
                      ; - java.lang.StringConcatHelper::prepend@12 (line 283)
                      ; - java.lang.StringConcatHelper::prepend@3 (line 301)
                      ; - java.lang.invoke.DirectMethodHandle$Holder::invokeStatic@17
                      ; - java.lang.invoke.LambdaForm$MH/0x000001fb97094400::invoke@28
                      ; - java.lang.invoke.LambdaForm$MH/0x000001fb97095400::invoke@51
                      ; - java.lang.invoke.Invokers$Holder::linkToTargetMethod@5
                      ; - io.github.universityTycoon.MainScreen::draw@297 (line 270)
  0x000001fb87d7c264: 9860 72ff | 448b f3ba | e4ff ffff | 488b 6c24 | 4044 8b54 | 2448 4489 | 5424 2044 | 8b5c 2438 
  0x000001fb87d7c284: 4489 5c24 | 244c 8b54 | 2450 4c89 | 5424 304c | 8954 2438 | 4489 4c24 | 4444 8974 | 2450 4489 
  0x000001fb87d7c2a4: 6c24 5890 

  0x000001fb87d7c2a8: ;   {runtime_call UncommonTrapBlob}
  0x000001fb87d7c2a8: c5f8 77e8 

  0x000001fb87d7c2ac: ; ImmutableOopMap {rbp=Oop [32]=NarrowOop [36]=NarrowOop [48]=Oop [56]=Oop }
                      ;*baload {reexecute=0 rethrow=0 return_oop=0}
                      ; - java.lang.Integer::getChars@54 (line 515)
                      ; - java.lang.StringConcatHelper::prepend@12 (line 283)
                      ; - java.lang.StringConcatHelper::prepend@3 (line 301)
                      ; - java.lang.invoke.DirectMethodHandle$Holder::invokeStatic@17
                      ; - java.lang.invoke.LambdaForm$MH/0x000001fb97094400::invoke@28
                      ; - java.lang.invoke.LambdaForm$MH/0x000001fb97095400::invoke@51
                      ; - java.lang.invoke.Invokers$Holder::linkToTargetMethod@5
                      ; - io.github.universityTycoon.MainScreen::draw@326 (line 271)
  0x000001fb87d7c2ac: 5060 72ff | 448b f3ba | e4ff ffff | 488b 6c24 | 4044 8b54 | 2448 4489 | 5424 2044 | 8b44 2438 
  0x000001fb87d7c2cc: 4489 4424 | 244c 8b54 | 2450 4c89 | 5424 304c | 8954 2438 | 4489 4c24 | 4444 8974 | 2450 4489 
  0x000001fb87d7c2ec: 6c24 5444 | 895c 2458 

  0x000001fb87d7c2f4: ;   {runtime_call UncommonTrapBlob}
  0x000001fb87d7c2f4: c5f8 77e8 

  0x000001fb87d7c2f8: ; ImmutableOopMap {rbp=Oop [32]=NarrowOop [36]=NarrowOop [48]=Oop [56]=Oop }
                      ;*bastore {reexecute=0 rethrow=0 return_oop=0}
                      ; - java.lang.Integer::getChars@55 (line 515)
                      ; - java.lang.StringConcatHelper::prepend@12 (line 283)
                      ; - java.lang.StringConcatHelper::prepend@3 (line 301)
                      ; - java.lang.invoke.DirectMethodHandle$Holder::invokeStatic@17
                      ; - java.lang.invoke.LambdaForm$MH/0x000001fb97094400::invoke@28
                      ; - java.lang.invoke.LambdaForm$MH/0x000001fb97095400::invoke@51
                      ; - java.lang.invoke.Invokers$Holder::linkToTargetMethod@5
                      ; - io.github.universityTycoon.MainScreen::draw@326 (line 271)
  0x000001fb87d7c2f8: 0460 72ff | 448b efba | e4ff ffff | 488b 6c24 | 3844 8b4c | 2434 4489 | 4c24 2044 | 8b5c 2430 
  0x000001fb87d7c318: 4489 5c24 | 244c 8b5c | 2460 4c89 | 5c24 304c | 895c 2438 | 4489 5424 | 4444 896c | 2450 4489 
  0x000001fb87d7c338: 4424 5490 

  0x000001fb87d7c33c: ;   {runtime_call UncommonTrapBlob}
  0x000001fb87d7c33c: c5f8 77e8 

  0x000001fb87d7c340: ; ImmutableOopMap {rbp=Oop [32]=NarrowOop [36]=NarrowOop [48]=Oop [56]=Oop }
                      ;*bastore {reexecute=0 rethrow=0 return_oop=0}
                      ; - java.lang.Integer::getChars@68 (line 516)
                      ; - java.lang.StringConcatHelper::prepend@12 (line 283)
                      ; - java.lang.StringConcatHelper::prepend@3 (line 301)
                      ; - java.lang.invoke.DirectMethodHandle$Holder::invokeStatic@17
                      ; - java.lang.invoke.LambdaForm$MH/0x000001fb97094400::invoke@28
                      ; - java.lang.invoke.LambdaForm$MH/0x000001fb97095400::invoke@51
                      ; - java.lang.invoke.Invokers$Holder::linkToTargetMethod@5
                      ; - io.github.universityTycoon.MainScreen::draw@488 (line 291)
  0x000001fb87d7c340: bc5f 72ff | 458b f1ba | e4ff ffff | 488b 6c24 | 3844 8b5c | 2434 4489 | 5c24 2044 | 8b44 2430 
  0x000001fb87d7c360: 4489 4424 | 244c 8b5c | 2450 4c89 | 5c24 304c | 895c 2438 | 4489 5424 | 4444 8974 | 2450 895c 
  0x000001fb87d7c380: 2454 6690 

  0x000001fb87d7c384: ;   {runtime_call UncommonTrapBlob}
  0x000001fb87d7c384: c5f8 77e8 

  0x000001fb87d7c388: ; ImmutableOopMap {rbp=Oop [32]=NarrowOop [36]=NarrowOop [48]=Oop [56]=Oop }
                      ;*bastore {reexecute=0 rethrow=0 return_oop=0}
                      ; - java.lang.Integer::getChars@68 (line 516)
                      ; - java.lang.StringConcatHelper::prepend@12 (line 283)
                      ; - java.lang.StringConcatHelper::prepend@3 (line 301)
                      ; - java.lang.invoke.DirectMethodHandle$Holder::invokeStatic@17
                      ; - java.lang.invoke.LambdaForm$MH/0x000001fb97094400::invoke@28
                      ; - java.lang.invoke.LambdaForm$MH/0x000001fb97095400::invoke@51
                      ; - java.lang.invoke.Invokers$Holder::linkToTargetMethod@5
                      ; - io.github.universityTycoon.MainScreen::draw@513 (line 292)
  0x000001fb87d7c388: 745f 72ff | 4181 fbc0 | bdf0 ff0f | 8e73 1d00 | 0041 b906 | 0000 00e9 | 57a0 ffff | 4181 f8c0 
  0x000001fb87d7c3a8: bdf0 ff0f | 8e73 1d00 | 0041 b806 | 0000 00e9 | 83a2 ffff | 4181 f8c0 | bdf0 ff0f | 8f9b a4ff 
  0x000001fb87d7c3c8: ff41 81f8 | 8069 67ff | 0f8f 7cc9 | ffff 4181 | f800 1f0a | fa0f 8edc | 2600 0044 | 8b44 2478 
  0x000001fb87d7c3e8: e912 d4ff | ff44 8bef | bae4 ffff | ff48 8b6c | 2438 448b | 5c24 3444 | 895c 2420 | 448b 5424 
  0x000001fb87d7c408: 3044 8954 | 2424 4c8b | 5424 604c | 8954 2430 | 4c89 5424 | 3844 894c | 2444 4489 | 6c24 5089 
  0x000001fb87d7c428: 4424 5890 

  0x000001fb87d7c42c: ;   {runtime_call UncommonTrapBlob}
  0x000001fb87d7c42c: c5f8 77e8 

  0x000001fb87d7c430: ; ImmutableOopMap {rbp=Oop [32]=NarrowOop [36]=NarrowOop [48]=Oop [56]=Oop }
                      ;*baload {reexecute=0 rethrow=0 return_oop=0}
                      ; - java.lang.Integer::getChars@54 (line 515)
                      ; - java.lang.StringConcatHelper::prepend@12 (line 283)
                      ; - java.lang.StringConcatHelper::prepend@3 (line 301)
                      ; - java.lang.invoke.DirectMethodHandle$Holder::invokeStatic@17
                      ; - java.lang.invoke.LambdaForm$MH/0x000001fb97094400::invoke@28
                      ; - java.lang.invoke.LambdaForm$MH/0x000001fb97095400::invoke@51
                      ; - java.lang.invoke.Invokers$Holder::linkToTargetMethod@5
                      ; - io.github.universityTycoon.MainScreen::draw@488 (line 291)
  0x000001fb87d7c430: cc5e 72ff | 448b efba | e4ff ffff | 488b 6c24 | 3844 8b5c | 2434 4489 | 5c24 2044 | 8b54 2430 
  0x000001fb87d7c450: 4489 5424 | 244c 8b54 | 2460 4c89 | 5424 304c | 8954 2438 | 4489 4c24 | 4444 896c | 2450 8944 
  0x000001fb87d7c470: 2454 894c | 2458 6690 

  0x000001fb87d7c478: ;   {runtime_call UncommonTrapBlob}
  0x000001fb87d7c478: c5f8 77e8 

  0x000001fb87d7c47c: ; ImmutableOopMap {rbp=Oop [32]=NarrowOop [36]=NarrowOop [48]=Oop [56]=Oop }
                      ;*bastore {reexecute=0 rethrow=0 return_oop=0}
                      ; - java.lang.Integer::getChars@55 (line 515)
                      ; - java.lang.StringConcatHelper::prepend@12 (line 283)
                      ; - java.lang.StringConcatHelper::prepend@3 (line 301)
                      ; - java.lang.invoke.DirectMethodHandle$Holder::invokeStatic@17
                      ; - java.lang.invoke.LambdaForm$MH/0x000001fb97094400::invoke@28
                      ; - java.lang.invoke.LambdaForm$MH/0x000001fb97095400::invoke@51
                      ; - java.lang.invoke.Invokers$Holder::linkToTargetMethod@5
                      ; - io.github.universityTycoon.MainScreen::draw@488 (line 291)
  0x000001fb87d7c47c: 805e 72ff | 458b f1ba | e4ff ffff | 488b 6c24 | 3844 8b54 | 2434 4489 | 5424 2044 | 8b5c 2430 
  0x000001fb87d7c49c: 4489 5c24 | 244c 8b54 | 2450 4c89 | 5424 304c | 8954 2438 | 894c 2444 | 4489 7424 | 5089 4424 
  0x000001fb87d7c4bc: 5866 6690 

  0x000001fb87d7c4c0: ;   {runtime_call UncommonTrapBlob}
  0x000001fb87d7c4c0: c5f8 77e8 

  0x000001fb87d7c4c4: ; ImmutableOopMap {rbp=Oop [32]=NarrowOop [36]=NarrowOop [48]=Oop [56]=Oop }
                      ;*baload {reexecute=0 rethrow=0 return_oop=0}
                      ; - java.lang.Integer::getChars@54 (line 515)
                      ; - java.lang.StringConcatHelper::prepend@12 (line 283)
                      ; - java.lang.StringConcatHelper::prepend@3 (line 301)
                      ; - java.lang.invoke.DirectMethodHandle$Holder::invokeStatic@17
                      ; - java.lang.invoke.LambdaForm$MH/0x000001fb97094400::invoke@28
                      ; - java.lang.invoke.LambdaForm$MH/0x000001fb97095400::invoke@51
                      ; - java.lang.invoke.Invokers$Holder::linkToTargetMethod@5
                      ; - io.github.universityTycoon.MainScreen::draw@513 (line 292)
  0x000001fb87d7c4c4: 385e 72ff | 458b f1ba | e4ff ffff | 488b 6c24 | 3844 8b54 | 2434 4489 | 5424 2044 | 8b5c 2430 
  0x000001fb87d7c4e4: 4489 5c24 | 244c 8b54 | 2450 4c89 | 5424 304c | 8954 2438 | 894c 2444 | 4489 7424 | 5089 4424 
  0x000001fb87d7c504: 5444 8944 | 2458 6690 

  0x000001fb87d7c50c: ;   {runtime_call UncommonTrapBlob}
  0x000001fb87d7c50c: c5f8 77e8 

  0x000001fb87d7c510: ; ImmutableOopMap {rbp=Oop [32]=NarrowOop [36]=NarrowOop [48]=Oop [56]=Oop }
                      ;*bastore {reexecute=0 rethrow=0 return_oop=0}
                      ; - java.lang.Integer::getChars@55 (line 515)
                      ; - java.lang.StringConcatHelper::prepend@12 (line 283)
                      ; - java.lang.StringConcatHelper::prepend@3 (line 301)
                      ; - java.lang.invoke.DirectMethodHandle$Holder::invokeStatic@17
                      ; - java.lang.invoke.LambdaForm$MH/0x000001fb97094400::invoke@28
                      ; - java.lang.invoke.LambdaForm$MH/0x000001fb97095400::invoke@51
                      ; - java.lang.invoke.Invokers$Holder::linkToTargetMethod@5
                      ; - io.github.universityTycoon.MainScreen::draw@513 (line 292)
  0x000001fb87d7c510: ec5d 72ff | 4181 fbc0 | bdf0 ff0f | 8e1b 1c00 | 0041 bb06 | 0000 00e9 | cbb4 ffff | 4181 fbc0 
  0x000001fb87d7c530: bdf0 ff0f | 8fe4 b4ff | ff41 81fb | 8069 67ff | 0f8f 51c8 | ffff 4181 | fb00 1f0a | fa0f 8e9b 
  0x000001fb87d7c550: 2500 0044 | 8b5c 2478 | e9e2 d2ff | ff81 fd00 | 1f0a fa0f | 8e53 1d00 | 0041 b908 | 0000 00e9 
  0x000001fb87d7c570: 0953 ffff | 81fd 001f | 0afa 0f8e | 531d 0000 | 41b8 0600 | 0000 e90a | bbff ff81 | fd00 1f0a 
  0x000001fb87d7c590: fa0f 8e53 | 1d00 0041 | ba06 0000 | 00e9 0ebb | ffff 81fd | 001f 0afa | 0f8e 531d | 0000 41ba 
  0x000001fb87d7c5b0: 0600 0000 | e912 bbff | ff81 fd00 | 1f0a fa0f | 8e53 1d00 | 0041 bb06 | 0000 00e9 | 16bb ffff 
  0x000001fb87d7c5d0: 4d63 d2e9 | 5b97 ffff | baf6 ffff | ff8b 6c24 | 2c4c 8954 | 2420 6690 

  0x000001fb87d7c5e8: ;   {runtime_call UncommonTrapBlob}
  0x000001fb87d7c5e8: c5f8 77e8 

  0x000001fb87d7c5ec: ; ImmutableOopMap {rbp=NarrowOop [32]=Oop }
                      ;*invokevirtual draw {reexecute=0 rethrow=0 return_oop=0}
                      ; - io.github.universityTycoon.MainScreen::draw@804 (line 309)
  0x000001fb87d7c5ec: 105d 72ff | 4d63 c0e9 | 3d9c ffff | baf6 ffff | ff8b 6c24 | 2c4c 8954 | 2420 6690 

  0x000001fb87d7c608: ;   {runtime_call UncommonTrapBlob}
  0x000001fb87d7c608: c5f8 77e8 

  0x000001fb87d7c60c: ; ImmutableOopMap {rbp=NarrowOop [32]=Oop }
                      ;*invokevirtual draw {reexecute=0 rethrow=0 return_oop=0}
                      ; - io.github.universityTycoon.MainScreen::draw@829 (line 310)
  0x000001fb87d7c60c: f05c 72ff | 0fbe ebba | e4ff ffff | 4c8b 5424 | 384c 8954 | 2420 4c8b | 5424 484c | 8954 2438 
  0x000001fb87d7c62c: 4c89 5424 | 4044 894c | 2450 4489 | 5c24 5890 

  0x000001fb87d7c63c: ;   {runtime_call UncommonTrapBlob}
  0x000001fb87d7c63c: c5f8 77e8 

  0x000001fb87d7c640: ; ImmutableOopMap {[32]=Oop [40]=NarrowOop [44]=NarrowOop [56]=Oop [64]=Oop }
                      ;*bastore {reexecute=0 rethrow=0 return_oop=0}
                      ; - java.lang.Integer::getChars@97 (line 522)
                      ; - java.lang.StringConcatHelper::prepend@12 (line 283)
                      ; - java.lang.StringConcatHelper::prepend@3 (line 301)
                      ; - java.lang.invoke.DirectMethodHandle$Holder::invokeStatic@17
                      ; - java.lang.invoke.LambdaForm$MH/0x000001fb97094400::invoke@28
                      ; - java.lang.invoke.LambdaForm$MH/0x000001fb97095400::invoke@51
                      ; - java.lang.invoke.Invokers$Holder::linkToTargetMethod@5
                      ; - io.github.universityTycoon.MainScreen::draw@843 (line 311)
  0x000001fb87d7c640: bc5c 72ff | baf6 ffff | ff8b 6c24 | 284c 8954 | 2420 6690 

  0x000001fb87d7c654: ;   {runtime_call UncommonTrapBlob}
  0x000001fb87d7c654: c5f8 77e8 

  0x000001fb87d7c658: ; ImmutableOopMap {rbp=NarrowOop [32]=Oop }
                      ;*invokevirtual draw {reexecute=0 rethrow=0 return_oop=0}
                      ; - io.github.universityTycoon.MainScreen::draw@854 (line 311)
  0x000001fb87d7c658: a45c 72ff | 410f bee8 | bae4 ffff | ff4c 8b5c | 2438 4c89 | 5c24 204c | 8b5c 2448 | 4c89 5c24 
  0x000001fb87d7c678: 384c 895c | 2440 4489 | 5424 5089 | 4c24 5890 

  0x000001fb87d7c688: ;   {runtime_call UncommonTrapBlob}
  0x000001fb87d7c688: c5f8 77e8 

  0x000001fb87d7c68c: ; ImmutableOopMap {[32]=Oop [40]=NarrowOop [44]=NarrowOop [56]=Oop [64]=Oop }
                      ;*bastore {reexecute=0 rethrow=0 return_oop=0}
                      ; - java.lang.Integer::getChars@97 (line 522)
                      ; - java.lang.StringConcatHelper::prepend@12 (line 283)
                      ; - java.lang.StringConcatHelper::prepend@3 (line 301)
                      ; - java.lang.invoke.DirectMethodHandle$Holder::invokeStatic@17
                      ; - java.lang.invoke.LambdaForm$MH/0x000001fb97094400::invoke@28
                      ; - java.lang.invoke.LambdaForm$MH/0x000001fb97095400::invoke@51
                      ; - java.lang.invoke.Invokers$Holder::linkToTargetMethod@5
                      ; - io.github.universityTycoon.MainScreen::draw@868 (line 312)
  0x000001fb87d7c68c: 705c 72ff | baf6 ffff | ff8b 6c24 | 284c 8954 | 2420 6690 

  0x000001fb87d7c6a0: ;   {runtime_call UncommonTrapBlob}
  0x000001fb87d7c6a0: c5f8 77e8 

  0x000001fb87d7c6a4: ; ImmutableOopMap {rbp=NarrowOop [32]=Oop }
                      ;*invokevirtual draw {reexecute=0 rethrow=0 return_oop=0}
                      ; - io.github.universityTycoon.MainScreen::draw@879 (line 312)
  0x000001fb87d7c6a4: 585c 72ff | 410f bee8 | bae4 ffff | ff4c 8b5c | 2438 4c89 | 5c24 204c | 8b5c 2448 | 4c89 5c24 
  0x000001fb87d7c6c4: 384c 895c | 2440 4489 | 5424 5044 | 894c 2458 

  0x000001fb87d7c6d4: ;   {runtime_call UncommonTrapBlob}
  0x000001fb87d7c6d4: c5f8 77e8 

  0x000001fb87d7c6d8: ; ImmutableOopMap {[32]=Oop [40]=NarrowOop [44]=NarrowOop [56]=Oop [64]=Oop }
                      ;*bastore {reexecute=0 rethrow=0 return_oop=0}
                      ; - java.lang.Integer::getChars@97 (line 522)
                      ; - java.lang.StringConcatHelper::prepend@12 (line 283)
                      ; - java.lang.StringConcatHelper::prepend@3 (line 301)
                      ; - java.lang.invoke.DirectMethodHandle$Holder::invokeStatic@17
                      ; - java.lang.invoke.LambdaForm$MH/0x000001fb97094400::invoke@28
                      ; - java.lang.invoke.LambdaForm$MH/0x000001fb97095400::invoke@51
                      ; - java.lang.invoke.Invokers$Holder::linkToTargetMethod@5
                      ; - io.github.universityTycoon.MainScreen::draw@893 (line 313)
  0x000001fb87d7c6d8: 245c 72ff | baf6 ffff | ff8b 6c24 | 284c 8954 | 2420 6690 

  0x000001fb87d7c6ec: ;   {runtime_call UncommonTrapBlob}
  0x000001fb87d7c6ec: c5f8 77e8 

  0x000001fb87d7c6f0: ; ImmutableOopMap {rbp=NarrowOop [32]=Oop }
                      ;*invokevirtual draw {reexecute=0 rethrow=0 return_oop=0}
                      ; - io.github.universityTycoon.MainScreen::draw@904 (line 313)
  0x000001fb87d7c6f0: 0c5c 72ff | baf6 ffff | ff66 6690 

  0x000001fb87d7c6fc: ;   {runtime_call UncommonTrapBlob}
  0x000001fb87d7c6fc: c5f8 77e8 

  0x000001fb87d7c700: ; ImmutableOopMap {}
                      ;*invokevirtual getSeconds {reexecute=0 rethrow=0 return_oop=0}
                      ; - io.github.universityTycoon.MainScreen::draw@918 (line 314)
  0x000001fb87d7c700: fc5b 72ff | 0fbe e9ba | e4ff ffff | 4c8b 5c24 | 384c 895c | 2420 4889 | 5c24 3848 | 895c 2440 
  0x000001fb87d7c720: 4489 4424 | 4c44 8954 | 2458 6690 

  0x000001fb87d7c72c: ;   {runtime_call UncommonTrapBlob}
  0x000001fb87d7c72c: c5f8 77e8 

  0x000001fb87d7c730: ; ImmutableOopMap {[32]=Oop [40]=NarrowOop [44]=NarrowOop [56]=Oop [64]=Oop }
                      ;*bastore {reexecute=0 rethrow=0 return_oop=0}
                      ; - java.lang.Long::getChars@172 (line 570)
                      ; - java.lang.StringConcatHelper::prepend@12 (line 318)
                      ; - java.lang.StringConcatHelper::prepend@3 (line 336)
                      ; - java.lang.invoke.DirectMethodHandle$Holder::invokeStatic@17
                      ; - java.lang.invoke.LambdaForm$MH/0x000001fb97097c00::invoke@28
                      ; - java.lang.invoke.LambdaForm$MH/0x000001fb97099000::invoke@54
                      ; - java.lang.invoke.Invokers$Holder::linkToTargetMethod@5
                      ; - io.github.universityTycoon.MainScreen::draw@925 (line 314)
  0x000001fb87d7c730: cc5b 72ff | baf6 ffff | ff8b 6c24 | 284c 895c | 2420 6690 

  0x000001fb87d7c744: ;   {runtime_call UncommonTrapBlob}
  0x000001fb87d7c744: c5f8 77e8 

  0x000001fb87d7c748: ; ImmutableOopMap {rbp=NarrowOop [32]=Oop }
                      ;*invokevirtual draw {reexecute=0 rethrow=0 return_oop=0}
                      ; - io.github.universityTycoon.MainScreen::draw@936 (line 314)
  0x000001fb87d7c748: b45b 72ff | ba45 ffff | ff48 8b6c | 2438 4489 | 5c24 2090 

  0x000001fb87d7c75c: ;   {runtime_call UncommonTrapBlob}
  0x000001fb87d7c75c: c5f8 77e8 

  0x000001fb87d7c760: ; ImmutableOopMap {rbp=Oop }
                      ;*tableswitch {reexecute=1 rethrow=0 return_oop=0}
                      ; - (reexecute) io.github.universityTycoon.MainScreen::draw@399 (line 287)
  0x000001fb87d7c760: 9c5b 72ff | bade ffff | ff66 6690 

  0x000001fb87d7c76c: ;   {runtime_call UncommonTrapBlob}
  0x000001fb87d7c76c: c5f8 77e8 

  0x000001fb87d7c770: ; ImmutableOopMap {rbp=Oop [40]=NarrowOop [44]=NarrowOop [56]=Oop }
                      ;*invokeinterface toJavaFormatString {reexecute=0 rethrow=0 return_oop=0}
                      ; - jdk.internal.math.FloatingDecimal::toJavaFormatString@4 (line 80)
                      ; - java.lang.Float::toString@1 (line 226)
                      ; - java.lang.String::valueOf@1 (line 4357)
                      ; - java.lang.invoke.LambdaForm$DMH/0x000001fb97095800::invokeStatic@10
                      ; - java.lang.invoke.LambdaForm$MH/0x000001fb97097000::invoke@15
                      ; - java.lang.invoke.LambdaForm$MH/0x000001fb97097400::linkToTargetMethod@5
                      ; - io.github.universityTycoon.MainScreen::draw@793 (line 309)
  0x000001fb87d7c770: 8c5b 72ff | bacc ffff | ff48 8b6c | 2438 448b | 5c24 2844 | 895c 2420 | 448b 5424 | 2c44 8954 
  0x000001fb87d7c790: 2424 4c8b | 9424 8000 | 0000 4c89 | 5424 3890 

  0x000001fb87d7c7a0: ;   {runtime_call UncommonTrapBlob}
  0x000001fb87d7c7a0: c5f8 77e8 

  0x000001fb87d7c7a4: ; ImmutableOopMap {rbp=Oop [32]=NarrowOop [36]=NarrowOop [56]=Oop [124]=NarrowOop [128]=Oop }
                      ;*invokestatic arraycopy {reexecute=0 rethrow=0 return_oop=0}
                      ; - java.lang.String::getBytes@22 (line 4461)
                      ; - java.lang.StringConcatHelper::newArrayWithSuffix@24 (line 477)
                      ; - java.lang.invoke.DirectMethodHandle$Holder::invokeStatic@13
                      ; - java.lang.invoke.LambdaForm$MH/0x000001fb97098400::invoke@23
                      ; - java.lang.invoke.LambdaForm$MH/0x000001fb97097000::invoke@49
                      ; - java.lang.invoke.LambdaForm$MH/0x000001fb97097400::linkToTargetMethod@5
                      ; - io.github.universityTycoon.MainScreen::draw@793 (line 309)
  0x000001fb87d7c7a4: 585b 72ff | bacc ffff | ff48 8b6c | 2438 448b | 5424 2844 | 8954 2420 | 448b 5c24 | 2c44 895c 
  0x000001fb87d7c7c4: 2424 4c8b | 9424 8000 | 0000 4c89 | 5424 2890 

  0x000001fb87d7c7d4: ;   {runtime_call UncommonTrapBlob}
  0x000001fb87d7c7d4: c5f8 77e8 

  0x000001fb87d7c7d8: ; ImmutableOopMap {rbp=Oop [32]=NarrowOop [36]=NarrowOop [40]=Oop [124]=NarrowOop }
                      ;*invokestatic arraycopy {reexecute=0 rethrow=0 return_oop=0}
                      ; - java.lang.String::getBytes@22 (line 4461)
                      ; - java.lang.StringConcatHelper::prepend@21 (line 354)
                      ; - java.lang.StringConcatHelper::prepend@3 (line 373)
                      ; - java.lang.invoke.DirectMethodHandle$Holder::invokeStatic@17
                      ; - java.lang.invoke.LambdaForm$MH/0x000001fb97089400::invoke@28
                      ; - java.lang.invoke.LambdaForm$MH/0x000001fb97097000::invoke@70
                      ; - java.lang.invoke.LambdaForm$MH/0x000001fb97097400::linkToTargetMethod@5
                      ; - io.github.universityTycoon.MainScreen::draw@793 (line 309)
  0x000001fb87d7c7d8: 245b 72ff | bade ffff | ff66 6690 

  0x000001fb87d7c7e4: ;   {runtime_call UncommonTrapBlob}
  0x000001fb87d7c7e4: c5f8 77e8 

  0x000001fb87d7c7e8: ; ImmutableOopMap {rbp=Oop [40]=NarrowOop [44]=NarrowOop [56]=Oop }
                      ;*invokeinterface toJavaFormatString {reexecute=0 rethrow=0 return_oop=0}
                      ; - jdk.internal.math.FloatingDecimal::toJavaFormatString@4 (line 80)
                      ; - java.lang.Float::toString@1 (line 226)
                      ; - java.lang.String::valueOf@1 (line 4357)
                      ; - java.lang.invoke.LambdaForm$DMH/0x000001fb97095800::invokeStatic@10
                      ; - java.lang.invoke.LambdaForm$MH/0x000001fb97097000::invoke@15
                      ; - java.lang.invoke.LambdaForm$MH/0x000001fb97097400::linkToTargetMethod@5
                      ; - io.github.universityTycoon.MainScreen::draw@818 (line 310)
  0x000001fb87d7c7e8: 145b 72ff | bacc ffff | ff48 8b6c | 2438 4c8b | 5424 684c | 8954 2438 | 4c89 5424 | 4066 6690 
  0x000001fb87d7c808: ;   {runtime_call UncommonTrapBlob}
  0x000001fb87d7c808: c5f8 77e8 

  0x000001fb87d7c80c: ; ImmutableOopMap {rbp=Oop [40]=NarrowOop [44]=NarrowOop [56]=Oop [64]=Oop [72]=NarrowOop }
                      ;*invokestatic arraycopy {reexecute=0 rethrow=0 return_oop=0}
                      ; - java.lang.String::getBytes@22 (line 4461)
                      ; - java.lang.StringConcatHelper::prepend@21 (line 354)
                      ; - java.lang.StringConcatHelper::prepend@3 (line 373)
                      ; - java.lang.invoke.DirectMethodHandle$Holder::invokeStatic@17
                      ; - java.lang.invoke.LambdaForm$MH/0x000001fb97089400::invoke@28
                      ; - java.lang.invoke.LambdaForm$MH/0x000001fb97097000::invoke@70
                      ; - java.lang.invoke.LambdaForm$MH/0x000001fb97097400::linkToTargetMethod@5
                      ; - io.github.universityTycoon.MainScreen::draw@818 (line 310)
  0x000001fb87d7c80c: f05a 72ff | bacc ffff | ff48 8b6c | 2438 448b | 5424 2844 | 8954 2420 | 448b 5c24 | 2c44 895c 
  0x000001fb87d7c82c: 2424 4c8b | 5424 684c | 8954 2430 

  0x000001fb87d7c838: ;   {runtime_call UncommonTrapBlob}
  0x000001fb87d7c838: c5f8 77e8 

  0x000001fb87d7c83c: ; ImmutableOopMap {rbp=Oop [32]=NarrowOop [36]=NarrowOop [48]=Oop [104]=Oop }
                      ;*invokestatic arraycopy {reexecute=0 rethrow=0 return_oop=0}
                      ; - java.lang.String::getBytes@22 (line 4461)
                      ; - java.lang.StringConcatHelper::prepend@21 (line 354)
                      ; - java.lang.StringConcatHelper::prepend@16 (line 374)
                      ; - java.lang.invoke.DirectMethodHandle$Holder::invokeStatic@17
                      ; - java.lang.invoke.LambdaForm$MH/0x000001fb97089400::invoke@28
                      ; - java.lang.invoke.LambdaForm$MH/0x000001fb97097000::invoke@70
                      ; - java.lang.invoke.LambdaForm$MH/0x000001fb97097400::linkToTargetMethod@5
                      ; - io.github.universityTycoon.MainScreen::draw@818 (line 310)
  0x000001fb87d7c83c: c05a 72ff | bacc ffff | ff4c 8b54 | 2438 4c89 | 5424 204c | 8b54 2448 | 4889 5c24 | 384c 8954 
  0x000001fb87d7c85c: 2440 6690 

  0x000001fb87d7c860: ;   {runtime_call UncommonTrapBlob}
  0x000001fb87d7c860: c5f8 77e8 

  0x000001fb87d7c864: ; ImmutableOopMap {[32]=Oop [40]=NarrowOop [44]=NarrowOop [64]=Oop [72]=Oop }
                      ;*invokestatic arraycopy {reexecute=0 rethrow=0 return_oop=0}
                      ; - java.lang.String::getBytes@22 (line 4461)
                      ; - java.lang.StringConcatHelper::prepend@21 (line 354)
                      ; - java.lang.StringConcatHelper::prepend@16 (line 302)
                      ; - java.lang.invoke.DirectMethodHandle$Holder::invokeStatic@17
                      ; - java.lang.invoke.LambdaForm$MH/0x000001fb97094400::invoke@28
                      ; - java.lang.invoke.LambdaForm$MH/0x000001fb97095400::invoke@51
                      ; - java.lang.invoke.Invokers$Holder::linkToTargetMethod@5
                      ; - io.github.universityTycoon.MainScreen::draw@843 (line 311)
  0x000001fb87d7c864: 985a 72ff | bae4 ffff | ff4c 8b44 | 2438 4c89 | 4424 2044 | 8954 2438 | 4489 5c24 | 4066 6690 
  0x000001fb87d7c884: ;   {runtime_call UncommonTrapBlob}
  0x000001fb87d7c884: c5f8 77e8 

  0x000001fb87d7c888: ; ImmutableOopMap {rbp=NarrowOop [32]=Oop [40]=NarrowOop [44]=NarrowOop [56]=NarrowOop }
                      ;*aaload {reexecute=0 rethrow=0 return_oop=0}
                      ; - java.lang.ThreadLocal$ThreadLocalMap::getEntry@18 (line 435)
                      ; - java.lang.ThreadLocal::get@16 (line 165)
                      ; - jdk.internal.math.FloatingDecimal::getBinaryToASCIIBuffer@3 (line 986)
                      ; - jdk.internal.math.FloatingDecimal::getBinaryToASCIIConverter@134 (line 1822)
                      ; - jdk.internal.math.FloatingDecimal::toJavaFormatString@1 (line 80)
                      ; - java.lang.Float::toString@1 (line 226)
                      ; - java.lang.String::valueOf@1 (line 4357)
                      ; - java.lang.invoke.LambdaForm$DMH/0x000001fb97095800::invokeStatic@10
                      ; - java.lang.invoke.LambdaForm$MH/0x000001fb97097000::invoke@15
                      ; - java.lang.invoke.LambdaForm$MH/0x000001fb97097400::linkToTargetMethod@5
                      ; - io.github.universityTycoon.MainScreen::draw@793 (line 309)
  0x000001fb87d7c888: 745a 72ff | bacc ffff | ff4c 8b54 | 2438 4c89 | 5424 204c | 8b54 2448 | 4889 5c24 | 384c 8954 
  0x000001fb87d7c8a8: 2440 6690 

  0x000001fb87d7c8ac: ;   {runtime_call UncommonTrapBlob}
  0x000001fb87d7c8ac: c5f8 77e8 

  0x000001fb87d7c8b0: ; ImmutableOopMap {[32]=Oop [40]=NarrowOop [44]=NarrowOop [64]=Oop [72]=Oop }
                      ;*invokestatic arraycopy {reexecute=0 rethrow=0 return_oop=0}
                      ; - java.lang.String::getBytes@22 (line 4461)
                      ; - java.lang.StringConcatHelper::prepend@21 (line 354)
                      ; - java.lang.StringConcatHelper::prepend@16 (line 302)
                      ; - java.lang.invoke.DirectMethodHandle$Holder::invokeStatic@17
                      ; - java.lang.invoke.LambdaForm$MH/0x000001fb97094400::invoke@28
                      ; - java.lang.invoke.LambdaForm$MH/0x000001fb97095400::invoke@51
                      ; - java.lang.invoke.Invokers$Holder::linkToTargetMethod@5
                      ; - io.github.universityTycoon.MainScreen::draw@868 (line 312)
  0x000001fb87d7c8b0: 4c5a 72ff | bacc ffff | ff4c 8b54 | 2438 4c89 | 5424 204c | 8b54 2448 | 4889 5c24 | 384c 8954 
  0x000001fb87d7c8d0: 2440 6690 

  0x000001fb87d7c8d4: ;   {runtime_call UncommonTrapBlob}
  0x000001fb87d7c8d4: c5f8 77e8 

  0x000001fb87d7c8d8: ; ImmutableOopMap {[32]=Oop [40]=NarrowOop [44]=NarrowOop [64]=Oop [72]=Oop }
                      ;*invokestatic arraycopy {reexecute=0 rethrow=0 return_oop=0}
                      ; - java.lang.String::getBytes@22 (line 4461)
                      ; - java.lang.StringConcatHelper::prepend@21 (line 354)
                      ; - java.lang.StringConcatHelper::prepend@16 (line 302)
                      ; - java.lang.invoke.DirectMethodHandle$Holder::invokeStatic@17
                      ; - java.lang.invoke.LambdaForm$MH/0x000001fb97094400::invoke@28
                      ; - java.lang.invoke.LambdaForm$MH/0x000001fb97095400::invoke@51
                      ; - java.lang.invoke.Invokers$Holder::linkToTargetMethod@5
                      ; - io.github.universityTycoon.MainScreen::draw@893 (line 313)
  0x000001fb87d7c8d8: 245a 72ff | bae4 ffff | ff4c 8b5c | 2438 4c89 | 5c24 2044 | 8944 2438 | 4489 5424 | 4066 6690 
  0x000001fb87d7c8f8: ;   {runtime_call UncommonTrapBlob}
  0x000001fb87d7c8f8: c5f8 77e8 

  0x000001fb87d7c8fc: ; ImmutableOopMap {rbp=NarrowOop [32]=Oop [40]=NarrowOop [44]=NarrowOop [56]=NarrowOop }
                      ;*aaload {reexecute=0 rethrow=0 return_oop=0}
                      ; - java.lang.ThreadLocal$ThreadLocalMap::getEntry@18 (line 435)
                      ; - java.lang.ThreadLocal::get@16 (line 165)
                      ; - jdk.internal.math.FloatingDecimal::getBinaryToASCIIBuffer@3 (line 986)
                      ; - jdk.internal.math.FloatingDecimal::getBinaryToASCIIConverter@134 (line 1822)
                      ; - jdk.internal.math.FloatingDecimal::toJavaFormatString@1 (line 80)
                      ; - java.lang.Float::toString@1 (line 226)
                      ; - java.lang.String::valueOf@1 (line 4357)
                      ; - java.lang.invoke.LambdaForm$DMH/0x000001fb97095800::invokeStatic@10
                      ; - java.lang.invoke.LambdaForm$MH/0x000001fb97097000::invoke@15
                      ; - java.lang.invoke.LambdaForm$MH/0x000001fb97097400::linkToTargetMethod@5
                      ; - io.github.universityTycoon.MainScreen::draw@818 (line 310)
  0x000001fb87d7c8fc: 005a 72ff | bacc ffff | ff48 8b6c | 2438 448b | 5c24 2c44 | 895c 2420 | 448b 5424 | 2844 8954 
  0x000001fb87d7c91c: 2424 4c8b | 5424 304c | 8954 2428 | 4c8b 5424 | 404c 8954 | 2430 4889 | 7424 4089 | 4424 4890 
  0x000001fb87d7c93c: ;   {runtime_call UncommonTrapBlob}
  0x000001fb87d7c93c: c5f8 77e8 

  0x000001fb87d7c940: ; ImmutableOopMap {rbp=Oop [32]=NarrowOop [36]=NarrowOop [64]=Oop }
                      ;*invokestatic arraycopy {reexecute=0 rethrow=0 return_oop=0}
                      ; - java.lang.String::getBytes@22 (line 4461)
                      ; - java.lang.StringConcatHelper::newArrayWithSuffix@24 (line 477)
                      ; - java.lang.invoke.DirectMethodHandle$Holder::invokeStatic@13
                      ; - java.lang.invoke.LambdaForm$MH/0x000001fb97098400::invoke@23
                      ; - java.lang.invoke.LambdaForm$MH/0x000001fb97099000::invoke@33
                      ; - java.lang.invoke.Invokers$Holder::linkToTargetMethod@5
                      ; - io.github.universityTycoon.MainScreen::draw@925 (line 314)
  0x000001fb87d7c940: bc59 72ff | bacc ffff | ff4c 8b54 | 2438 4c89 | 5424 2048 | 897c 2438 | 4889 5c24 | 4066 6690 
  0x000001fb87d7c960: ;   {runtime_call UncommonTrapBlob}
  0x000001fb87d7c960: c5f8 77e8 

  0x000001fb87d7c964: ; ImmutableOopMap {[32]=Oop [40]=NarrowOop [44]=NarrowOop [64]=Oop }
                      ;*invokestatic arraycopy {reexecute=0 rethrow=0 return_oop=0}
                      ; - java.lang.String::getBytes@22 (line 4461)
                      ; - java.lang.StringConcatHelper::prepend@21 (line 354)
                      ; - java.lang.StringConcatHelper::prepend@16 (line 337)
                      ; - java.lang.invoke.DirectMethodHandle$Holder::invokeStatic@17
                      ; - java.lang.invoke.LambdaForm$MH/0x000001fb97097c00::invoke@28
                      ; - java.lang.invoke.LambdaForm$MH/0x000001fb97099000::invoke@54
                      ; - java.lang.invoke.Invokers$Holder::linkToTargetMethod@5
                      ; - io.github.universityTycoon.MainScreen::draw@925 (line 314)
  0x000001fb87d7c964: 9859 72ff | ba45 ffff | ff4c 8b44 | 2438 4c89 | 4424 2044 | 8954 2438 | 4489 5c24 | 3c66 6690 
  0x000001fb87d7c984: ;   {runtime_call UncommonTrapBlob}
  0x000001fb87d7c984: c5f8 77e8 

  0x000001fb87d7c988: ; ImmutableOopMap {rbp=NarrowOop [32]=Oop [40]=NarrowOop [44]=NarrowOop [56]=NarrowOop }
                      ;*ifeq {reexecute=1 rethrow=0 return_oop=0}
                      ; - (reexecute) java.lang.ThreadLocal$ThreadLocalMap::getEntry@29 (line 436)
                      ; - java.lang.ThreadLocal::get@16 (line 165)
                      ; - jdk.internal.math.FloatingDecimal::getBinaryToASCIIBuffer@3 (line 986)
                      ; - jdk.internal.math.FloatingDecimal::getBinaryToASCIIConverter@134 (line 1822)
                      ; - jdk.internal.math.FloatingDecimal::toJavaFormatString@1 (line 80)
                      ; - java.lang.Float::toString@1 (line 226)
                      ; - java.lang.String::valueOf@1 (line 4357)
                      ; - java.lang.invoke.LambdaForm$DMH/0x000001fb97095800::invokeStatic@10
                      ; - java.lang.invoke.LambdaForm$MH/0x000001fb97097000::invoke@15
                      ; - java.lang.invoke.LambdaForm$MH/0x000001fb97097400::linkToTargetMethod@5
                      ; - io.github.universityTycoon.MainScreen::draw@793 (line 309)
  0x000001fb87d7c988: 7459 72ff | ba45 ffff | ff4c 8b5c | 2438 4c89 | 5c24 2044 | 8944 2438 | 4489 5424 | 3c66 6690 
  0x000001fb87d7c9a8: ;   {runtime_call UncommonTrapBlob}
  0x000001fb87d7c9a8: c5f8 77e8 

  0x000001fb87d7c9ac: ; ImmutableOopMap {rbp=NarrowOop [32]=Oop [40]=NarrowOop [44]=NarrowOop [56]=NarrowOop }
                      ;*ifeq {reexecute=1 rethrow=0 return_oop=0}
                      ; - (reexecute) java.lang.ThreadLocal$ThreadLocalMap::getEntry@29 (line 436)
                      ; - java.lang.ThreadLocal::get@16 (line 165)
                      ; - jdk.internal.math.FloatingDecimal::getBinaryToASCIIBuffer@3 (line 986)
                      ; - jdk.internal.math.FloatingDecimal::getBinaryToASCIIConverter@134 (line 1822)
                      ; - jdk.internal.math.FloatingDecimal::toJavaFormatString@1 (line 80)
                      ; - java.lang.Float::toString@1 (line 226)
                      ; - java.lang.String::valueOf@1 (line 4357)
                      ; - java.lang.invoke.LambdaForm$DMH/0x000001fb97095800::invokeStatic@10
                      ; - java.lang.invoke.LambdaForm$MH/0x000001fb97097000::invoke@15
                      ; - java.lang.invoke.LambdaForm$MH/0x000001fb97097400::linkToTargetMethod@5
                      ; - io.github.universityTycoon.MainScreen::draw@818 (line 310)
  0x000001fb87d7c9ac: 5059 72ff | 4c63 d8e9 | bf91 ffff | 4c63 d8e9 | db96 ffff | 4d63 c9e9 | 7a72 ffff | baf6 ffff 
  0x000001fb87d7c9cc: ff8b 6c24 | 2c4c 8954 | 2420 6690 

  0x000001fb87d7c9d8: ;   {runtime_call UncommonTrapBlob}
  0x000001fb87d7c9d8: c5f8 77e8 

  0x000001fb87d7c9dc: ; ImmutableOopMap {rbp=NarrowOop [32]=Oop }
                      ;*invokevirtual draw {reexecute=0 rethrow=0 return_oop=0}
                      ; - io.github.universityTycoon.MainScreen::draw@669 (line 302)
  0x000001fb87d7c9dc: 2059 72ff | 4d63 cbe9 | 2177 ffff | baf6 ffff | ff8b 6c24 | 284c 8954 | 2420 6690 

  0x000001fb87d7c9f8: ;   {runtime_call UncommonTrapBlob}
  0x000001fb87d7c9f8: c5f8 77e8 

  0x000001fb87d7c9fc: ; ImmutableOopMap {rbp=NarrowOop [32]=Oop }
                      ;*invokevirtual draw {reexecute=0 rethrow=0 return_oop=0}
                      ; - io.github.universityTycoon.MainScreen::draw@694 (line 303)
  0x000001fb87d7c9fc: 0059 72ff | 410f beea | bae4 ffff | ff4c 8b54 | 2438 4c89 | 5424 204c | 8b54 2458 | 4c89 5424 
  0x000001fb87d7ca1c: 384c 8954 | 2440 4489 | 5c24 4844 | 896c 2458 

  0x000001fb87d7ca2c: ;   {runtime_call UncommonTrapBlob}
  0x000001fb87d7ca2c: c5f8 77e8 

  0x000001fb87d7ca30: ; ImmutableOopMap {[32]=Oop [40]=NarrowOop [44]=NarrowOop [56]=Oop [64]=Oop }
                      ;*bastore {reexecute=0 rethrow=0 return_oop=0}
                      ; - java.lang.Integer::getChars@97 (line 522)
                      ; - java.lang.StringConcatHelper::prepend@12 (line 283)
                      ; - java.lang.StringConcatHelper::prepend@3 (line 301)
                      ; - java.lang.invoke.DirectMethodHandle$Holder::invokeStatic@17
                      ; - java.lang.invoke.LambdaForm$MH/0x000001fb97094400::invoke@28
                      ; - java.lang.invoke.LambdaForm$MH/0x000001fb97095400::invoke@51
                      ; - java.lang.invoke.Invokers$Holder::linkToTargetMethod@5
                      ; - io.github.universityTycoon.MainScreen::draw@708 (line 304)
  0x000001fb87d7ca30: cc58 72ff | baf6 ffff | ff8b 6c24 | 284c 8954 | 2420 6690 

  0x000001fb87d7ca44: ;   {runtime_call UncommonTrapBlob}
  0x000001fb87d7ca44: c5f8 77e8 

  0x000001fb87d7ca48: ; ImmutableOopMap {rbp=NarrowOop [32]=Oop }
                      ;*invokevirtual draw {reexecute=0 rethrow=0 return_oop=0}
                      ; - io.github.universityTycoon.MainScreen::draw@719 (line 304)
  0x000001fb87d7ca48: b458 72ff | 410f beea | bae4 ffff | ff4c 8b54 | 2438 4c89 | 5424 204c | 8b54 2458 | 4c89 5424 
  0x000001fb87d7ca68: 384c 8954 | 2440 4489 | 4424 4889 | 4424 5890 

  0x000001fb87d7ca78: ;   {runtime_call UncommonTrapBlob}
  0x000001fb87d7ca78: c5f8 77e8 

  0x000001fb87d7ca7c: ; ImmutableOopMap {[32]=Oop [40]=NarrowOop [44]=NarrowOop [56]=Oop [64]=Oop }
                      ;*bastore {reexecute=0 rethrow=0 return_oop=0}
                      ; - java.lang.Integer::getChars@97 (line 522)
                      ; - java.lang.StringConcatHelper::prepend@12 (line 283)
                      ; - java.lang.StringConcatHelper::prepend@3 (line 301)
                      ; - java.lang.invoke.DirectMethodHandle$Holder::invokeStatic@17
                      ; - java.lang.invoke.LambdaForm$MH/0x000001fb97094400::invoke@28
                      ; - java.lang.invoke.LambdaForm$MH/0x000001fb97095400::invoke@51
                      ; - java.lang.invoke.Invokers$Holder::linkToTargetMethod@5
                      ; - io.github.universityTycoon.MainScreen::draw@733 (line 305)
  0x000001fb87d7ca7c: 8058 72ff | baf6 ffff | ff8b 6c24 | 284c 8954 | 2420 6690 

  0x000001fb87d7ca90: ;   {runtime_call UncommonTrapBlob}
  0x000001fb87d7ca90: c5f8 77e8 

  0x000001fb87d7ca94: ; ImmutableOopMap {rbp=NarrowOop [32]=Oop }
                      ;*invokevirtual draw {reexecute=0 rethrow=0 return_oop=0}
                      ; - io.github.universityTycoon.MainScreen::draw@744 (line 305)
  0x000001fb87d7ca94: 6858 72ff | baf6 ffff | ff66 6690 

  0x000001fb87d7caa0: ;   {runtime_call UncommonTrapBlob}
  0x000001fb87d7caa0: c5f8 77e8 

  0x000001fb87d7caa4: ; ImmutableOopMap {}
                      ;*invokevirtual getSeconds {reexecute=0 rethrow=0 return_oop=0}
                      ; - io.github.universityTycoon.MainScreen::draw@758 (line 306)
  0x000001fb87d7caa4: 5858 72ff | 0fbe e9ba | e4ff ffff | 4c8b 5c24 | 384c 895c | 2420 4889 | 5c24 3848 | 895c 2440 
  0x000001fb87d7cac4: 4489 4c24 | 4c44 8954 | 2458 6690 

  0x000001fb87d7cad0: ;   {runtime_call UncommonTrapBlob}
  0x000001fb87d7cad0: c5f8 77e8 

  0x000001fb87d7cad4: ; ImmutableOopMap {[32]=Oop [40]=NarrowOop [44]=NarrowOop [56]=Oop [64]=Oop }
                      ;*bastore {reexecute=0 rethrow=0 return_oop=0}
                      ; - java.lang.Long::getChars@172 (line 570)
                      ; - java.lang.StringConcatHelper::prepend@12 (line 318)
                      ; - java.lang.StringConcatHelper::prepend@3 (line 336)
                      ; - java.lang.invoke.DirectMethodHandle$Holder::invokeStatic@17
                      ; - java.lang.invoke.LambdaForm$MH/0x000001fb97097c00::invoke@28
                      ; - java.lang.invoke.LambdaForm$MH/0x000001fb97099000::invoke@54
                      ; - java.lang.invoke.Invokers$Holder::linkToTargetMethod@5
                      ; - io.github.universityTycoon.MainScreen::draw@765 (line 306)
  0x000001fb87d7cad4: 2858 72ff | baf6 ffff | ff8b 6c24 | 284c 894c | 2420 6690 

  0x000001fb87d7cae8: ;   {runtime_call UncommonTrapBlob}
  0x000001fb87d7cae8: c5f8 77e8 

  0x000001fb87d7caec: ; ImmutableOopMap {rbp=NarrowOop [32]=Oop }
                      ;*invokevirtual draw {reexecute=0 rethrow=0 return_oop=0}
                      ; - io.github.universityTycoon.MainScreen::draw@776 (line 306)
  0x000001fb87d7caec: 1058 72ff | bace ffff | ff48 8b6c | 2438 448b | 5c24 2844 | 895c 2420 | 448b 4c24 | 2c44 894c 
  0x000001fb87d7cb0c: 2424 448b | 5c24 5044 | 8b4c 2444 | 4489 4c24 | 2c44 895c | 2434 4c89 | 5424 4044 | 8944 2448 
  0x000001fb87d7cb2c: ;   {runtime_call UncommonTrapBlob}
  0x000001fb87d7cb2c: c5f8 77e8 

  0x000001fb87d7cb30: ; ImmutableOopMap {rbp=Oop [32]=NarrowOop [36]=NarrowOop [52]=NarrowOop [64]=Oop [80]=NarrowOop }
                      ;*invokestatic compress {reexecute=0 rethrow=0 return_oop=0}
                      ; - java.lang.StringUTF16::compress@9 (line 162)
                      ; - java.lang.String::<init>@36 (line 4503)
                      ; - java.lang.String::<init>@10 (line 300)
                      ; - jdk.internal.math.FloatingDecimal$BinaryToASCIIBuffer::toJavaFormatString@19 (line 302)
                      ; - jdk.internal.math.FloatingDecimal::toJavaFormatString@4 (line 80)
                      ; - java.lang.Float::toString@1 (line 226)
                      ; - java.lang.String::valueOf@1 (line 4357)
                      ; - java.lang.invoke.LambdaForm$DMH/0x000001fb97095800::invokeStatic@10
                      ; - java.lang.invoke.LambdaForm$MH/0x000001fb97097000::invoke@15
                      ; - java.lang.invoke.LambdaForm$MH/0x000001fb97097400::linkToTargetMethod@5
                      ; - io.github.universityTycoon.MainScreen::draw@793 (line 309)
  0x000001fb87d7cb30: cc57 72ff | bace ffff | ff48 8b6c | 2438 448b | 4c24 2844 | 894c 2420 | 448b 4424 | 2c44 8944 
  0x000001fb87d7cb50: 2424 448b | 4424 3044 | 8944 242c | 4c89 5424 | 4044 895c | 2448 6690 

  0x000001fb87d7cb68: ;   {runtime_call UncommonTrapBlob}
  0x000001fb87d7cb68: c5f8 77e8 

  0x000001fb87d7cb6c: ; ImmutableOopMap {rbp=Oop [32]=NarrowOop [36]=NarrowOop [52]=NarrowOop [64]=Oop }
                      ;*invokestatic compress {reexecute=0 rethrow=0 return_oop=0}
                      ; - java.lang.StringUTF16::compress@9 (line 162)
                      ; - java.lang.String::<init>@36 (line 4503)
                      ; - java.lang.String::<init>@10 (line 300)
                      ; - jdk.internal.math.FloatingDecimal$BinaryToASCIIBuffer::toJavaFormatString@19 (line 302)
                      ; - jdk.internal.math.FloatingDecimal::toJavaFormatString@4 (line 80)
                      ; - java.lang.Float::toString@1 (line 226)
                      ; - java.lang.String::valueOf@1 (line 4357)
                      ; - java.lang.invoke.LambdaForm$DMH/0x000001fb97095800::invokeStatic@10
                      ; - java.lang.invoke.LambdaForm$MH/0x000001fb97097000::invoke@15
                      ; - java.lang.invoke.LambdaForm$MH/0x000001fb97097400::linkToTargetMethod@5
                      ; - io.github.universityTycoon.MainScreen::draw@818 (line 310)
  0x000001fb87d7cb6c: 9057 72ff | bade ffff | ff66 6690 

  0x000001fb87d7cb78: ;   {runtime_call UncommonTrapBlob}
  0x000001fb87d7cb78: c5f8 77e8 

  0x000001fb87d7cb7c: ; ImmutableOopMap {rbp=Oop [40]=NarrowOop [44]=NarrowOop [56]=Oop }
                      ;*invokeinterface toJavaFormatString {reexecute=0 rethrow=0 return_oop=0}
                      ; - jdk.internal.math.FloatingDecimal::toJavaFormatString@4 (line 80)
                      ; - java.lang.Float::toString@1 (line 226)
                      ; - java.lang.String::valueOf@1 (line 4357)
                      ; - java.lang.invoke.LambdaForm$DMH/0x000001fb97095800::invokeStatic@10
                      ; - java.lang.invoke.LambdaForm$MH/0x000001fb97097000::invoke@15
                      ; - java.lang.invoke.LambdaForm$MH/0x000001fb97097400::linkToTargetMethod@5
                      ; - io.github.universityTycoon.MainScreen::draw@658 (line 302)
  0x000001fb87d7cb7c: 8057 72ff | bacc ffff | ff48 8b6c | 2438 448b | 5c24 2844 | 895c 2420 | 448b 5424 | 2c44 8954 
  0x000001fb87d7cb9c: 2424 4c8b | 5424 704c | 8954 2430 | 4c89 5424 | 4066 6690 

  0x000001fb87d7cbb0: ;   {runtime_call UncommonTrapBlob}
  0x000001fb87d7cbb0: c5f8 77e8 

  0x000001fb87d7cbb4: ; ImmutableOopMap {rbp=Oop [32]=NarrowOop [36]=NarrowOop [48]=Oop [64]=Oop [104]=NarrowOop }
                      ;*invokestatic arraycopy {reexecute=0 rethrow=0 return_oop=0}
                      ; - java.lang.String::getBytes@22 (line 4461)
                      ; - java.lang.StringConcatHelper::prepend@21 (line 354)
                      ; - java.lang.StringConcatHelper::prepend@3 (line 373)
                      ; - java.lang.invoke.DirectMethodHandle$Holder::invokeStatic@17
                      ; - java.lang.invoke.LambdaForm$MH/0x000001fb97089400::invoke@28
                      ; - java.lang.invoke.LambdaForm$MH/0x000001fb97097000::invoke@70
                      ; - java.lang.invoke.LambdaForm$MH/0x000001fb97097400::linkToTargetMethod@5
                      ; - io.github.universityTycoon.MainScreen::draw@658 (line 302)
  0x000001fb87d7cbb4: 4857 72ff | bacc ffff | ff48 8b6c | 2438 448b | 5424 2844 | 8954 2420 | 448b 5c24 | 2c44 895c 
  0x000001fb87d7cbd4: 2424 4c8b | 5424 704c | 8954 2430 

  0x000001fb87d7cbe0: ;   {runtime_call UncommonTrapBlob}
  0x000001fb87d7cbe0: c5f8 77e8 

  0x000001fb87d7cbe4: ; ImmutableOopMap {rbp=Oop [32]=NarrowOop [36]=NarrowOop [48]=Oop [112]=Oop }
                      ;*invokestatic arraycopy {reexecute=0 rethrow=0 return_oop=0}
                      ; - java.lang.String::getBytes@22 (line 4461)
                      ; - java.lang.StringConcatHelper::prepend@21 (line 354)
                      ; - java.lang.StringConcatHelper::prepend@16 (line 374)
                      ; - java.lang.invoke.DirectMethodHandle$Holder::invokeStatic@17
                      ; - java.lang.invoke.LambdaForm$MH/0x000001fb97089400::invoke@28
                      ; - java.lang.invoke.LambdaForm$MH/0x000001fb97097000::invoke@70
                      ; - java.lang.invoke.LambdaForm$MH/0x000001fb97097400::linkToTargetMethod@5
                      ; - io.github.universityTycoon.MainScreen::draw@658 (line 302)
  0x000001fb87d7cbe4: 1857 72ff | bade ffff | ff66 6690 

  0x000001fb87d7cbf0: ;   {runtime_call UncommonTrapBlob}
  0x000001fb87d7cbf0: c5f8 77e8 

  0x000001fb87d7cbf4: ; ImmutableOopMap {rbp=Oop [40]=NarrowOop [44]=NarrowOop [56]=Oop }
                      ;*invokeinterface toJavaFormatString {reexecute=0 rethrow=0 return_oop=0}
                      ; - jdk.internal.math.FloatingDecimal::toJavaFormatString@4 (line 80)
                      ; - java.lang.Float::toString@1 (line 226)
                      ; - java.lang.String::valueOf@1 (line 4357)
                      ; - java.lang.invoke.LambdaForm$DMH/0x000001fb97095800::invokeStatic@10
                      ; - java.lang.invoke.LambdaForm$MH/0x000001fb97097000::invoke@15
                      ; - java.lang.invoke.LambdaForm$MH/0x000001fb97097400::linkToTargetMethod@5
                      ; - io.github.universityTycoon.MainScreen::draw@683 (line 303)
  0x000001fb87d7cbf4: 0857 72ff | bacc ffff | ff48 8b6c | 2438 448b | 5c24 2c44 | 895c 2424 | 4c8b 5424 | 584c 8954 
  0x000001fb87d7cc14: 2440 4c89 | 5424 4890 

  0x000001fb87d7cc1c: ;   {runtime_call UncommonTrapBlob}
  0x000001fb87d7cc1c: c5f8 77e8 

  0x000001fb87d7cc20: ; ImmutableOopMap {rbp=Oop [32]=NarrowOop [36]=NarrowOop [40]=NarrowOop [64]=Oop [72]=Oop }
                      ;*invokestatic arraycopy {reexecute=0 rethrow=0 return_oop=0}
                      ; - java.lang.String::getBytes@22 (line 4461)
                      ; - java.lang.StringConcatHelper::prepend@21 (line 354)
                      ; - java.lang.StringConcatHelper::prepend@3 (line 373)
                      ; - java.lang.invoke.DirectMethodHandle$Holder::invokeStatic@17
                      ; - java.lang.invoke.LambdaForm$MH/0x000001fb97089400::invoke@28
                      ; - java.lang.invoke.LambdaForm$MH/0x000001fb97097000::invoke@70
                      ; - java.lang.invoke.LambdaForm$MH/0x000001fb97097400::linkToTargetMethod@5
                      ; - io.github.universityTycoon.MainScreen::draw@683 (line 303)
  0x000001fb87d7cc20: dc56 72ff | bacc ffff | ff48 8b6c | 2438 448b | 5424 2c44 | 8954 2420 | 448b 5c24 | 2844 895c 
  0x000001fb87d7cc40: 2424 4c8b | 5424 584c | 8954 2430 

  0x000001fb87d7cc4c: ;   {runtime_call UncommonTrapBlob}
  0x000001fb87d7cc4c: c5f8 77e8 

  0x000001fb87d7cc50: ; ImmutableOopMap {rbp=Oop [32]=NarrowOop [36]=NarrowOop [48]=Oop [88]=Oop }
                      ;*invokestatic arraycopy {reexecute=0 rethrow=0 return_oop=0}
                      ; - java.lang.String::getBytes@22 (line 4461)
                      ; - java.lang.StringConcatHelper::prepend@21 (line 354)
                      ; - java.lang.StringConcatHelper::prepend@16 (line 374)
                      ; - java.lang.invoke.DirectMethodHandle$Holder::invokeStatic@17
                      ; - java.lang.invoke.LambdaForm$MH/0x000001fb97089400::invoke@28
                      ; - java.lang.invoke.LambdaForm$MH/0x000001fb97097000::invoke@70
                      ; - java.lang.invoke.LambdaForm$MH/0x000001fb97097400::linkToTargetMethod@5
                      ; - io.github.universityTycoon.MainScreen::draw@683 (line 303)
  0x000001fb87d7cc50: ac56 72ff | bacc ffff | ff44 8b54 | 242c 4489 | 5424 244c | 8b54 2458 | 4c89 5424 | 4089 4424 
  0x000001fb87d7cc70: 2c66 6690 

  0x000001fb87d7cc74: ;   {runtime_call UncommonTrapBlob}
  0x000001fb87d7cc74: c5f8 77e8 

  0x000001fb87d7cc78: ; ImmutableOopMap {rbp=Oop [36]=NarrowOop [40]=NarrowOop [64]=Oop [88]=Oop }
                      ;*invokestatic arraycopy {reexecute=0 rethrow=0 return_oop=0}
                      ; - java.lang.String::getBytes@22 (line 4461)
                      ; - java.lang.StringConcatHelper::newArrayWithSuffix@24 (line 477)
                      ; - java.lang.invoke.DirectMethodHandle$Holder::invokeStatic@13
                      ; - java.lang.invoke.LambdaForm$MH/0x000001fb97098400::invoke@23
                      ; - java.lang.invoke.LambdaForm$MH/0x000001fb97095400::invoke@31
                      ; - java.lang.invoke.Invokers$Holder::linkToTargetMethod@5
                      ; - io.github.universityTycoon.MainScreen::draw@708 (line 304)
  0x000001fb87d7cc78: 8456 72ff | bae4 ffff | ff4c 8b54 | 2438 4c89 | 5424 2044 | 894c 2438 | 4489 5c24 | 4066 6690 
  0x000001fb87d7cc98: ;   {runtime_call UncommonTrapBlob}
  0x000001fb87d7cc98: c5f8 77e8 

  0x000001fb87d7cc9c: ; ImmutableOopMap {rbp=NarrowOop [32]=Oop [40]=NarrowOop [44]=NarrowOop [56]=NarrowOop }
                      ;*aaload {reexecute=0 rethrow=0 return_oop=0}
                      ; - java.lang.ThreadLocal$ThreadLocalMap::getEntry@18 (line 435)
                      ; - java.lang.ThreadLocal::get@16 (line 165)
                      ; - jdk.internal.math.FloatingDecimal::getBinaryToASCIIBuffer@3 (line 986)
                      ; - jdk.internal.math.FloatingDecimal::getBinaryToASCIIConverter@134 (line 1822)
                      ; - jdk.internal.math.FloatingDecimal::toJavaFormatString@1 (line 80)
                      ; - java.lang.Float::toString@1 (line 226)
                      ; - java.lang.String::valueOf@1 (line 4357)
                      ; - java.lang.invoke.LambdaForm$DMH/0x000001fb97095800::invokeStatic@10
                      ; - java.lang.invoke.LambdaForm$MH/0x000001fb97097000::invoke@15
                      ; - java.lang.invoke.LambdaForm$MH/0x000001fb97097400::linkToTargetMethod@5
                      ; - io.github.universityTycoon.MainScreen::draw@658 (line 302)
  0x000001fb87d7cc9c: 6056 72ff | bacc ffff | ff4c 8b54 | 2438 4c89 | 5424 204c | 8b54 2458 | 4889 5c24 | 384c 8954 
  0x000001fb87d7ccbc: 2440 6690 

  0x000001fb87d7ccc0: ;   {runtime_call UncommonTrapBlob}
  0x000001fb87d7ccc0: c5f8 77e8 

  0x000001fb87d7ccc4: ; ImmutableOopMap {[32]=Oop [40]=NarrowOop [44]=NarrowOop [64]=Oop [88]=Oop }
                      ;*invokestatic arraycopy {reexecute=0 rethrow=0 return_oop=0}
                      ; - java.lang.String::getBytes@22 (line 4461)
                      ; - java.lang.StringConcatHelper::prepend@21 (line 354)
                      ; - java.lang.StringConcatHelper::prepend@16 (line 302)
                      ; - java.lang.invoke.DirectMethodHandle$Holder::invokeStatic@17
                      ; - java.lang.invoke.LambdaForm$MH/0x000001fb97094400::invoke@28
                      ; - java.lang.invoke.LambdaForm$MH/0x000001fb97095400::invoke@51
                      ; - java.lang.invoke.Invokers$Holder::linkToTargetMethod@5
                      ; - io.github.universityTycoon.MainScreen::draw@708 (line 304)
  0x000001fb87d7ccc4: 3856 72ff | bacc ffff | ff44 8b5c | 242c 4489 | 5c24 244c | 8b54 2458 | 4c89 5424 | 4089 7424 
  0x000001fb87d7cce4: 2c66 6690 

  0x000001fb87d7cce8: ;   {runtime_call UncommonTrapBlob}
  0x000001fb87d7cce8: c5f8 77e8 

  0x000001fb87d7ccec: ; ImmutableOopMap {rbp=Oop [36]=NarrowOop [40]=NarrowOop [64]=Oop [88]=Oop }
                      ;*invokestatic arraycopy {reexecute=0 rethrow=0 return_oop=0}
                      ; - java.lang.String::getBytes@22 (line 4461)
                      ; - java.lang.StringConcatHelper::newArrayWithSuffix@24 (line 477)
                      ; - java.lang.invoke.DirectMethodHandle$Holder::invokeStatic@13
                      ; - java.lang.invoke.LambdaForm$MH/0x000001fb97098400::invoke@23
                      ; - java.lang.invoke.LambdaForm$MH/0x000001fb97095400::invoke@31
                      ; - java.lang.invoke.Invokers$Holder::linkToTargetMethod@5
                      ; - io.github.universityTycoon.MainScreen::draw@733 (line 305)
  0x000001fb87d7ccec: 1056 72ff | bacc ffff | ff4c 8b54 | 2438 4c89 | 5424 204c | 8b54 2458 | 4889 5c24 | 384c 8954 
  0x000001fb87d7cd0c: 2440 6690 

  0x000001fb87d7cd10: ;   {runtime_call UncommonTrapBlob}
  0x000001fb87d7cd10: c5f8 77e8 

  0x000001fb87d7cd14: ; ImmutableOopMap {[32]=Oop [40]=NarrowOop [44]=NarrowOop [64]=Oop [88]=Oop }
                      ;*invokestatic arraycopy {reexecute=0 rethrow=0 return_oop=0}
                      ; - java.lang.String::getBytes@22 (line 4461)
                      ; - java.lang.StringConcatHelper::prepend@21 (line 354)
                      ; - java.lang.StringConcatHelper::prepend@16 (line 302)
                      ; - java.lang.invoke.DirectMethodHandle$Holder::invokeStatic@17
                      ; - java.lang.invoke.LambdaForm$MH/0x000001fb97094400::invoke@28
                      ; - java.lang.invoke.LambdaForm$MH/0x000001fb97095400::invoke@51
                      ; - java.lang.invoke.Invokers$Holder::linkToTargetMethod@5
                      ; - io.github.universityTycoon.MainScreen::draw@733 (line 305)
  0x000001fb87d7cd14: e855 72ff | bae4 ffff | ff4c 8b44 | 2438 4c89 | 4424 2044 | 8954 2438 | 4489 5c24 | 4066 6690 
  0x000001fb87d7cd34: ;   {runtime_call UncommonTrapBlob}
  0x000001fb87d7cd34: c5f8 77e8 

  0x000001fb87d7cd38: ; ImmutableOopMap {rbp=NarrowOop [32]=Oop [40]=NarrowOop [44]=NarrowOop [56]=NarrowOop }
                      ;*aaload {reexecute=0 rethrow=0 return_oop=0}
                      ; - java.lang.ThreadLocal$ThreadLocalMap::getEntry@18 (line 435)
                      ; - java.lang.ThreadLocal::get@16 (line 165)
                      ; - jdk.internal.math.FloatingDecimal::getBinaryToASCIIBuffer@3 (line 986)
                      ; - jdk.internal.math.FloatingDecimal::getBinaryToASCIIConverter@134 (line 1822)
                      ; - jdk.internal.math.FloatingDecimal::toJavaFormatString@1 (line 80)
                      ; - java.lang.Float::toString@1 (line 226)
                      ; - java.lang.String::valueOf@1 (line 4357)
                      ; - java.lang.invoke.LambdaForm$DMH/0x000001fb97095800::invokeStatic@10
                      ; - java.lang.invoke.LambdaForm$MH/0x000001fb97097000::invoke@15
                      ; - java.lang.invoke.LambdaForm$MH/0x000001fb97097400::linkToTargetMethod@5
                      ; - io.github.universityTycoon.MainScreen::draw@683 (line 303)
  0x000001fb87d7cd38: c455 72ff | bacc ffff | ff48 8b6c | 2438 4c8b | 5424 484c | 8954 2430 | 4889 7424 | 4089 4424 
  0x000001fb87d7cd58: 4866 6690 

  0x000001fb87d7cd5c: ;   {runtime_call UncommonTrapBlob}
  0x000001fb87d7cd5c: c5f8 77e8 

  0x000001fb87d7cd60: ; ImmutableOopMap {rbp=Oop [40]=NarrowOop [44]=NarrowOop [64]=Oop }
                      ;*invokestatic arraycopy {reexecute=0 rethrow=0 return_oop=0}
                      ; - java.lang.String::getBytes@22 (line 4461)
                      ; - java.lang.StringConcatHelper::newArrayWithSuffix@24 (line 477)
                      ; - java.lang.invoke.DirectMethodHandle$Holder::invokeStatic@13
                      ; - java.lang.invoke.LambdaForm$MH/0x000001fb97098400::invoke@23
                      ; - java.lang.invoke.LambdaForm$MH/0x000001fb97099000::invoke@33
                      ; - java.lang.invoke.Invokers$Holder::linkToTargetMethod@5
                      ; - io.github.universityTycoon.MainScreen::draw@765 (line 306)
  0x000001fb87d7cd60: 9c55 72ff | bacc ffff | ff4c 8b54 | 2438 4c89 | 5424 2048 | 897c 2438 | 4889 5c24 | 4066 6690 
  0x000001fb87d7cd80: ;   {runtime_call UncommonTrapBlob}
  0x000001fb87d7cd80: c5f8 77e8 

  0x000001fb87d7cd84: ; ImmutableOopMap {[32]=Oop [40]=NarrowOop [44]=NarrowOop [64]=Oop }
                      ;*invokestatic arraycopy {reexecute=0 rethrow=0 return_oop=0}
                      ; - java.lang.String::getBytes@22 (line 4461)
                      ; - java.lang.StringConcatHelper::prepend@21 (line 354)
                      ; - java.lang.StringConcatHelper::prepend@16 (line 337)
                      ; - java.lang.invoke.DirectMethodHandle$Holder::invokeStatic@17
                      ; - java.lang.invoke.LambdaForm$MH/0x000001fb97097c00::invoke@28
                      ; - java.lang.invoke.LambdaForm$MH/0x000001fb97099000::invoke@54
                      ; - java.lang.invoke.Invokers$Holder::linkToTargetMethod@5
                      ; - io.github.universityTycoon.MainScreen::draw@765 (line 306)
  0x000001fb87d7cd84: 7855 72ff | bd01 0000 

  0x000001fb87d7cd8c: ;   {oop(a 'jdk/internal/math/FloatingDecimal$1'{0x000000070ae85eb0})}
  0x000001fb87d7cd8c: 0033 c941 | 81f8 d60b | 5de1 0f45 | e9ba 45ff | ffff 4c8b | 4424 384c | 8944 2420 | 4489 4c24 
  0x000001fb87d7cdac: 3844 895c | 243c 4489 | 5424 4090 

  0x000001fb87d7cdb8: ;   {runtime_call UncommonTrapBlob}
  0x000001fb87d7cdb8: c5f8 77e8 

  0x000001fb87d7cdbc: ; ImmutableOopMap {[32]=Oop [40]=NarrowOop [44]=NarrowOop [56]=NarrowOop [64]=NarrowOop }
                      ;*ifeq {reexecute=1 rethrow=0 return_oop=0}
                      ; - (reexecute) java.lang.ThreadLocal$ThreadLocalMap::getEntry@29 (line 436)
                      ; - java.lang.ThreadLocal::get@16 (line 165)
                      ; - jdk.internal.math.FloatingDecimal::getBinaryToASCIIBuffer@3 (line 986)
                      ; - jdk.internal.math.FloatingDecimal::getBinaryToASCIIConverter@134 (line 1822)
                      ; - jdk.internal.math.FloatingDecimal::toJavaFormatString@1 (line 80)
                      ; - java.lang.Float::toString@1 (line 226)
                      ; - java.lang.String::valueOf@1 (line 4357)
                      ; - java.lang.invoke.LambdaForm$DMH/0x000001fb97095800::invokeStatic@10
                      ; - java.lang.invoke.LambdaForm$MH/0x000001fb97097000::invoke@15
                      ; - java.lang.invoke.LambdaForm$MH/0x000001fb97097400::linkToTargetMethod@5
                      ; - io.github.universityTycoon.MainScreen::draw@658 (line 302)
  0x000001fb87d7cdbc: 4055 72ff | bd01 0000 

  0x000001fb87d7cdc4: ;   {oop(a 'jdk/internal/math/FloatingDecimal$1'{0x000000070ae85eb0})}
  0x000001fb87d7cdc4: 0033 db81 | f9d6 0b5d | e10f 45eb | ba45 ffff | ff4c 8b44 | 2438 4c89 | 4424 2044 | 8954 2438 
  0x000001fb87d7cde4: 4489 5c24 | 3c44 894c | 2440 6690 

  0x000001fb87d7cdf0: ;   {runtime_call UncommonTrapBlob}
  0x000001fb87d7cdf0: c5f8 77e8 

  0x000001fb87d7cdf4: ; ImmutableOopMap {[32]=Oop [40]=NarrowOop [44]=NarrowOop [56]=NarrowOop [64]=NarrowOop }
                      ;*ifeq {reexecute=1 rethrow=0 return_oop=0}
                      ; - (reexecute) java.lang.ThreadLocal$ThreadLocalMap::getEntry@29 (line 436)
                      ; - java.lang.ThreadLocal::get@16 (line 165)
                      ; - jdk.internal.math.FloatingDecimal::getBinaryToASCIIBuffer@3 (line 986)
                      ; - jdk.internal.math.FloatingDecimal::getBinaryToASCIIConverter@134 (line 1822)
                      ; - jdk.internal.math.FloatingDecimal::toJavaFormatString@1 (line 80)
                      ; - java.lang.Float::toString@1 (line 226)
                      ; - java.lang.String::valueOf@1 (line 4357)
                      ; - java.lang.invoke.LambdaForm$DMH/0x000001fb97095800::invokeStatic@10
                      ; - java.lang.invoke.LambdaForm$MH/0x000001fb97097000::invoke@15
                      ; - java.lang.invoke.LambdaForm$MH/0x000001fb97097400::linkToTargetMethod@5
                      ; - io.github.universityTycoon.MainScreen::draw@683 (line 303)
  0x000001fb87d7cdf4: 0855 72ff | 4c63 d8e9 | ab6c ffff | 4c63 d8e9 | 6771 ffff | bace ffff | ff48 8b6c | 2438 448b 
  0x000001fb87d7ce14: 5c24 2844 | 895c 2420 | 448b 4c24 | 2c44 894c | 2424 448b | 5c24 5c44 | 895c 2434 | 4c89 5424 
  0x000001fb87d7ce34: 4044 8944 | 2448 6690 

  0x000001fb87d7ce3c: ;   {runtime_call UncommonTrapBlob}
  0x000001fb87d7ce3c: c5f8 77e8 

  0x000001fb87d7ce40: ; ImmutableOopMap {rbp=Oop [32]=NarrowOop [36]=NarrowOop [52]=NarrowOop [64]=Oop [92]=NarrowOop }
                      ;*invokestatic compress {reexecute=0 rethrow=0 return_oop=0}
                      ; - java.lang.StringUTF16::compress@9 (line 162)
                      ; - java.lang.String::<init>@36 (line 4503)
                      ; - java.lang.String::<init>@10 (line 300)
                      ; - jdk.internal.math.FloatingDecimal$BinaryToASCIIBuffer::toJavaFormatString@19 (line 302)
                      ; - jdk.internal.math.FloatingDecimal::toJavaFormatString@4 (line 80)
                      ; - java.lang.Float::toString@1 (line 226)
                      ; - java.lang.String::valueOf@1 (line 4357)
                      ; - java.lang.invoke.LambdaForm$DMH/0x000001fb97095800::invokeStatic@10
                      ; - java.lang.invoke.LambdaForm$MH/0x000001fb97097000::invoke@15
                      ; - java.lang.invoke.LambdaForm$MH/0x000001fb97097400::linkToTargetMethod@5
                      ; - io.github.universityTycoon.MainScreen::draw@658 (line 302)
  0x000001fb87d7ce40: bc54 72ff | bace ffff | ff48 8b6c | 2438 448b | 5c24 2c44 | 895c 2420 | 448b 4c24 | 2844 894c 
  0x000001fb87d7ce60: 2424 448b | 4c24 3044 | 894c 242c | 4c89 5424 | 4044 8944 | 2448 6690 

  0x000001fb87d7ce78: ;   {runtime_call UncommonTrapBlob}
  0x000001fb87d7ce78: c5f8 77e8 

  0x000001fb87d7ce7c: ; ImmutableOopMap {rbp=Oop [32]=NarrowOop [36]=NarrowOop [52]=NarrowOop [64]=Oop }
                      ;*invokestatic compress {reexecute=0 rethrow=0 return_oop=0}
                      ; - java.lang.StringUTF16::compress@9 (line 162)
                      ; - java.lang.String::<init>@36 (line 4503)
                      ; - java.lang.String::<init>@10 (line 300)
                      ; - jdk.internal.math.FloatingDecimal$BinaryToASCIIBuffer::toJavaFormatString@19 (line 302)
                      ; - jdk.internal.math.FloatingDecimal::toJavaFormatString@4 (line 80)
                      ; - java.lang.Float::toString@1 (line 226)
                      ; - java.lang.String::valueOf@1 (line 4357)
                      ; - java.lang.invoke.LambdaForm$DMH/0x000001fb97095800::invokeStatic@10
                      ; - java.lang.invoke.LambdaForm$MH/0x000001fb97097000::invoke@15
                      ; - java.lang.invoke.LambdaForm$MH/0x000001fb97097400::linkToTargetMethod@5
                      ; - io.github.universityTycoon.MainScreen::draw@683 (line 303)
  0x000001fb87d7ce7c: 8054 72ff | 410f bee9 | bae4 ffff | ff4c 8b5c | 2438 4c89 | 5c24 2048 | 895c 2438 | 4889 5c24 
  0x000001fb87d7ce9c: 4044 8954 | 244c 6690 

  0x000001fb87d7cea4: ;   {runtime_call UncommonTrapBlob}
  0x000001fb87d7cea4: c5f8 77e8 

  0x000001fb87d7cea8: ; ImmutableOopMap {[32]=Oop [40]=NarrowOop [44]=NarrowOop [56]=Oop [64]=Oop }
                      ;*bastore {reexecute=0 rethrow=0 return_oop=0}
                      ; - java.lang.Long::getChars@190 (line 574)
                      ; - java.lang.StringConcatHelper::prepend@12 (line 318)
                      ; - java.lang.StringConcatHelper::prepend@3 (line 336)
                      ; - java.lang.invoke.DirectMethodHandle$Holder::invokeStatic@17
                      ; - java.lang.invoke.LambdaForm$MH/0x000001fb97097c00::invoke@28
                      ; - java.lang.invoke.LambdaForm$MH/0x000001fb97099000::invoke@54
                      ; - java.lang.invoke.Invokers$Holder::linkToTargetMethod@5
                      ; - io.github.universityTycoon.MainScreen::draw@925 (line 314)
  0x000001fb87d7cea8: 5454 72ff | 410f bee8 | bae4 ffff | ff4c 8b5c | 2438 4c89 | 5c24 2048 | 895c 2438 | 4889 5c24 
  0x000001fb87d7cec8: 4044 8954 | 244c 6690 

  0x000001fb87d7ced0: ;   {runtime_call UncommonTrapBlob}
  0x000001fb87d7ced0: c5f8 77e8 

  0x000001fb87d7ced4: ; ImmutableOopMap {[32]=Oop [40]=NarrowOop [44]=NarrowOop [56]=Oop [64]=Oop }
                      ;*bastore {reexecute=0 rethrow=0 return_oop=0}
                      ; - java.lang.Long::getChars@190 (line 574)
                      ; - java.lang.StringConcatHelper::prepend@12 (line 318)
                      ; - java.lang.StringConcatHelper::prepend@3 (line 336)
                      ; - java.lang.invoke.DirectMethodHandle$Holder::invokeStatic@17
                      ; - java.lang.invoke.LambdaForm$MH/0x000001fb97097c00::invoke@28
                      ; - java.lang.invoke.LambdaForm$MH/0x000001fb97099000::invoke@54
                      ; - java.lang.invoke.Invokers$Holder::linkToTargetMethod@5
                      ; - io.github.universityTycoon.MainScreen::draw@765 (line 306)
  0x000001fb87d7ced4: 2854 72ff | 4c63 cf4d | 69d1 1f85 | eb51 49c1 | fa25 418b | da2b de6b | f364 448b | d644 2bd7 
  0x000001fb87d7cef4: 4183 fa64 | 0f83 da1c | 0000 4c63 | d64d 2bd1 

  0x000001fb87d7cf04: ;   {oop([B{0x000000070ac06480})}
  0x000001fb87d7cf04: 49bb 8064 | c00a 0700 | 0000 470f | be5c 1310 | 4c8b 4c24 | 4845 885c 

  0x000001fb87d7cf1c: ;   {oop([B{0x000000070ac064f8})}
  0x000001fb87d7cf1c: 090f 49bb | f864 c00a | 0700 0000 | 470f be54 | 1310 458b | ca45 8bd0 | 4183 c2fe | 4585 d20f 
  0x000001fb87d7cf3c: 8e6b 2100 | 008b fb45 | 8bc2 e98a | e5ff ff49 | 63fd 4c69 | df1f 85eb | 5149 c1fb | 2541 8bdb 
  0x000001fb87d7cf5c: 412b da44 | 6bdb 6445 | 8bd3 452b | d545 8bc2 | 4183 fa64 | 0f83 6c1c | 0000 4d63 | d34c 2bd7 
  0x000001fb87d7cf7c: ;   {oop([B{0x000000070ac06480})}
  0x000001fb87d7cf7c: 49bb 8064 | c00a 0700 | 0000 470f | be5c 1310 | 4c8b 4424 | 4847 885c 

  0x000001fb87d7cf94: ;   {oop([B{0x000000070ac064f8})}
  0x000001fb87d7cf94: 080f 49bb | f864 c00a | 0700 0000 | 470f be54 | 1310 458b | c244 8bde | 4183 c3fe | 4585 db0f 
  0x000001fb87d7cfb4: 8ec9 2100 | 0044 8beb | 418b f3e9 | 50e5 ffff | 4863 d04c | 69da 1f85 | eb51 49c1 | fb25 458b 
  0x000001fb87d7cfd4: db45 2bda | 456b d364 | 418b ca2b | c883 f964 | 0f83 031c | 0000 4d63 | d24c 2bd2 

  0x000001fb87d7cff0: ;   {oop([B{0x000000070ac06480})}
  0x000001fb87d7cff0: 49b8 8064 | c00a 0700 | 0000 470f | be44 1010 | 4c8b 4c24 | 4845 8844 

  0x000001fb87d7d008: ;   {oop([B{0x000000070ac064f8})}
  0x000001fb87d7d008: 190f 49b8 | f864 c00a | 0700 0000 | 470f be54 | 1010 418b | ca44 8bc7 | 4183 c0fe | 4585 c00f 
  0x000001fb87d7d028: 8e33 2200 | 0041 8bc3 | 418b f8e9 | 22e5 ffff | 4c63 4424 | 204d 69d8 | 1f85 eb51 | 49c1 fb25 
  0x000001fb87d7d048: 458b db45 | 2bda 416b | cb64 448b | d144 2b54 | 2420 418b | f241 83fa | 640f 8391 | 1b00 0048 
  0x000001fb87d7d068: 63c9 492b 

  0x000001fb87d7d06c: ;   {oop([B{0x000000070ac06480})}
  0x000001fb87d7d06c: c849 ba80 | 64c0 0a07 | 0000 0045 | 0fbe 440a | 104c 8b54 | 2458 4788 

  0x000001fb87d7d084: ;   {oop([B{0x000000070ac064f8})}
  0x000001fb87d7d084: 440a 0f49 | baf8 64c0 | 0a07 0000 | 0045 0fbe | 540a 1041 | 8bf2 458b | d641 83c2 | fe45 85d2 
  0x000001fb87d7d0a4: 0f8e 9022 | 0000 4489 | 5c24 2045 | 8bf2 e9e8 | e4ff ff4c | 6344 2420 | 4d69 d81f | 85eb 5149 
  0x000001fb87d7d0c4: c1fb 2545 | 8bdb 452b | da45 6bd3 | 6441 8bda | 2b5c 2420 | 448b cb83 | fb64 0f83 | 231b 0000 
  0x000001fb87d7d0e4: 4d63 d24d 

  0x000001fb87d7d0e8: ;   {oop([B{0x000000070ac06480})}
  0x000001fb87d7d0e8: 2bd0 49b8 | 8064 c00a | 0700 0000 | 470f be44 | 1010 4c8b | 4c24 5845 | 8844 090f 

  0x000001fb87d7d104: ;   {oop([B{0x000000070ac064f8})}
  0x000001fb87d7d104: 49b8 f864 | c00a 0700 | 0000 470f | be44 1010 | 458b c845 | 8bd6 4183 | c2fe 4585 | d20f 8efa 
  0x000001fb87d7d124: 2200 0044 | 895c 2420 | 458b f2e9 | bae4 ffff | 4d63 d2e9 | df7d ffff | baf6 ffff | ff8b 6c24 
  0x000001fb87d7d144: 2c4c 8954 | 2420 6690 

  0x000001fb87d7d14c: ;   {runtime_call UncommonTrapBlob}
  0x000001fb87d7d14c: c5f8 77e8 

  0x000001fb87d7d150: ; ImmutableOopMap {rbp=NarrowOop [32]=Oop }
                      ;*invokevirtual draw {reexecute=0 rethrow=0 return_oop=0}
                      ; - io.github.universityTycoon.MainScreen::draw@584 (line 297)
  0x000001fb87d7d150: ac51 72ff | 4d63 cbe9 | bd82 ffff | baf6 ffff | ff8b 6c24 | 284c 8954 | 2420 6690 

  0x000001fb87d7d16c: ;   {runtime_call UncommonTrapBlob}
  0x000001fb87d7d16c: c5f8 77e8 

  0x000001fb87d7d170: ; ImmutableOopMap {rbp=NarrowOop [32]=Oop }
                      ;*invokevirtual draw {reexecute=0 rethrow=0 return_oop=0}
                      ; - io.github.universityTycoon.MainScreen::draw@609 (line 298)
  0x000001fb87d7d170: 8c51 72ff | baf6 ffff | ff66 6690 

  0x000001fb87d7d17c: ;   {runtime_call UncommonTrapBlob}
  0x000001fb87d7d17c: c5f8 77e8 

  0x000001fb87d7d180: ; ImmutableOopMap {}
                      ;*invokevirtual getSeconds {reexecute=0 rethrow=0 return_oop=0}
                      ; - io.github.universityTycoon.MainScreen::draw@623 (line 299)
  0x000001fb87d7d180: 7c51 72ff | 0fbe e9ba | e4ff ffff | 4c8b 5424 | 384c 8954 | 2420 4889 | 5c24 3848 | 895c 2440 
  0x000001fb87d7d1a0: 4489 4424 | 4c44 894c | 2458 6690 

  0x000001fb87d7d1ac: ;   {runtime_call UncommonTrapBlob}
  0x000001fb87d7d1ac: c5f8 77e8 

  0x000001fb87d7d1b0: ; ImmutableOopMap {[32]=Oop [40]=NarrowOop [44]=NarrowOop [56]=Oop [64]=Oop }
                      ;*bastore {reexecute=0 rethrow=0 return_oop=0}
                      ; - java.lang.Long::getChars@172 (line 570)
                      ; - java.lang.StringConcatHelper::prepend@12 (line 318)
                      ; - java.lang.StringConcatHelper::prepend@3 (line 336)
                      ; - java.lang.invoke.DirectMethodHandle$Holder::invokeStatic@17
                      ; - java.lang.invoke.LambdaForm$MH/0x000001fb97097c00::invoke@28
                      ; - java.lang.invoke.LambdaForm$MH/0x000001fb97099000::invoke@54
                      ; - java.lang.invoke.Invokers$Holder::linkToTargetMethod@5
                      ; - io.github.universityTycoon.MainScreen::draw@630 (line 299)
  0x000001fb87d7d1b0: 4c51 72ff | baf6 ffff | ff8b 6c24 | 284c 894c | 2420 6690 

  0x000001fb87d7d1c4: ;   {runtime_call UncommonTrapBlob}
  0x000001fb87d7d1c4: c5f8 77e8 

  0x000001fb87d7d1c8: ; ImmutableOopMap {rbp=NarrowOop [32]=Oop }
                      ;*invokevirtual draw {reexecute=0 rethrow=0 return_oop=0}
                      ; - io.github.universityTycoon.MainScreen::draw@641 (line 299)
  0x000001fb87d7d1c8: 3451 72ff | ba45 ffff | ff48 8b6c | 2438 4489 | 5c24 2090 

  0x000001fb87d7d1dc: ;   {runtime_call UncommonTrapBlob}
  0x000001fb87d7d1dc: c5f8 77e8 

  0x000001fb87d7d1e0: ; ImmutableOopMap {rbp=Oop }
                      ;*tableswitch {reexecute=1 rethrow=0 return_oop=0}
                      ; - (reexecute) io.github.universityTycoon.MainScreen::draw@399 (line 287)
  0x000001fb87d7d1e0: 1c51 72ff | bade ffff | ff66 6690 

  0x000001fb87d7d1ec: ;   {runtime_call UncommonTrapBlob}
  0x000001fb87d7d1ec: c5f8 77e8 

  0x000001fb87d7d1f0: ; ImmutableOopMap {rbp=Oop [40]=NarrowOop [44]=NarrowOop [56]=Oop }
                      ;*invokeinterface toJavaFormatString {reexecute=0 rethrow=0 return_oop=0}
                      ; - jdk.internal.math.FloatingDecimal::toJavaFormatString@4 (line 80)
                      ; - java.lang.Float::toString@1 (line 226)
                      ; - java.lang.String::valueOf@1 (line 4357)
                      ; - java.lang.invoke.LambdaForm$DMH/0x000001fb97095800::invokeStatic@10
                      ; - java.lang.invoke.LambdaForm$MH/0x000001fb97097000::invoke@15
                      ; - java.lang.invoke.LambdaForm$MH/0x000001fb97097400::linkToTargetMethod@5
                      ; - io.github.universityTycoon.MainScreen::draw@573 (line 297)
  0x000001fb87d7d1f0: 0c51 72ff | bacc ffff | ff48 8b6c | 2438 448b | 5c24 2844 | 895c 2420 | 448b 5424 | 2c44 8954 
  0x000001fb87d7d210: 2424 4c8b | 5424 704c | 8954 2438 

  0x000001fb87d7d21c: ;   {runtime_call UncommonTrapBlob}
  0x000001fb87d7d21c: c5f8 77e8 

  0x000001fb87d7d220: ; ImmutableOopMap {rbp=Oop [32]=NarrowOop [36]=NarrowOop [56]=Oop [108]=NarrowOop [112]=Oop }
                      ;*invokestatic arraycopy {reexecute=0 rethrow=0 return_oop=0}
                      ; - java.lang.String::getBytes@22 (line 4461)
                      ; - java.lang.StringConcatHelper::newArrayWithSuffix@24 (line 477)
                      ; - java.lang.invoke.DirectMethodHandle$Holder::invokeStatic@13
                      ; - java.lang.invoke.LambdaForm$MH/0x000001fb97098400::invoke@23
                      ; - java.lang.invoke.LambdaForm$MH/0x000001fb97097000::invoke@49
                      ; - java.lang.invoke.LambdaForm$MH/0x000001fb97097400::linkToTargetMethod@5
                      ; - io.github.universityTycoon.MainScreen::draw@573 (line 297)
  0x000001fb87d7d220: dc50 72ff | bacc ffff | ff48 8b6c | 2438 448b | 5424 2844 | 8954 2420 | 448b 5c24 | 2c44 895c 
  0x000001fb87d7d240: 2424 4c8b | 5424 704c | 8954 2428 

  0x000001fb87d7d24c: ;   {runtime_call UncommonTrapBlob}
  0x000001fb87d7d24c: c5f8 77e8 

  0x000001fb87d7d250: ; ImmutableOopMap {rbp=Oop [32]=NarrowOop [36]=NarrowOop [40]=Oop [108]=NarrowOop }
                      ;*invokestatic arraycopy {reexecute=0 rethrow=0 return_oop=0}
                      ; - java.lang.String::getBytes@22 (line 4461)
                      ; - java.lang.StringConcatHelper::prepend@21 (line 354)
                      ; - java.lang.StringConcatHelper::prepend@3 (line 373)
                      ; - java.lang.invoke.DirectMethodHandle$Holder::invokeStatic@17
                      ; - java.lang.invoke.LambdaForm$MH/0x000001fb97089400::invoke@28
                      ; - java.lang.invoke.LambdaForm$MH/0x000001fb97097000::invoke@70
                      ; - java.lang.invoke.LambdaForm$MH/0x000001fb97097400::linkToTargetMethod@5
                      ; - io.github.universityTycoon.MainScreen::draw@573 (line 297)
  0x000001fb87d7d250: ac50 72ff | bade ffff | ff66 6690 

  0x000001fb87d7d25c: ;   {runtime_call UncommonTrapBlob}
  0x000001fb87d7d25c: c5f8 77e8 

  0x000001fb87d7d260: ; ImmutableOopMap {rbp=Oop [40]=NarrowOop [44]=NarrowOop [56]=Oop }
                      ;*invokeinterface toJavaFormatString {reexecute=0 rethrow=0 return_oop=0}
                      ; - jdk.internal.math.FloatingDecimal::toJavaFormatString@4 (line 80)
                      ; - java.lang.Float::toString@1 (line 226)
                      ; - java.lang.String::valueOf@1 (line 4357)
                      ; - java.lang.invoke.LambdaForm$DMH/0x000001fb97095800::invokeStatic@10
                      ; - java.lang.invoke.LambdaForm$MH/0x000001fb97097000::invoke@15
                      ; - java.lang.invoke.LambdaForm$MH/0x000001fb97097400::linkToTargetMethod@5
                      ; - io.github.universityTycoon.MainScreen::draw@598 (line 298)
  0x000001fb87d7d260: 9c50 72ff | bacc ffff | ff48 8b6c | 2438 448b | 5c24 2c44 | 895c 2424 | 4c8b 5424 | 504c 8954 
  0x000001fb87d7d280: 2440 4c89 | 5424 4890 

  0x000001fb87d7d288: ;   {runtime_call UncommonTrapBlob}
  0x000001fb87d7d288: c5f8 77e8 

  0x000001fb87d7d28c: ; ImmutableOopMap {rbp=Oop [32]=NarrowOop [36]=NarrowOop [40]=NarrowOop [64]=Oop [72]=Oop }
                      ;*invokestatic arraycopy {reexecute=0 rethrow=0 return_oop=0}
                      ; - java.lang.String::getBytes@22 (line 4461)
                      ; - java.lang.StringConcatHelper::prepend@21 (line 354)
                      ; - java.lang.StringConcatHelper::prepend@3 (line 373)
                      ; - java.lang.invoke.DirectMethodHandle$Holder::invokeStatic@17
                      ; - java.lang.invoke.LambdaForm$MH/0x000001fb97089400::invoke@28
                      ; - java.lang.invoke.LambdaForm$MH/0x000001fb97097000::invoke@70
                      ; - java.lang.invoke.LambdaForm$MH/0x000001fb97097400::linkToTargetMethod@5
                      ; - io.github.universityTycoon.MainScreen::draw@598 (line 298)
  0x000001fb87d7d28c: 7050 72ff | bacc ffff | ff48 8b6c | 2438 448b | 5424 2c44 | 8954 2420 | 448b 5c24 | 2844 895c 
  0x000001fb87d7d2ac: 2424 4c8b | 5424 504c | 8954 2430 

  0x000001fb87d7d2b8: ;   {runtime_call UncommonTrapBlob}
  0x000001fb87d7d2b8: c5f8 77e8 

  0x000001fb87d7d2bc: ; ImmutableOopMap {rbp=Oop [32]=NarrowOop [36]=NarrowOop [48]=Oop [80]=Oop }
                      ;*invokestatic arraycopy {reexecute=0 rethrow=0 return_oop=0}
                      ; - java.lang.String::getBytes@22 (line 4461)
                      ; - java.lang.StringConcatHelper::prepend@21 (line 354)
                      ; - java.lang.StringConcatHelper::prepend@16 (line 374)
                      ; - java.lang.invoke.DirectMethodHandle$Holder::invokeStatic@17
                      ; - java.lang.invoke.LambdaForm$MH/0x000001fb97089400::invoke@28
                      ; - java.lang.invoke.LambdaForm$MH/0x000001fb97097000::invoke@70
                      ; - java.lang.invoke.LambdaForm$MH/0x000001fb97097400::linkToTargetMethod@5
                      ; - io.github.universityTycoon.MainScreen::draw@598 (line 298)
  0x000001fb87d7d2bc: 4050 72ff | bae4 ffff | ff4c 8b44 | 2438 4c89 | 4424 2044 | 8954 2438 | 4489 5c24 | 4066 6690 
  0x000001fb87d7d2dc: ;   {runtime_call UncommonTrapBlob}
  0x000001fb87d7d2dc: c5f8 77e8 

  0x000001fb87d7d2e0: ; ImmutableOopMap {rbp=NarrowOop [32]=Oop [40]=NarrowOop [44]=NarrowOop [56]=NarrowOop }
                      ;*aaload {reexecute=0 rethrow=0 return_oop=0}
                      ; - java.lang.ThreadLocal$ThreadLocalMap::getEntry@18 (line 435)
                      ; - java.lang.ThreadLocal::get@16 (line 165)
                      ; - jdk.internal.math.FloatingDecimal::getBinaryToASCIIBuffer@3 (line 986)
                      ; - jdk.internal.math.FloatingDecimal::getBinaryToASCIIConverter@134 (line 1822)
                      ; - jdk.internal.math.FloatingDecimal::toJavaFormatString@1 (line 80)
                      ; - java.lang.Float::toString@1 (line 226)
                      ; - java.lang.String::valueOf@1 (line 4357)
                      ; - java.lang.invoke.LambdaForm$DMH/0x000001fb97095800::invokeStatic@10
                      ; - java.lang.invoke.LambdaForm$MH/0x000001fb97097000::invoke@15
                      ; - java.lang.invoke.LambdaForm$MH/0x000001fb97097400::linkToTargetMethod@5
                      ; - io.github.universityTycoon.MainScreen::draw@573 (line 297)
  0x000001fb87d7d2e0: 1c50 72ff | bacc ffff | ff48 8b6c | 2438 4c8b | 5c24 484c | 895c 2430 | 4c89 5424 | 4089 7424 
  0x000001fb87d7d300: 4866 6690 

  0x000001fb87d7d304: ;   {runtime_call UncommonTrapBlob}
  0x000001fb87d7d304: c5f8 77e8 

  0x000001fb87d7d308: ; ImmutableOopMap {rbp=Oop [40]=NarrowOop [44]=NarrowOop [64]=Oop }
                      ;*invokestatic arraycopy {reexecute=0 rethrow=0 return_oop=0}
                      ; - java.lang.String::getBytes@22 (line 4461)
                      ; - java.lang.StringConcatHelper::newArrayWithSuffix@24 (line 477)
                      ; - java.lang.invoke.DirectMethodHandle$Holder::invokeStatic@13
                      ; - java.lang.invoke.LambdaForm$MH/0x000001fb97098400::invoke@23
                      ; - java.lang.invoke.LambdaForm$MH/0x000001fb97099000::invoke@33
                      ; - java.lang.invoke.Invokers$Holder::linkToTargetMethod@5
                      ; - io.github.universityTycoon.MainScreen::draw@630 (line 299)
  0x000001fb87d7d308: f44f 72ff | bacc ffff | ff4c 8b54 | 2438 4c89 | 5424 2048 | 897c 2438 | 4889 5c24 | 4066 6690 
  0x000001fb87d7d328: ;   {runtime_call UncommonTrapBlob}
  0x000001fb87d7d328: c5f8 77e8 

  0x000001fb87d7d32c: ; ImmutableOopMap {[32]=Oop [40]=NarrowOop [44]=NarrowOop [64]=Oop }
                      ;*invokestatic arraycopy {reexecute=0 rethrow=0 return_oop=0}
                      ; - java.lang.String::getBytes@22 (line 4461)
                      ; - java.lang.StringConcatHelper::prepend@21 (line 354)
                      ; - java.lang.StringConcatHelper::prepend@16 (line 337)
                      ; - java.lang.invoke.DirectMethodHandle$Holder::invokeStatic@17
                      ; - java.lang.invoke.LambdaForm$MH/0x000001fb97097c00::invoke@28
                      ; - java.lang.invoke.LambdaForm$MH/0x000001fb97099000::invoke@54
                      ; - java.lang.invoke.Invokers$Holder::linkToTargetMethod@5
                      ; - io.github.universityTycoon.MainScreen::draw@630 (line 299)
  0x000001fb87d7d32c: d04f 72ff | bae4 ffff | ff4c 8b54 | 2438 4c89 | 5424 2044 | 894c 2438 | 4489 5c24 | 4066 6690 
  0x000001fb87d7d34c: ;   {runtime_call UncommonTrapBlob}
  0x000001fb87d7d34c: c5f8 77e8 

  0x000001fb87d7d350: ; ImmutableOopMap {rbp=NarrowOop [32]=Oop [40]=NarrowOop [44]=NarrowOop [56]=NarrowOop }
                      ;*aaload {reexecute=0 rethrow=0 return_oop=0}
                      ; - java.lang.ThreadLocal$ThreadLocalMap::getEntry@18 (line 435)
                      ; - java.lang.ThreadLocal::get@16 (line 165)
                      ; - jdk.internal.math.FloatingDecimal::getBinaryToASCIIBuffer@3 (line 986)
                      ; - jdk.internal.math.FloatingDecimal::getBinaryToASCIIConverter@134 (line 1822)
                      ; - jdk.internal.math.FloatingDecimal::toJavaFormatString@1 (line 80)
                      ; - java.lang.Float::toString@1 (line 226)
                      ; - java.lang.String::valueOf@1 (line 4357)
                      ; - java.lang.invoke.LambdaForm$DMH/0x000001fb97095800::invokeStatic@10
                      ; - java.lang.invoke.LambdaForm$MH/0x000001fb97097000::invoke@15
                      ; - java.lang.invoke.LambdaForm$MH/0x000001fb97097400::linkToTargetMethod@5
                      ; - io.github.universityTycoon.MainScreen::draw@598 (line 298)
  0x000001fb87d7d350: ac4f 72ff | ba45 ffff | ff4c 8b44 | 2438 4c89 | 4424 2044 | 8954 2438 | 4489 5c24 | 3c66 6690 
  0x000001fb87d7d370: ;   {runtime_call UncommonTrapBlob}
  0x000001fb87d7d370: c5f8 77e8 

  0x000001fb87d7d374: ; ImmutableOopMap {rbp=NarrowOop [32]=Oop [40]=NarrowOop [44]=NarrowOop [56]=NarrowOop }
                      ;*ifeq {reexecute=1 rethrow=0 return_oop=0}
                      ; - (reexecute) java.lang.ThreadLocal$ThreadLocalMap::getEntry@29 (line 436)
                      ; - java.lang.ThreadLocal::get@16 (line 165)
                      ; - jdk.internal.math.FloatingDecimal::getBinaryToASCIIBuffer@3 (line 986)
                      ; - jdk.internal.math.FloatingDecimal::getBinaryToASCIIConverter@134 (line 1822)
                      ; - jdk.internal.math.FloatingDecimal::toJavaFormatString@1 (line 80)
                      ; - java.lang.Float::toString@1 (line 226)
                      ; - java.lang.String::valueOf@1 (line 4357)
                      ; - java.lang.invoke.LambdaForm$DMH/0x000001fb97095800::invokeStatic@10
                      ; - java.lang.invoke.LambdaForm$MH/0x000001fb97097000::invoke@15
                      ; - java.lang.invoke.LambdaForm$MH/0x000001fb97097400::linkToTargetMethod@5
                      ; - io.github.universityTycoon.MainScreen::draw@573 (line 297)
  0x000001fb87d7d374: 884f 72ff | ba45 ffff | ff4c 8b54 | 2438 4c89 | 5424 2044 | 894c 2438 | 4489 5c24 | 3c66 6690 
  0x000001fb87d7d394: ;   {runtime_call UncommonTrapBlob}
  0x000001fb87d7d394: c5f8 77e8 

  0x000001fb87d7d398: ; ImmutableOopMap {rbp=NarrowOop [32]=Oop [40]=NarrowOop [44]=NarrowOop [56]=NarrowOop }
                      ;*ifeq {reexecute=1 rethrow=0 return_oop=0}
                      ; - (reexecute) java.lang.ThreadLocal$ThreadLocalMap::getEntry@29 (line 436)
                      ; - java.lang.ThreadLocal::get@16 (line 165)
                      ; - jdk.internal.math.FloatingDecimal::getBinaryToASCIIBuffer@3 (line 986)
                      ; - jdk.internal.math.FloatingDecimal::getBinaryToASCIIConverter@134 (line 1822)
                      ; - jdk.internal.math.FloatingDecimal::toJavaFormatString@1 (line 80)
                      ; - java.lang.Float::toString@1 (line 226)
                      ; - java.lang.String::valueOf@1 (line 4357)
                      ; - java.lang.invoke.LambdaForm$DMH/0x000001fb97095800::invokeStatic@10
                      ; - java.lang.invoke.LambdaForm$MH/0x000001fb97097000::invoke@15
                      ; - java.lang.invoke.LambdaForm$MH/0x000001fb97097400::linkToTargetMethod@5
                      ; - io.github.universityTycoon.MainScreen::draw@598 (line 298)
  0x000001fb87d7d398: 644f 72ff | 4c63 d8e9 | bb79 ffff | 4c63 d8e9 | d67e ffff | bace ffff | ff48 8b6c | 2438 448b 
  0x000001fb87d7d3b8: 4c24 2844 | 894c 2420 | 448b 5c24 | 2c44 895c | 2424 448b | 4c24 5445 | 8bd9 4489 | 5c24 344c 
  0x000001fb87d7d3d8: 8954 2440 | 4489 4424 | 4866 6690 

  0x000001fb87d7d3e4: ;   {runtime_call UncommonTrapBlob}
  0x000001fb87d7d3e4: c5f8 77e8 

  0x000001fb87d7d3e8: ; ImmutableOopMap {rbp=Oop [32]=NarrowOop [36]=NarrowOop [52]=NarrowOop [64]=Oop [84]=NarrowOop }
                      ;*invokestatic compress {reexecute=0 rethrow=0 return_oop=0}
                      ; - java.lang.StringUTF16::compress@9 (line 162)
                      ; - java.lang.String::<init>@36 (line 4503)
                      ; - java.lang.String::<init>@10 (line 300)
                      ; - jdk.internal.math.FloatingDecimal$BinaryToASCIIBuffer::toJavaFormatString@19 (line 302)
                      ; - jdk.internal.math.FloatingDecimal::toJavaFormatString@4 (line 80)
                      ; - java.lang.Float::toString@1 (line 226)
                      ; - java.lang.String::valueOf@1 (line 4357)
                      ; - java.lang.invoke.LambdaForm$DMH/0x000001fb97095800::invokeStatic@10
                      ; - java.lang.invoke.LambdaForm$MH/0x000001fb97097000::invoke@15
                      ; - java.lang.invoke.LambdaForm$MH/0x000001fb97097400::linkToTargetMethod@5
                      ; - io.github.universityTycoon.MainScreen::draw@573 (line 297)
  0x000001fb87d7d3e8: 144f 72ff | bace ffff | ff48 8b6c | 2438 448b | 4c24 2c44 | 894c 2420 | 448b 5c24 | 2844 895c 
  0x000001fb87d7d408: 2424 448b | 5c24 3044 | 895c 242c | 4c89 5424 | 4044 8944 | 2448 6690 

  0x000001fb87d7d420: ;   {runtime_call UncommonTrapBlob}
  0x000001fb87d7d420: c5f8 77e8 

  0x000001fb87d7d424: ; ImmutableOopMap {rbp=Oop [32]=NarrowOop [36]=NarrowOop [52]=NarrowOop [64]=Oop }
                      ;*invokestatic compress {reexecute=0 rethrow=0 return_oop=0}
                      ; - java.lang.StringUTF16::compress@9 (line 162)
                      ; - java.lang.String::<init>@36 (line 4503)
                      ; - java.lang.String::<init>@10 (line 300)
                      ; - jdk.internal.math.FloatingDecimal$BinaryToASCIIBuffer::toJavaFormatString@19 (line 302)
                      ; - jdk.internal.math.FloatingDecimal::toJavaFormatString@4 (line 80)
                      ; - java.lang.Float::toString@1 (line 226)
                      ; - java.lang.String::valueOf@1 (line 4357)
                      ; - java.lang.invoke.LambdaForm$DMH/0x000001fb97095800::invokeStatic@10
                      ; - java.lang.invoke.LambdaForm$MH/0x000001fb97097000::invoke@15
                      ; - java.lang.invoke.LambdaForm$MH/0x000001fb97097400::linkToTargetMethod@5
                      ; - io.github.universityTycoon.MainScreen::draw@598 (line 298)
  0x000001fb87d7d424: d84e 72ff | 0fbe e9ba | e4ff ffff | 4c8b 5424 | 384c 8954 | 2420 4889 | 5c24 3848 | 895c 2440 
  0x000001fb87d7d444: 4489 4c24 | 4c66 6690 

  0x000001fb87d7d44c: ;   {runtime_call UncommonTrapBlob}
  0x000001fb87d7d44c: c5f8 77e8 

  0x000001fb87d7d450: ; ImmutableOopMap {[32]=Oop [40]=NarrowOop [44]=NarrowOop [56]=Oop [64]=Oop }
                      ;*bastore {reexecute=0 rethrow=0 return_oop=0}
                      ; - java.lang.Long::getChars@190 (line 574)
                      ; - java.lang.StringConcatHelper::prepend@12 (line 318)
                      ; - java.lang.StringConcatHelper::prepend@3 (line 336)
                      ; - java.lang.invoke.DirectMethodHandle$Holder::invokeStatic@17
                      ; - java.lang.invoke.LambdaForm$MH/0x000001fb97097c00::invoke@28
                      ; - java.lang.invoke.LambdaForm$MH/0x000001fb97099000::invoke@54
                      ; - java.lang.invoke.Invokers$Holder::linkToTargetMethod@5
                      ; - io.github.universityTycoon.MainScreen::draw@630 (line 299)
  0x000001fb87d7d450: ac4e 72ff | ba45 ffff | ff48 8b6c | 2438 448b | 5424 2844 | 8954 2420 | 448b 5c24 | 2c44 895c 
  0x000001fb87d7d470: 2424 8944 | 2430 8944 | 2438 6690 

  0x000001fb87d7d47c: ;   {runtime_call UncommonTrapBlob}
  0x000001fb87d7d47c: c5f8 77e8 

  0x000001fb87d7d480: ; ImmutableOopMap {rbp=Oop [32]=NarrowOop [36]=NarrowOop [80]=NarrowOop }
                      ;*iflt {reexecute=1 rethrow=0 return_oop=0}
                      ; - (reexecute) java.lang.String::checkBoundsOffCount@5 (line 4592)
                      ; - java.lang.String::rangeCheck@4 (line 304)
                      ; - java.lang.String::<init>@7 (line 300)
                      ; - jdk.internal.math.FloatingDecimal$BinaryToASCIIBuffer::toJavaFormatString@19 (line 302)
                      ; - jdk.internal.math.FloatingDecimal::toJavaFormatString@4 (line 80)
                      ; - java.lang.Float::toString@1 (line 226)
                      ; - java.lang.String::valueOf@1 (line 4357)
                      ; - java.lang.invoke.LambdaForm$DMH/0x000001fb97095800::invokeStatic@10
                      ; - java.lang.invoke.LambdaForm$MH/0x000001fb97097000::invoke@15
                      ; - java.lang.invoke.LambdaForm$MH/0x000001fb97097400::linkToTargetMethod@5
                      ; - io.github.universityTycoon.MainScreen::draw@793 (line 309)
  0x000001fb87d7d480: 7c4e 72ff | ba45 ffff | ff48 8b6c | 2438 448b | 5c24 2844 | 895c 2420 | 448b 5424 | 2c44 8954 
  0x000001fb87d7d4a0: 2424 4489 | 4424 3490 

  0x000001fb87d7d4a8: ;   {runtime_call UncommonTrapBlob}
  0x000001fb87d7d4a8: c5f8 77e8 

  0x000001fb87d7d4ac: ; ImmutableOopMap {rbp=Oop [32]=NarrowOop [36]=NarrowOop [52]=NarrowOop }
                      ;*iflt {reexecute=1 rethrow=0 return_oop=0}
                      ; - (reexecute) java.lang.StringConcatHelper::checkOverflow@2 (line 54)
                      ; - java.lang.StringConcatHelper::mix@23 (line 138)
                      ; - java.lang.invoke.DirectMethodHandle$Holder::invokeStatic@13
                      ; - java.lang.invoke.LambdaForm$MH/0x000001fb9708a800::invoke@23
                      ; - java.lang.invoke.LambdaForm$MH/0x000001fb97097000::invoke@31
                      ; - java.lang.invoke.LambdaForm$MH/0x000001fb97097400::linkToTargetMethod@5
                      ; - io.github.universityTycoon.MainScreen::draw@793 (line 309)
  0x000001fb87d7d4ac: 504e 72ff | ba45 ffff | ff48 8b6c | 2438 448b | 5c24 2844 | 895c 2420 | 448b 5424 | 2c44 8954 
  0x000001fb87d7d4cc: 2424 448b | 5c24 3444 | 895c 2428 

  0x000001fb87d7d4d8: ;   {runtime_call UncommonTrapBlob}
  0x000001fb87d7d4d8: c5f8 77e8 

  0x000001fb87d7d4dc: ; ImmutableOopMap {rbp=Oop [32]=NarrowOop [36]=NarrowOop [40]=NarrowOop }
                      ;*iflt {reexecute=1 rethrow=0 return_oop=0}
                      ; - (reexecute) java.lang.String::checkBoundsOffCount@5 (line 4592)
                      ; - java.lang.String::rangeCheck@4 (line 304)
                      ; - java.lang.String::<init>@7 (line 300)
                      ; - jdk.internal.math.FloatingDecimal$BinaryToASCIIBuffer::toJavaFormatString@19 (line 302)
                      ; - jdk.internal.math.FloatingDecimal::toJavaFormatString@4 (line 80)
                      ; - java.lang.Float::toString@1 (line 226)
                      ; - java.lang.String::valueOf@1 (line 4357)
                      ; - java.lang.invoke.LambdaForm$DMH/0x000001fb97095800::invokeStatic@10
                      ; - java.lang.invoke.LambdaForm$MH/0x000001fb97097000::invoke@15
                      ; - java.lang.invoke.LambdaForm$MH/0x000001fb97097400::linkToTargetMethod@5
                      ; - io.github.universityTycoon.MainScreen::draw@818 (line 310)
  0x000001fb87d7d4dc: 204e 72ff | ba45 ffff | ff48 8b6c | 2438 4489 | 4c24 2044 | 8b5c 2428 | 4489 5c24 | 2444 8b44 
  0x000001fb87d7d4fc: 242c 4489 | 4424 284c | 8954 2430 

  0x000001fb87d7d508: ;   {runtime_call UncommonTrapBlob}
  0x000001fb87d7d508: c5f8 77e8 

  0x000001fb87d7d50c: ; ImmutableOopMap {rbp=Oop [32]=NarrowOop [36]=NarrowOop [40]=NarrowOop }
                      ;*iflt {reexecute=1 rethrow=0 return_oop=0}
                      ; - (reexecute) java.lang.StringConcatHelper::checkOverflow@2 (line 54)
                      ; - java.lang.StringConcatHelper::mix@23 (line 138)
                      ; - java.lang.invoke.DirectMethodHandle$Holder::invokeStatic@13
                      ; - java.lang.invoke.LambdaForm$MH/0x000001fb9708a800::invoke@23
                      ; - java.lang.invoke.LambdaForm$MH/0x000001fb97097000::invoke@31
                      ; - java.lang.invoke.LambdaForm$MH/0x000001fb97097400::linkToTargetMethod@5
                      ; - io.github.universityTycoon.MainScreen::draw@818 (line 310)
  0x000001fb87d7d50c: f04d 72ff | ba45 ffff | ff44 8b44 | 242c 4489 | 4424 2044 | 8b5c 2428 | 4489 5c24 | 2489 4424 
  0x000001fb87d7d52c: 2c89 4424 | 3066 6690 

  0x000001fb87d7d534: ;   {runtime_call UncommonTrapBlob}
  0x000001fb87d7d534: c5f8 77e8 

  0x000001fb87d7d538: ; ImmutableOopMap {rbp=Oop [32]=NarrowOop [36]=NarrowOop }
                      ;*iflt {reexecute=1 rethrow=0 return_oop=0}
                      ; - (reexecute) java.lang.Integer::stringSize@3 (line 552)
                      ; - java.lang.StringConcatHelper::mix@2 (line 112)
                      ; - java.lang.invoke.DirectMethodHandle$Holder::invokeStatic@13
                      ; - java.lang.invoke.LambdaForm$MH/0x000001fb97095000::invoke@23
                      ; - java.lang.invoke.LambdaForm$MH/0x000001fb97095400::invoke@15
                      ; - java.lang.invoke.Invokers$Holder::linkToTargetMethod@5
                      ; - io.github.universityTycoon.MainScreen::draw@843 (line 311)
  0x000001fb87d7d538: c44d 72ff | 4533 db4d | 3bd3 bdff | ffff ff7c | 0840 0f95 | c540 0fb6 | edba 45ff | ffff 4c8b 
  0x000001fb87d7d558: 5c24 384c | 895c 2420 | 4c89 5424 | 3866 6690 

  0x000001fb87d7d568: ;   {runtime_call UncommonTrapBlob}
  0x000001fb87d7d568: c5f8 77e8 

  0x000001fb87d7d56c: ; ImmutableOopMap {[32]=Oop [40]=NarrowOop [44]=NarrowOop [72]=Oop }
                      ;*ifne {reexecute=1 rethrow=0 return_oop=0}
                      ; - (reexecute) java.lang.StringConcatHelper::newString@3 (line 386)
                      ; - java.lang.invoke.DirectMethodHandle$Holder::invokeStatic@13
                      ; - java.lang.invoke.LambdaForm$MH/0x000001fb97095400::invoke@71
                      ; - java.lang.invoke.Invokers$Holder::linkToTargetMethod@5
                      ; - io.github.universityTycoon.MainScreen::draw@843 (line 311)
  0x000001fb87d7d56c: 904d 72ff | ba45 ffff | ff44 8b44 | 242c 4489 | 4424 2044 | 8b54 2428 | 4489 5424 | 2489 4424 
  0x000001fb87d7d58c: 2c89 4424 | 3066 6690 

  0x000001fb87d7d594: ;   {runtime_call UncommonTrapBlob}
  0x000001fb87d7d594: c5f8 77e8 

  0x000001fb87d7d598: ; ImmutableOopMap {rbp=Oop [32]=NarrowOop [36]=NarrowOop }
                      ;*iflt {reexecute=1 rethrow=0 return_oop=0}
                      ; - (reexecute) java.lang.Integer::stringSize@3 (line 552)
                      ; - java.lang.StringConcatHelper::mix@2 (line 112)
                      ; - java.lang.invoke.DirectMethodHandle$Holder::invokeStatic@13
                      ; - java.lang.invoke.LambdaForm$MH/0x000001fb97095000::invoke@23
                      ; - java.lang.invoke.LambdaForm$MH/0x000001fb97095400::invoke@15
                      ; - java.lang.invoke.Invokers$Holder::linkToTargetMethod@5
                      ; - io.github.universityTycoon.MainScreen::draw@868 (line 312)
  0x000001fb87d7d598: 644d 72ff | 4533 db4d | 3bd3 bdff | ffff ff7c | 0840 0f95 | c540 0fb6 | edba 45ff | ffff 4c8b 
  0x000001fb87d7d5b8: 5c24 384c | 895c 2420 | 4c89 5424 | 3866 6690 

  0x000001fb87d7d5c8: ;   {runtime_call UncommonTrapBlob}
  0x000001fb87d7d5c8: c5f8 77e8 

  0x000001fb87d7d5cc: ; ImmutableOopMap {[32]=Oop [40]=NarrowOop [44]=NarrowOop [72]=Oop }
                      ;*ifne {reexecute=1 rethrow=0 return_oop=0}
                      ; - (reexecute) java.lang.StringConcatHelper::newString@3 (line 386)
                      ; - java.lang.invoke.DirectMethodHandle$Holder::invokeStatic@13
                      ; - java.lang.invoke.LambdaForm$MH/0x000001fb97095400::invoke@71
                      ; - java.lang.invoke.Invokers$Holder::linkToTargetMethod@5
                      ; - io.github.universityTycoon.MainScreen::draw@868 (line 312)
  0x000001fb87d7d5cc: 304d 72ff | ba45 ffff | ff44 8b44 | 242c 4489 | 4424 2044 | 8b54 2428 | 4489 5424 | 2489 4424 
  0x000001fb87d7d5ec: 2c89 4424 | 3066 6690 

  0x000001fb87d7d5f4: ;   {runtime_call UncommonTrapBlob}
  0x000001fb87d7d5f4: c5f8 77e8 

  0x000001fb87d7d5f8: ; ImmutableOopMap {rbp=Oop [32]=NarrowOop [36]=NarrowOop }
                      ;*iflt {reexecute=1 rethrow=0 return_oop=0}
                      ; - (reexecute) java.lang.Integer::stringSize@3 (line 552)
                      ; - java.lang.StringConcatHelper::mix@2 (line 112)
                      ; - java.lang.invoke.DirectMethodHandle$Holder::invokeStatic@13
                      ; - java.lang.invoke.LambdaForm$MH/0x000001fb97095000::invoke@23
                      ; - java.lang.invoke.LambdaForm$MH/0x000001fb97095400::invoke@15
                      ; - java.lang.invoke.Invokers$Holder::linkToTargetMethod@5
                      ; - io.github.universityTycoon.MainScreen::draw@893 (line 313)
  0x000001fb87d7d5f8: 044d 72ff | 4533 db4d | 3bd3 bdff | ffff ff7c | 0840 0f95 | c540 0fb6 | edba 45ff | ffff 4c8b 
  0x000001fb87d7d618: 5c24 384c | 895c 2420 | 4c89 5424 | 3866 6690 

  0x000001fb87d7d628: ;   {runtime_call UncommonTrapBlob}
  0x000001fb87d7d628: c5f8 77e8 

  0x000001fb87d7d62c: ; ImmutableOopMap {[32]=Oop [40]=NarrowOop [44]=NarrowOop [72]=Oop }
                      ;*ifne {reexecute=1 rethrow=0 return_oop=0}
                      ; - (reexecute) java.lang.StringConcatHelper::newString@3 (line 386)
                      ; - java.lang.invoke.DirectMethodHandle$Holder::invokeStatic@13
                      ; - java.lang.invoke.LambdaForm$MH/0x000001fb97095400::invoke@71
                      ; - java.lang.invoke.Invokers$Holder::linkToTargetMethod@5
                      ; - io.github.universityTycoon.MainScreen::draw@893 (line 313)
  0x000001fb87d7d62c: d04c 72ff | 4d8b d345 | 33db 4d3b | d3bd ffff | ffff 7c08 | 400f 95c5 | 400f b6ed | ba45 ffff 
  0x000001fb87d7d64c: ff4c 8b5c | 2438 4c89 | 5c24 2090 

  0x000001fb87d7d658: ;   {runtime_call UncommonTrapBlob}
  0x000001fb87d7d658: c5f8 77e8 

  0x000001fb87d7d65c: ; ImmutableOopMap {[32]=Oop [40]=NarrowOop [44]=NarrowOop }
                      ;*iflt {reexecute=1 rethrow=0 return_oop=0}
                      ; - (reexecute) java.lang.Long::stringSize@5 (line 596)
                      ; - java.lang.StringConcatHelper::mix@2 (line 123)
                      ; - java.lang.invoke.DirectMethodHandle$Holder::invokeStatic@13
                      ; - java.lang.invoke.LambdaForm$MH/0x000001fb97098c00::invoke@23
                      ; - java.lang.invoke.LambdaForm$MH/0x000001fb97099000::invoke@15
                      ; - java.lang.invoke.Invokers$Holder::linkToTargetMethod@5
                      ; - io.github.universityTycoon.MainScreen::draw@925 (line 314)
  0x000001fb87d7d65c: a04c 72ff | 4533 d249 | 3bfa bdff | ffff ff7c | 0840 0f95 | c540 0fb6 | edba 45ff | ffff 4c8b 
  0x000001fb87d7d67c: 5424 384c | 8954 2420 | 4889 5c24 | 3048 897c | 2438 6690 

  0x000001fb87d7d690: ;   {runtime_call UncommonTrapBlob}
  0x000001fb87d7d690: c5f8 77e8 

  0x000001fb87d7d694: ; ImmutableOopMap {[32]=Oop [40]=NarrowOop [44]=NarrowOop [48]=Oop }
                      ;*ifne {reexecute=1 rethrow=0 return_oop=0}
                      ; - (reexecute) java.lang.StringConcatHelper::newString@3 (line 386)
                      ; - java.lang.invoke.DirectMethodHandle$Holder::invokeStatic@13
                      ; - java.lang.invoke.LambdaForm$MH/0x000001fb97099000::invoke@74
                      ; - java.lang.invoke.Invokers$Holder::linkToTargetMethod@5
                      ; - io.github.universityTycoon.MainScreen::draw@925 (line 314)
  0x000001fb87d7d694: 684c 72ff | ba45 ffff | ff48 8b6c | 2438 448b | 4c24 2844 | 894c 2420 | 8b4c 242c | 894c 2424 
  0x000001fb87d7d6b4: 4c89 5424 | 3089 4424 | 3844 8944 | 243c 6690 

  0x000001fb87d7d6c4: ;   {runtime_call UncommonTrapBlob}
  0x000001fb87d7d6c4: c5f8 77e8 

  0x000001fb87d7d6c8: ; ImmutableOopMap {rbp=Oop [32]=NarrowOop [36]=NarrowOop [48]=Oop [80]=NarrowOop }
                      ;*if_icmpne {reexecute=1 rethrow=0 return_oop=0}
                      ; - (reexecute) java.lang.StringUTF16::compress@13 (line 162)
                      ; - java.lang.String::<init>@36 (line 4503)
                      ; - java.lang.String::<init>@10 (line 300)
                      ; - jdk.internal.math.FloatingDecimal$BinaryToASCIIBuffer::toJavaFormatString@19 (line 302)
                      ; - jdk.internal.math.FloatingDecimal::toJavaFormatString@4 (line 80)
                      ; - java.lang.Float::toString@1 (line 226)
                      ; - java.lang.String::valueOf@1 (line 4357)
                      ; - java.lang.invoke.LambdaForm$DMH/0x000001fb97095800::invokeStatic@10
                      ; - java.lang.invoke.LambdaForm$MH/0x000001fb97097000::invoke@15
                      ; - java.lang.invoke.LambdaForm$MH/0x000001fb97097400::linkToTargetMethod@5
                      ; - io.github.universityTycoon.MainScreen::draw@793 (line 309)
  0x000001fb87d7d6c8: 344c 72ff | ba45 ffff | ff48 8b6c | 2438 448b | 4c24 2844 | 894c 2420 | 8b4c 242c | 894c 2424 
  0x000001fb87d7d6e8: 448b 4c24 | 3444 894c | 2428 8b4c | 2430 894c | 242c 4c89 | 5424 3089 | 4424 3844 | 895c 243c 
  0x000001fb87d7d708: ;   {runtime_call UncommonTrapBlob}
  0x000001fb87d7d708: c5f8 77e8 

  0x000001fb87d7d70c: ; ImmutableOopMap {rbp=Oop [32]=NarrowOop [36]=NarrowOop [40]=NarrowOop [48]=Oop }
                      ;*if_icmpne {reexecute=1 rethrow=0 return_oop=0}
                      ; - (reexecute) java.lang.StringUTF16::compress@13 (line 162)
                      ; - java.lang.String::<init>@36 (line 4503)
                      ; - java.lang.String::<init>@10 (line 300)
                      ; - jdk.internal.math.FloatingDecimal$BinaryToASCIIBuffer::toJavaFormatString@19 (line 302)
                      ; - jdk.internal.math.FloatingDecimal::toJavaFormatString@4 (line 80)
                      ; - java.lang.Float::toString@1 (line 226)
                      ; - java.lang.String::valueOf@1 (line 4357)
                      ; - java.lang.invoke.LambdaForm$DMH/0x000001fb97095800::invokeStatic@10
                      ; - java.lang.invoke.LambdaForm$MH/0x000001fb97097000::invoke@15
                      ; - java.lang.invoke.LambdaForm$MH/0x000001fb97097400::linkToTargetMethod@5
                      ; - io.github.universityTycoon.MainScreen::draw@818 (line 310)
  0x000001fb87d7d70c: f04b 72ff | ba45 ffff | ff48 8b6c | 2438 448b | 5424 2844 | 8954 2420 | 448b 5c24 | 2c44 895c 
  0x000001fb87d7d72c: 2424 8944 | 2430 8944 | 2438 6690 

  0x000001fb87d7d738: ;   {runtime_call UncommonTrapBlob}
  0x000001fb87d7d738: c5f8 77e8 

  0x000001fb87d7d73c: ; ImmutableOopMap {rbp=Oop [32]=NarrowOop [36]=NarrowOop [92]=NarrowOop }
                      ;*iflt {reexecute=1 rethrow=0 return_oop=0}
                      ; - (reexecute) java.lang.String::checkBoundsOffCount@5 (line 4592)
                      ; - java.lang.String::rangeCheck@4 (line 304)
                      ; - java.lang.String::<init>@7 (line 300)
                      ; - jdk.internal.math.FloatingDecimal$BinaryToASCIIBuffer::toJavaFormatString@19 (line 302)
                      ; - jdk.internal.math.FloatingDecimal::toJavaFormatString@4 (line 80)
                      ; - java.lang.Float::toString@1 (line 226)
                      ; - java.lang.String::valueOf@1 (line 4357)
                      ; - java.lang.invoke.LambdaForm$DMH/0x000001fb97095800::invokeStatic@10
                      ; - java.lang.invoke.LambdaForm$MH/0x000001fb97097000::invoke@15
                      ; - java.lang.invoke.LambdaForm$MH/0x000001fb97097400::linkToTargetMethod@5
                      ; - io.github.universityTycoon.MainScreen::draw@658 (line 302)
  0x000001fb87d7d73c: c04b 72ff | ba45 ffff | ff48 8b6c | 2438 448b | 4c24 2844 | 894c 2420 | 448b 5c24 | 2c44 895c 
  0x000001fb87d7d75c: 2424 4c89 | 5424 2844 | 8944 2434 

  0x000001fb87d7d768: ;   {runtime_call UncommonTrapBlob}
  0x000001fb87d7d768: c5f8 77e8 

  0x000001fb87d7d76c: ; ImmutableOopMap {rbp=Oop [32]=NarrowOop [36]=NarrowOop [52]=NarrowOop }
                      ;*iflt {reexecute=1 rethrow=0 return_oop=0}
                      ; - (reexecute) java.lang.StringConcatHelper::checkOverflow@2 (line 54)
                      ; - java.lang.StringConcatHelper::mix@23 (line 138)
                      ; - java.lang.invoke.DirectMethodHandle$Holder::invokeStatic@13
                      ; - java.lang.invoke.LambdaForm$MH/0x000001fb9708a800::invoke@23
                      ; - java.lang.invoke.LambdaForm$MH/0x000001fb97097000::invoke@31
                      ; - java.lang.invoke.LambdaForm$MH/0x000001fb97097400::linkToTargetMethod@5
                      ; - io.github.universityTycoon.MainScreen::draw@658 (line 302)
  0x000001fb87d7d76c: 904b 72ff | ba45 ffff | ff48 8b6c | 2438 448b | 5c24 2c44 | 895c 2420 | 448b 5424 | 2844 8954 
  0x000001fb87d7d78c: 2424 448b | 5c24 3444 | 895c 2428 

  0x000001fb87d7d798: ;   {runtime_call UncommonTrapBlob}
  0x000001fb87d7d798: c5f8 77e8 

  0x000001fb87d7d79c: ; ImmutableOopMap {rbp=Oop [32]=NarrowOop [36]=NarrowOop [40]=NarrowOop }
                      ;*iflt {reexecute=1 rethrow=0 return_oop=0}
                      ; - (reexecute) java.lang.String::checkBoundsOffCount@5 (line 4592)
                      ; - java.lang.String::rangeCheck@4 (line 304)
                      ; - java.lang.String::<init>@7 (line 300)
                      ; - jdk.internal.math.FloatingDecimal$BinaryToASCIIBuffer::toJavaFormatString@19 (line 302)
                      ; - jdk.internal.math.FloatingDecimal::toJavaFormatString@4 (line 80)
                      ; - java.lang.Float::toString@1 (line 226)
                      ; - java.lang.String::valueOf@1 (line 4357)
                      ; - java.lang.invoke.LambdaForm$DMH/0x000001fb97095800::invokeStatic@10
                      ; - java.lang.invoke.LambdaForm$MH/0x000001fb97097000::invoke@15
                      ; - java.lang.invoke.LambdaForm$MH/0x000001fb97097400::linkToTargetMethod@5
                      ; - io.github.universityTycoon.MainScreen::draw@683 (line 303)
  0x000001fb87d7d79c: 604b 72ff | ba45 ffff | ff48 8b6c | 2438 4489 | 4424 2044 | 8b44 242c | 4489 4424 | 244c 8954 
  0x000001fb87d7d7bc: 2438 6690 

  0x000001fb87d7d7c0: ;   {runtime_call UncommonTrapBlob}
  0x000001fb87d7d7c0: c5f8 77e8 

  0x000001fb87d7d7c4: ; ImmutableOopMap {rbp=Oop [32]=NarrowOop [36]=NarrowOop [40]=NarrowOop }
                      ;*iflt {reexecute=1 rethrow=0 return_oop=0}
                      ; - (reexecute) java.lang.StringConcatHelper::checkOverflow@2 (line 54)
                      ; - java.lang.StringConcatHelper::mix@23 (line 138)
                      ; - java.lang.invoke.DirectMethodHandle$Holder::invokeStatic@13
                      ; - java.lang.invoke.LambdaForm$MH/0x000001fb9708a800::invoke@23
                      ; - java.lang.invoke.LambdaForm$MH/0x000001fb97097000::invoke@31
                      ; - java.lang.invoke.LambdaForm$MH/0x000001fb97097400::linkToTargetMethod@5
                      ; - io.github.universityTycoon.MainScreen::draw@683 (line 303)
  0x000001fb87d7d7c4: 384b 72ff | ba45 ffff | ff44 8b54 | 242c 4489 | 5424 2490 

  0x000001fb87d7d7d8: ;   {runtime_call UncommonTrapBlob}
  0x000001fb87d7d7d8: c5f8 77e8 

  0x000001fb87d7d7dc: ; ImmutableOopMap {rbp=Oop [36]=NarrowOop [40]=NarrowOop }
                      ;*iflt {reexecute=1 rethrow=0 return_oop=0}
                      ; - (reexecute) java.lang.Integer::stringSize@3 (line 552)
                      ; - java.lang.StringConcatHelper::mix@2 (line 112)
                      ; - java.lang.invoke.DirectMethodHandle$Holder::invokeStatic@13
                      ; - java.lang.invoke.LambdaForm$MH/0x000001fb97095000::invoke@23
                      ; - java.lang.invoke.LambdaForm$MH/0x000001fb97095400::invoke@15
                      ; - java.lang.invoke.Invokers$Holder::linkToTargetMethod@5
                      ; - io.github.universityTycoon.MainScreen::draw@708 (line 304)
  0x000001fb87d7d7dc: 204b 72ff | 4533 db4d | 3bd3 bdff | ffff ff7c | 0840 0f95 | c540 0fb6 | edba 45ff | ffff 4c8b 
  0x000001fb87d7d7fc: 5c24 384c | 895c 2420 | 4c89 5424 | 3866 6690 

  0x000001fb87d7d80c: ;   {runtime_call UncommonTrapBlob}
  0x000001fb87d7d80c: c5f8 77e8 

  0x000001fb87d7d810: ; ImmutableOopMap {[32]=Oop [40]=NarrowOop [44]=NarrowOop [88]=Oop }
                      ;*ifne {reexecute=1 rethrow=0 return_oop=0}
                      ; - (reexecute) java.lang.StringConcatHelper::newString@3 (line 386)
                      ; - java.lang.invoke.DirectMethodHandle$Holder::invokeStatic@13
                      ; - java.lang.invoke.LambdaForm$MH/0x000001fb97095400::invoke@71
                      ; - java.lang.invoke.Invokers$Holder::linkToTargetMethod@5
                      ; - io.github.universityTycoon.MainScreen::draw@708 (line 304)
  0x000001fb87d7d810: ec4a 72ff | ba45 ffff | ff44 8b5c | 242c 4489 | 5c24 2490 

  0x000001fb87d7d824: ;   {runtime_call UncommonTrapBlob}
  0x000001fb87d7d824: c5f8 77e8 

  0x000001fb87d7d828: ; ImmutableOopMap {rbp=Oop [36]=NarrowOop [40]=NarrowOop }
                      ;*iflt {reexecute=1 rethrow=0 return_oop=0}
                      ; - (reexecute) java.lang.Integer::stringSize@3 (line 552)
                      ; - java.lang.StringConcatHelper::mix@2 (line 112)
                      ; - java.lang.invoke.DirectMethodHandle$Holder::invokeStatic@13
                      ; - java.lang.invoke.LambdaForm$MH/0x000001fb97095000::invoke@23
                      ; - java.lang.invoke.LambdaForm$MH/0x000001fb97095400::invoke@15
                      ; - java.lang.invoke.Invokers$Holder::linkToTargetMethod@5
                      ; - io.github.universityTycoon.MainScreen::draw@733 (line 305)
  0x000001fb87d7d828: d44a 72ff | 4533 db4d | 3bd3 bdff | ffff ff7c | 0840 0f95 | c540 0fb6 | edba 45ff | ffff 4c8b 
  0x000001fb87d7d848: 5c24 384c | 895c 2420 | 4c89 5424 | 3866 6690 

  0x000001fb87d7d858: ;   {runtime_call UncommonTrapBlob}
  0x000001fb87d7d858: c5f8 77e8 

  0x000001fb87d7d85c: ; ImmutableOopMap {[32]=Oop [40]=NarrowOop [44]=NarrowOop [88]=Oop }
                      ;*ifne {reexecute=1 rethrow=0 return_oop=0}
                      ; - (reexecute) java.lang.StringConcatHelper::newString@3 (line 386)
                      ; - java.lang.invoke.DirectMethodHandle$Holder::invokeStatic@13
                      ; - java.lang.invoke.LambdaForm$MH/0x000001fb97095400::invoke@71
                      ; - java.lang.invoke.Invokers$Holder::linkToTargetMethod@5
                      ; - io.github.universityTycoon.MainScreen::draw@733 (line 305)
  0x000001fb87d7d85c: a04a 72ff | 4d8b d345 | 33db 4d3b | d3bd ffff | ffff 7c08 | 400f 95c5 | 400f b6ed | ba45 ffff 
  0x000001fb87d7d87c: ff4c 8b5c | 2438 4c89 | 5c24 204c | 8954 2438 

  0x000001fb87d7d88c: ;   {runtime_call UncommonTrapBlob}
  0x000001fb87d7d88c: c5f8 77e8 

  0x000001fb87d7d890: ; ImmutableOopMap {[32]=Oop [40]=NarrowOop [44]=NarrowOop }
                      ;*iflt {reexecute=1 rethrow=0 return_oop=0}
                      ; - (reexecute) java.lang.Long::stringSize@5 (line 596)
                      ; - java.lang.StringConcatHelper::mix@2 (line 123)
                      ; - java.lang.invoke.DirectMethodHandle$Holder::invokeStatic@13
                      ; - java.lang.invoke.LambdaForm$MH/0x000001fb97098c00::invoke@23
                      ; - java.lang.invoke.LambdaForm$MH/0x000001fb97099000::invoke@15
                      ; - java.lang.invoke.Invokers$Holder::linkToTargetMethod@5
                      ; - io.github.universityTycoon.MainScreen::draw@765 (line 306)
  0x000001fb87d7d890: 6c4a 72ff | 4533 d249 | 3bfa bdff | ffff ff7c | 0840 0f95 | c540 0fb6 | edba 45ff | ffff 4c8b 
  0x000001fb87d7d8b0: 5424 384c | 8954 2420 | 4889 5c24 | 3048 897c | 2438 6690 

  0x000001fb87d7d8c4: ;   {runtime_call UncommonTrapBlob}
  0x000001fb87d7d8c4: c5f8 77e8 

  0x000001fb87d7d8c8: ; ImmutableOopMap {[32]=Oop [40]=NarrowOop [44]=NarrowOop [48]=Oop }
                      ;*ifne {reexecute=1 rethrow=0 return_oop=0}
                      ; - (reexecute) java.lang.StringConcatHelper::newString@3 (line 386)
                      ; - java.lang.invoke.DirectMethodHandle$Holder::invokeStatic@13
                      ; - java.lang.invoke.LambdaForm$MH/0x000001fb97099000::invoke@74
                      ; - java.lang.invoke.Invokers$Holder::linkToTargetMethod@5
                      ; - io.github.universityTycoon.MainScreen::draw@765 (line 306)
  0x000001fb87d7d8c8: 344a 72ff | ba45 ffff | ff48 8b6c | 2438 448b | 4c24 2844 | 894c 2420 | 8b4c 242c | 894c 2424 
  0x000001fb87d7d8e8: 4c89 5424 | 3089 4424 | 3844 8944 | 243c 6690 

  0x000001fb87d7d8f8: ;   {runtime_call UncommonTrapBlob}
  0x000001fb87d7d8f8: c5f8 77e8 

  0x000001fb87d7d8fc: ; ImmutableOopMap {rbp=Oop [32]=NarrowOop [36]=NarrowOop [48]=Oop [92]=NarrowOop }
                      ;*if_icmpne {reexecute=1 rethrow=0 return_oop=0}
                      ; - (reexecute) java.lang.StringUTF16::compress@13 (line 162)
                      ; - java.lang.String::<init>@36 (line 4503)
                      ; - java.lang.String::<init>@10 (line 300)
                      ; - jdk.internal.math.FloatingDecimal$BinaryToASCIIBuffer::toJavaFormatString@19 (line 302)
                      ; - jdk.internal.math.FloatingDecimal::toJavaFormatString@4 (line 80)
                      ; - java.lang.Float::toString@1 (line 226)
                      ; - java.lang.String::valueOf@1 (line 4357)
                      ; - java.lang.invoke.LambdaForm$DMH/0x000001fb97095800::invokeStatic@10
                      ; - java.lang.invoke.LambdaForm$MH/0x000001fb97097000::invoke@15
                      ; - java.lang.invoke.LambdaForm$MH/0x000001fb97097400::linkToTargetMethod@5
                      ; - io.github.universityTycoon.MainScreen::draw@658 (line 302)
  0x000001fb87d7d8fc: 004a 72ff | ba45 ffff | ff48 8b6c | 2438 8b4c | 242c 894c | 2420 448b | 5c24 2844 | 895c 2424 
  0x000001fb87d7d91c: 8b4c 2434 | 894c 2428 | 448b 5c24 | 3044 895c | 242c 4c89 | 5424 3089 | 4424 3844 | 8944 243c 
  0x000001fb87d7d93c: ;   {runtime_call UncommonTrapBlob}
  0x000001fb87d7d93c: c5f8 77e8 

  0x000001fb87d7d940: ; ImmutableOopMap {rbp=Oop [32]=NarrowOop [36]=NarrowOop [40]=NarrowOop [48]=Oop }
                      ;*if_icmpne {reexecute=1 rethrow=0 return_oop=0}
                      ; - (reexecute) java.lang.StringUTF16::compress@13 (line 162)
                      ; - java.lang.String::<init>@36 (line 4503)
                      ; - java.lang.String::<init>@10 (line 300)
                      ; - jdk.internal.math.FloatingDecimal$BinaryToASCIIBuffer::toJavaFormatString@19 (line 302)
                      ; - jdk.internal.math.FloatingDecimal::toJavaFormatString@4 (line 80)
                      ; - java.lang.Float::toString@1 (line 226)
                      ; - java.lang.String::valueOf@1 (line 4357)
                      ; - java.lang.invoke.LambdaForm$DMH/0x000001fb97095800::invokeStatic@10
                      ; - java.lang.invoke.LambdaForm$MH/0x000001fb97097000::invoke@15
                      ; - java.lang.invoke.LambdaForm$MH/0x000001fb97097400::linkToTargetMethod@5
                      ; - io.github.universityTycoon.MainScreen::draw@683 (line 303)
  0x000001fb87d7d940: bc49 72ff | ba45 ffff | ff44 8954 | 2430 6690 

  0x000001fb87d7d950: ;   {runtime_call UncommonTrapBlob}
  0x000001fb87d7d950: c5f8 77e8 

  0x000001fb87d7d954: ; ImmutableOopMap {[40]=NarrowOop [44]=NarrowOop [56]=Oop }
                      ;*ifeq {reexecute=1 rethrow=0 return_oop=0}
                      ; - (reexecute) jdk.internal.math.FloatingDecimal::getBinaryToASCIIConverter@9 (line 1791)
                      ; - jdk.internal.math.FloatingDecimal::toJavaFormatString@1 (line 80)
                      ; - java.lang.Float::toString@1 (line 226)
                      ; - java.lang.String::valueOf@1 (line 4357)
                      ; - java.lang.invoke.LambdaForm$DMH/0x000001fb97095800::invokeStatic@10
                      ; - java.lang.invoke.LambdaForm$MH/0x000001fb97097000::invoke@15
                      ; - java.lang.invoke.LambdaForm$MH/0x000001fb97097400::linkToTargetMethod@5
                      ; - io.github.universityTycoon.MainScreen::draw@793 (line 309)
  0x000001fb87d7d954: a849 72ff | ba45 ffff | ff48 8b6c | 2438 448b | 4c24 2844 | 894c 2420 | 448b 5424 | 2c44 8954 
  0x000001fb87d7d974: 2424 4489 | 4424 2844 | 895c 2430 

  0x000001fb87d7d980: ;   {runtime_call UncommonTrapBlob}
  0x000001fb87d7d980: c5f8 77e8 

  0x000001fb87d7d984: ; ImmutableOopMap {rbp=Oop [32]=NarrowOop [36]=NarrowOop }
                      ;*if_icmpne {reexecute=1 rethrow=0 return_oop=0}
                      ; - (reexecute) jdk.internal.math.FloatingDecimal::getBinaryToASCIIConverter@37 (line 1795)
                      ; - jdk.internal.math.FloatingDecimal::toJavaFormatString@1 (line 80)
                      ; - java.lang.Float::toString@1 (line 226)
                      ; - java.lang.String::valueOf@1 (line 4357)
                      ; - java.lang.invoke.LambdaForm$DMH/0x000001fb97095800::invokeStatic@10
                      ; - java.lang.invoke.LambdaForm$MH/0x000001fb97097000::invoke@15
                      ; - java.lang.invoke.LambdaForm$MH/0x000001fb97097400::linkToTargetMethod@5
                      ; - io.github.universityTycoon.MainScreen::draw@793 (line 309)
  0x000001fb87d7d984: 7849 72ff | ba45 ffff | ff48 8b6c | 2438 448b | 4c24 2844 | 894c 2420 | 448b 5424 | 2c44 8954 
  0x000001fb87d7d9a4: 2424 4489 | 4424 2844 | 895c 2430 

  0x000001fb87d7d9b0: ;   {runtime_call UncommonTrapBlob}
  0x000001fb87d7d9b0: c5f8 77e8 

  0x000001fb87d7d9b4: ; ImmutableOopMap {rbp=Oop [32]=NarrowOop [36]=NarrowOop }
                      ;*ifne {reexecute=1 rethrow=0 return_oop=0}
                      ; - (reexecute) jdk.internal.math.FloatingDecimal::getBinaryToASCIIConverter@67 (line 1807)
                      ; - jdk.internal.math.FloatingDecimal::toJavaFormatString@1 (line 80)
                      ; - java.lang.Float::toString@1 (line 226)
                      ; - java.lang.String::valueOf@1 (line 4357)
                      ; - java.lang.invoke.LambdaForm$DMH/0x000001fb97095800::invokeStatic@10
                      ; - java.lang.invoke.LambdaForm$MH/0x000001fb97097000::invoke@15
                      ; - java.lang.invoke.LambdaForm$MH/0x000001fb97097400::linkToTargetMethod@5
                      ; - io.github.universityTycoon.MainScreen::draw@793 (line 309)
  0x000001fb87d7d9b4: 4849 72ff | ba45 ffff | ff4c 8b54 | 2438 4c89 | 5424 2089 | 4424 3890 

  0x000001fb87d7d9cc: ;   {runtime_call UncommonTrapBlob}
  0x000001fb87d7d9cc: c5f8 77e8 

  0x000001fb87d7d9d0: ; ImmutableOopMap {[32]=Oop [40]=NarrowOop [44]=NarrowOop [80]=NarrowOop }
                      ;*if_icmple {reexecute=1 rethrow=0 return_oop=0}
                      ; - (reexecute) java.lang.String::checkBoundsOffCount@12 (line 4592)
                      ; - java.lang.String::rangeCheck@4 (line 304)
                      ; - java.lang.String::<init>@7 (line 300)
                      ; - jdk.internal.math.FloatingDecimal$BinaryToASCIIBuffer::toJavaFormatString@19 (line 302)
                      ; - jdk.internal.math.FloatingDecimal::toJavaFormatString@4 (line 80)
                      ; - java.lang.Float::toString@1 (line 226)
                      ; - java.lang.String::valueOf@1 (line 4357)
                      ; - java.lang.invoke.LambdaForm$DMH/0x000001fb97095800::invokeStatic@10
                      ; - java.lang.invoke.LambdaForm$MH/0x000001fb97097000::invoke@15
                      ; - java.lang.invoke.LambdaForm$MH/0x000001fb97097400::linkToTargetMethod@5
                      ; - io.github.universityTycoon.MainScreen::draw@793 (line 309)
  0x000001fb87d7d9d0: 2c49 72ff | ba45 ffff | ff48 8b6c | 2438 448b | 5c24 2844 | 895c 2420 | 448b 5424 | 2c44 8954 
  0x000001fb87d7d9f0: 2424 4c8b | 5424 704c | 8954 2430 | 448b 5c24 | 6445 8bd3 | 4489 5424 | 3c44 8944 | 2440 6690 
  0x000001fb87d7da10: ;   {runtime_call UncommonTrapBlob}
  0x000001fb87d7da10: c5f8 77e8 

  0x000001fb87d7da14: ; ImmutableOopMap {rbp=Oop [32]=NarrowOop [36]=NarrowOop [64]=NarrowOop }
                      ;*ifge {reexecute=1 rethrow=0 return_oop=0}
                      ; - (reexecute) jdk.internal.misc.Unsafe::allocateUninitializedArray@34 (line 1372)
                      ; - java.lang.StringConcatHelper::newArray@19 (line 494)
                      ; - java.lang.StringConcatHelper::newArrayWithSuffix@7 (line 475)
                      ; - java.lang.invoke.DirectMethodHandle$Holder::invokeStatic@13
                      ; - java.lang.invoke.LambdaForm$MH/0x000001fb97098400::invoke@23
                      ; - java.lang.invoke.LambdaForm$MH/0x000001fb97097000::invoke@49
                      ; - java.lang.invoke.LambdaForm$MH/0x000001fb97097400::linkToTargetMethod@5
                      ; - io.github.universityTycoon.MainScreen::draw@793 (line 309)
  0x000001fb87d7da14: e848 72ff | ba45 ffff | ff44 8954 | 2430 6690 

  0x000001fb87d7da24: ;   {runtime_call UncommonTrapBlob}
  0x000001fb87d7da24: c5f8 77e8 

  0x000001fb87d7da28: ; ImmutableOopMap {[40]=NarrowOop [44]=NarrowOop [56]=Oop }
                      ;*ifeq {reexecute=1 rethrow=0 return_oop=0}
                      ; - (reexecute) jdk.internal.math.FloatingDecimal::getBinaryToASCIIConverter@9 (line 1791)
                      ; - jdk.internal.math.FloatingDecimal::toJavaFormatString@1 (line 80)
                      ; - java.lang.Float::toString@1 (line 226)
                      ; - java.lang.String::valueOf@1 (line 4357)
                      ; - java.lang.invoke.LambdaForm$DMH/0x000001fb97095800::invokeStatic@10
                      ; - java.lang.invoke.LambdaForm$MH/0x000001fb97097000::invoke@15
                      ; - java.lang.invoke.LambdaForm$MH/0x000001fb97097400::linkToTargetMethod@5
                      ; - io.github.universityTycoon.MainScreen::draw@818 (line 310)
  0x000001fb87d7da28: d448 72ff | ba45 ffff | ff48 8b6c | 2438 448b | 4c24 2844 | 894c 2420 | 448b 4424 | 2c44 8944 
  0x000001fb87d7da48: 2424 4489 | 5c24 2844 | 8954 2430 

  0x000001fb87d7da54: ;   {runtime_call UncommonTrapBlob}
  0x000001fb87d7da54: c5f8 77e8 

  0x000001fb87d7da58: ; ImmutableOopMap {rbp=Oop [32]=NarrowOop [36]=NarrowOop }
                      ;*if_icmpne {reexecute=1 rethrow=0 return_oop=0}
                      ; - (reexecute) jdk.internal.math.FloatingDecimal::getBinaryToASCIIConverter@37 (line 1795)
                      ; - jdk.internal.math.FloatingDecimal::toJavaFormatString@1 (line 80)
                      ; - java.lang.Float::toString@1 (line 226)
                      ; - java.lang.String::valueOf@1 (line 4357)
                      ; - java.lang.invoke.LambdaForm$DMH/0x000001fb97095800::invokeStatic@10
                      ; - java.lang.invoke.LambdaForm$MH/0x000001fb97097000::invoke@15
                      ; - java.lang.invoke.LambdaForm$MH/0x000001fb97097400::linkToTargetMethod@5
                      ; - io.github.universityTycoon.MainScreen::draw@818 (line 310)
  0x000001fb87d7da58: a448 72ff | ba45 ffff | ff48 8b6c | 2438 448b | 4c24 2844 | 894c 2420 | 448b 4424 | 2c44 8944 
  0x000001fb87d7da78: 2424 4489 | 5c24 2844 | 8954 2430 

  0x000001fb87d7da84: ;   {runtime_call UncommonTrapBlob}
  0x000001fb87d7da84: c5f8 77e8 

  0x000001fb87d7da88: ; ImmutableOopMap {rbp=Oop [32]=NarrowOop [36]=NarrowOop }
                      ;*ifne {reexecute=1 rethrow=0 return_oop=0}
                      ; - (reexecute) jdk.internal.math.FloatingDecimal::getBinaryToASCIIConverter@67 (line 1807)
                      ; - jdk.internal.math.FloatingDecimal::toJavaFormatString@1 (line 80)
                      ; - java.lang.Float::toString@1 (line 226)
                      ; - java.lang.String::valueOf@1 (line 4357)
                      ; - java.lang.invoke.LambdaForm$DMH/0x000001fb97095800::invokeStatic@10
                      ; - java.lang.invoke.LambdaForm$MH/0x000001fb97097000::invoke@15
                      ; - java.lang.invoke.LambdaForm$MH/0x000001fb97097400::linkToTargetMethod@5
                      ; - io.github.universityTycoon.MainScreen::draw@818 (line 310)
  0x000001fb87d7da88: 7448 72ff | ba45 ffff | ff4c 8b54 | 2438 4c89 | 5424 2090 

  0x000001fb87d7da9c: ;   {runtime_call UncommonTrapBlob}
  0x000001fb87d7da9c: c5f8 77e8 

  0x000001fb87d7daa0: ; ImmutableOopMap {[32]=Oop [40]=NarrowOop [44]=NarrowOop [52]=NarrowOop }
                      ;*if_icmple {reexecute=1 rethrow=0 return_oop=0}
                      ; - (reexecute) java.lang.String::checkBoundsOffCount@12 (line 4592)
                      ; - java.lang.String::rangeCheck@4 (line 304)
                      ; - java.lang.String::<init>@7 (line 300)
                      ; - jdk.internal.math.FloatingDecimal$BinaryToASCIIBuffer::toJavaFormatString@19 (line 302)
                      ; - jdk.internal.math.FloatingDecimal::toJavaFormatString@4 (line 80)
                      ; - java.lang.Float::toString@1 (line 226)
                      ; - java.lang.String::valueOf@1 (line 4357)
                      ; - java.lang.invoke.LambdaForm$DMH/0x000001fb97095800::invokeStatic@10
                      ; - java.lang.invoke.LambdaForm$MH/0x000001fb97097000::invoke@15
                      ; - java.lang.invoke.LambdaForm$MH/0x000001fb97097400::linkToTargetMethod@5
                      ; - io.github.universityTycoon.MainScreen::draw@818 (line 310)
  0x000001fb87d7daa0: 5c48 72ff | 49c7 c300 | 0000 804d | 3bd3 bdff | ffff ff7c | 0840 0f95 | c540 0fb6 | edba 45ff 
  0x000001fb87d7dac0: ffff 4c8b | 5c24 384c | 895c 2420 | 4889 7424 | 3848 ff74 | 2450 488f | 4424 4048 | 8974 2448 
  0x000001fb87d7dae0: 8944 2450 

  0x000001fb87d7dae4: ;   {runtime_call UncommonTrapBlob}
  0x000001fb87d7dae4: c5f8 77e8 

  0x000001fb87d7dae8: ; ImmutableOopMap {[32]=Oop [40]=NarrowOop [44]=NarrowOop [56]=Oop [72]=Oop }
                      ;*ifgt {reexecute=1 rethrow=0 return_oop=0}
                      ; - (reexecute) java.lang.Long::getChars@29 (line 548)
                      ; - java.lang.StringConcatHelper::prepend@12 (line 318)
                      ; - java.lang.StringConcatHelper::prepend@3 (line 336)
                      ; - java.lang.invoke.DirectMethodHandle$Holder::invokeStatic@17
                      ; - java.lang.invoke.LambdaForm$MH/0x000001fb97097c00::invoke@28
                      ; - java.lang.invoke.LambdaForm$MH/0x000001fb97099000::invoke@54
                      ; - java.lang.invoke.Invokers$Holder::linkToTargetMethod@5
                      ; - io.github.universityTycoon.MainScreen::draw@925 (line 314)
  0x000001fb87d7dae8: 1448 72ff | ba45 ffff | ffc4 c179 | 7ec3 4489 | 5c24 3090 

  0x000001fb87d7dafc: ;   {runtime_call UncommonTrapBlob}
  0x000001fb87d7dafc: c5f8 77e8 

  0x000001fb87d7db00: ; ImmutableOopMap {[40]=NarrowOop [44]=NarrowOop [56]=Oop }
                      ;*ifeq {reexecute=1 rethrow=0 return_oop=0}
                      ; - (reexecute) jdk.internal.math.FloatingDecimal::getBinaryToASCIIConverter@9 (line 1791)
                      ; - jdk.internal.math.FloatingDecimal::toJavaFormatString@1 (line 80)
                      ; - java.lang.Float::toString@1 (line 226)
                      ; - java.lang.String::valueOf@1 (line 4357)
                      ; - java.lang.invoke.LambdaForm$DMH/0x000001fb97095800::invokeStatic@10
                      ; - java.lang.invoke.LambdaForm$MH/0x000001fb97097000::invoke@15
                      ; - java.lang.invoke.LambdaForm$MH/0x000001fb97097400::linkToTargetMethod@5
                      ; - io.github.universityTycoon.MainScreen::draw@658 (line 302)
  0x000001fb87d7db00: fc47 72ff | ba45 ffff | ff48 8b6c | 2438 448b | 4c24 2844 | 894c 2420 | 448b 4424 | 2c44 8944 
  0x000001fb87d7db20: 2424 4489 | 5424 2844 | 895c 2430 

  0x000001fb87d7db2c: ;   {runtime_call UncommonTrapBlob}
  0x000001fb87d7db2c: c5f8 77e8 

  0x000001fb87d7db30: ; ImmutableOopMap {rbp=Oop [32]=NarrowOop [36]=NarrowOop }
                      ;*if_icmpne {reexecute=1 rethrow=0 return_oop=0}
                      ; - (reexecute) jdk.internal.math.FloatingDecimal::getBinaryToASCIIConverter@37 (line 1795)
                      ; - jdk.internal.math.FloatingDecimal::toJavaFormatString@1 (line 80)
                      ; - java.lang.Float::toString@1 (line 226)
                      ; - java.lang.String::valueOf@1 (line 4357)
                      ; - java.lang.invoke.LambdaForm$DMH/0x000001fb97095800::invokeStatic@10
                      ; - java.lang.invoke.LambdaForm$MH/0x000001fb97097000::invoke@15
                      ; - java.lang.invoke.LambdaForm$MH/0x000001fb97097400::linkToTargetMethod@5
                      ; - io.github.universityTycoon.MainScreen::draw@658 (line 302)
  0x000001fb87d7db30: cc47 72ff | ba45 ffff | ff48 8b6c | 2438 448b | 4c24 2844 | 894c 2420 | 448b 4424 | 2c44 8944 
  0x000001fb87d7db50: 2424 4489 | 5424 2844 | 895c 2430 

  0x000001fb87d7db5c: ;   {runtime_call UncommonTrapBlob}
  0x000001fb87d7db5c: c5f8 77e8 

  0x000001fb87d7db60: ; ImmutableOopMap {rbp=Oop [32]=NarrowOop [36]=NarrowOop }
                      ;*ifne {reexecute=1 rethrow=0 return_oop=0}
                      ; - (reexecute) jdk.internal.math.FloatingDecimal::getBinaryToASCIIConverter@67 (line 1807)
                      ; - jdk.internal.math.FloatingDecimal::toJavaFormatString@1 (line 80)
                      ; - java.lang.Float::toString@1 (line 226)
                      ; - java.lang.String::valueOf@1 (line 4357)
                      ; - java.lang.invoke.LambdaForm$DMH/0x000001fb97095800::invokeStatic@10
                      ; - java.lang.invoke.LambdaForm$MH/0x000001fb97097000::invoke@15
                      ; - java.lang.invoke.LambdaForm$MH/0x000001fb97097400::linkToTargetMethod@5
                      ; - io.github.universityTycoon.MainScreen::draw@658 (line 302)
  0x000001fb87d7db60: 9c47 72ff | ba45 ffff | ff4c 8b54 | 2438 4c89 | 5424 2089 | 4424 3890 

  0x000001fb87d7db78: ;   {runtime_call UncommonTrapBlob}
  0x000001fb87d7db78: c5f8 77e8 

  0x000001fb87d7db7c: ; ImmutableOopMap {[32]=Oop [40]=NarrowOop [44]=NarrowOop [92]=NarrowOop }
                      ;*if_icmple {reexecute=1 rethrow=0 return_oop=0}
                      ; - (reexecute) java.lang.String::checkBoundsOffCount@12 (line 4592)
                      ; - java.lang.String::rangeCheck@4 (line 304)
                      ; - java.lang.String::<init>@7 (line 300)
                      ; - jdk.internal.math.FloatingDecimal$BinaryToASCIIBuffer::toJavaFormatString@19 (line 302)
                      ; - jdk.internal.math.FloatingDecimal::toJavaFormatString@4 (line 80)
                      ; - java.lang.Float::toString@1 (line 226)
                      ; - java.lang.String::valueOf@1 (line 4357)
                      ; - java.lang.invoke.LambdaForm$DMH/0x000001fb97095800::invokeStatic@10
                      ; - java.lang.invoke.LambdaForm$MH/0x000001fb97097000::invoke@15
                      ; - java.lang.invoke.LambdaForm$MH/0x000001fb97097400::linkToTargetMethod@5
                      ; - io.github.universityTycoon.MainScreen::draw@658 (line 302)
  0x000001fb87d7db7c: 8047 72ff | ba45 ffff | ffc4 c179 | 7ec3 4489 | 5c24 3090 

  0x000001fb87d7db90: ;   {runtime_call UncommonTrapBlob}
  0x000001fb87d7db90: c5f8 77e8 

  0x000001fb87d7db94: ; ImmutableOopMap {[40]=NarrowOop [44]=NarrowOop [56]=Oop }
                      ;*ifeq {reexecute=1 rethrow=0 return_oop=0}
                      ; - (reexecute) jdk.internal.math.FloatingDecimal::getBinaryToASCIIConverter@9 (line 1791)
                      ; - jdk.internal.math.FloatingDecimal::toJavaFormatString@1 (line 80)
                      ; - java.lang.Float::toString@1 (line 226)
                      ; - java.lang.String::valueOf@1 (line 4357)
                      ; - java.lang.invoke.LambdaForm$DMH/0x000001fb97095800::invokeStatic@10
                      ; - java.lang.invoke.LambdaForm$MH/0x000001fb97097000::invoke@15
                      ; - java.lang.invoke.LambdaForm$MH/0x000001fb97097400::linkToTargetMethod@5
                      ; - io.github.universityTycoon.MainScreen::draw@683 (line 303)
  0x000001fb87d7db94: 6847 72ff | ba45 ffff | ff48 8b6c | 2438 448b | 4c24 2c44 | 894c 2420 | 448b 5424 | 2844 8954 
  0x000001fb87d7dbb4: 2424 4489 | 5c24 2844 | 8944 2430 

  0x000001fb87d7dbc0: ;   {runtime_call UncommonTrapBlob}
  0x000001fb87d7dbc0: c5f8 77e8 

  0x000001fb87d7dbc4: ; ImmutableOopMap {rbp=Oop [32]=NarrowOop [36]=NarrowOop }
                      ;*if_icmpne {reexecute=1 rethrow=0 return_oop=0}
                      ; - (reexecute) jdk.internal.math.FloatingDecimal::getBinaryToASCIIConverter@37 (line 1795)
                      ; - jdk.internal.math.FloatingDecimal::toJavaFormatString@1 (line 80)
                      ; - java.lang.Float::toString@1 (line 226)
                      ; - java.lang.String::valueOf@1 (line 4357)
                      ; - java.lang.invoke.LambdaForm$DMH/0x000001fb97095800::invokeStatic@10
                      ; - java.lang.invoke.LambdaForm$MH/0x000001fb97097000::invoke@15
                      ; - java.lang.invoke.LambdaForm$MH/0x000001fb97097400::linkToTargetMethod@5
                      ; - io.github.universityTycoon.MainScreen::draw@683 (line 303)
  0x000001fb87d7dbc4: 3847 72ff | ba45 ffff | ff48 8b6c | 2438 448b | 4c24 2c44 | 894c 2420 | 448b 5424 | 2844 8954 
  0x000001fb87d7dbe4: 2424 4489 | 5c24 2844 | 8944 2430 

  0x000001fb87d7dbf0: ;   {runtime_call UncommonTrapBlob}
  0x000001fb87d7dbf0: c5f8 77e8 

  0x000001fb87d7dbf4: ; ImmutableOopMap {rbp=Oop [32]=NarrowOop [36]=NarrowOop }
                      ;*ifne {reexecute=1 rethrow=0 return_oop=0}
                      ; - (reexecute) jdk.internal.math.FloatingDecimal::getBinaryToASCIIConverter@67 (line 1807)
                      ; - jdk.internal.math.FloatingDecimal::toJavaFormatString@1 (line 80)
                      ; - java.lang.Float::toString@1 (line 226)
                      ; - java.lang.String::valueOf@1 (line 4357)
                      ; - java.lang.invoke.LambdaForm$DMH/0x000001fb97095800::invokeStatic@10
                      ; - java.lang.invoke.LambdaForm$MH/0x000001fb97097000::invoke@15
                      ; - java.lang.invoke.LambdaForm$MH/0x000001fb97097400::linkToTargetMethod@5
                      ; - io.github.universityTycoon.MainScreen::draw@683 (line 303)
  0x000001fb87d7dbf4: 0847 72ff | ba45 ffff | ff4c 8b54 | 2438 4c89 | 5424 2090 

  0x000001fb87d7dc08: ;   {runtime_call UncommonTrapBlob}
  0x000001fb87d7dc08: c5f8 77e8 

  0x000001fb87d7dc0c: ; ImmutableOopMap {[32]=Oop [40]=NarrowOop [44]=NarrowOop [52]=NarrowOop }
                      ;*if_icmple {reexecute=1 rethrow=0 return_oop=0}
                      ; - (reexecute) java.lang.String::checkBoundsOffCount@12 (line 4592)
                      ; - java.lang.String::rangeCheck@4 (line 304)
                      ; - java.lang.String::<init>@7 (line 300)
                      ; - jdk.internal.math.FloatingDecimal$BinaryToASCIIBuffer::toJavaFormatString@19 (line 302)
                      ; - jdk.internal.math.FloatingDecimal::toJavaFormatString@4 (line 80)
                      ; - java.lang.Float::toString@1 (line 226)
                      ; - java.lang.String::valueOf@1 (line 4357)
                      ; - java.lang.invoke.LambdaForm$DMH/0x000001fb97095800::invokeStatic@10
                      ; - java.lang.invoke.LambdaForm$MH/0x000001fb97097000::invoke@15
                      ; - java.lang.invoke.LambdaForm$MH/0x000001fb97097400::linkToTargetMethod@5
                      ; - io.github.universityTycoon.MainScreen::draw@683 (line 303)
  0x000001fb87d7dc0c: f046 72ff | 49c7 c300 | 0000 804d | 3bd3 bdff | ffff ff7c | 0840 0f95 | c540 0fb6 | edba 45ff 
  0x000001fb87d7dc2c: ffff 4c8b | 5c24 384c | 895c 2420 | 4889 7424 | 3848 8974 | 2448 8944 | 2450 6690 

  0x000001fb87d7dc48: ;   {runtime_call UncommonTrapBlob}
  0x000001fb87d7dc48: c5f8 77e8 

  0x000001fb87d7dc4c: ; ImmutableOopMap {[32]=Oop [40]=NarrowOop [44]=NarrowOop [56]=Oop [72]=Oop }
                      ;*ifgt {reexecute=1 rethrow=0 return_oop=0}
                      ; - (reexecute) java.lang.Long::getChars@29 (line 548)
                      ; - java.lang.StringConcatHelper::prepend@12 (line 318)
                      ; - java.lang.StringConcatHelper::prepend@3 (line 336)
                      ; - java.lang.invoke.DirectMethodHandle$Holder::invokeStatic@17
                      ; - java.lang.invoke.LambdaForm$MH/0x000001fb97097c00::invoke@28
                      ; - java.lang.invoke.LambdaForm$MH/0x000001fb97099000::invoke@54
                      ; - java.lang.invoke.Invokers$Holder::linkToTargetMethod@5
                      ; - io.github.universityTycoon.MainScreen::draw@765 (line 306)
  0x000001fb87d7dc4c: b046 72ff | ba45 ffff | ff48 8b6c | 2438 448b | 5424 2844 | 8954 2420 | 448b 5c24 | 2c44 895c 
  0x000001fb87d7dc6c: 2424 8944 | 2430 8944 | 2438 6690 

  0x000001fb87d7dc78: ;   {runtime_call UncommonTrapBlob}
  0x000001fb87d7dc78: c5f8 77e8 

  0x000001fb87d7dc7c: ; ImmutableOopMap {rbp=Oop [32]=NarrowOop [36]=NarrowOop [84]=NarrowOop }
                      ;*iflt {reexecute=1 rethrow=0 return_oop=0}
                      ; - (reexecute) java.lang.String::checkBoundsOffCount@5 (line 4592)
                      ; - java.lang.String::rangeCheck@4 (line 304)
                      ; - java.lang.String::<init>@7 (line 300)
                      ; - jdk.internal.math.FloatingDecimal$BinaryToASCIIBuffer::toJavaFormatString@19 (line 302)
                      ; - jdk.internal.math.FloatingDecimal::toJavaFormatString@4 (line 80)
                      ; - java.lang.Float::toString@1 (line 226)
                      ; - java.lang.String::valueOf@1 (line 4357)
                      ; - java.lang.invoke.LambdaForm$DMH/0x000001fb97095800::invokeStatic@10
                      ; - java.lang.invoke.LambdaForm$MH/0x000001fb97097000::invoke@15
                      ; - java.lang.invoke.LambdaForm$MH/0x000001fb97097400::linkToTargetMethod@5
                      ; - io.github.universityTycoon.MainScreen::draw@573 (line 297)
  0x000001fb87d7dc7c: 8046 72ff | ba45 ffff | ff48 8b6c | 2438 448b | 5c24 2844 | 895c 2420 | 448b 5424 | 2c44 8954 
  0x000001fb87d7dc9c: 2424 4489 | 4424 3490 

  0x000001fb87d7dca4: ;   {runtime_call UncommonTrapBlob}
  0x000001fb87d7dca4: c5f8 77e8 

  0x000001fb87d7dca8: ; ImmutableOopMap {rbp=Oop [32]=NarrowOop [36]=NarrowOop [52]=NarrowOop }
                      ;*iflt {reexecute=1 rethrow=0 return_oop=0}
                      ; - (reexecute) java.lang.StringConcatHelper::checkOverflow@2 (line 54)
                      ; - java.lang.StringConcatHelper::mix@23 (line 138)
                      ; - java.lang.invoke.DirectMethodHandle$Holder::invokeStatic@13
                      ; - java.lang.invoke.LambdaForm$MH/0x000001fb9708a800::invoke@23
                      ; - java.lang.invoke.LambdaForm$MH/0x000001fb97097000::invoke@31
                      ; - java.lang.invoke.LambdaForm$MH/0x000001fb97097400::linkToTargetMethod@5
                      ; - io.github.universityTycoon.MainScreen::draw@573 (line 297)
  0x000001fb87d7dca8: 5446 72ff | ba45 ffff | ff48 8b6c | 2438 448b | 5c24 2c44 | 895c 2420 | 448b 5424 | 2844 8954 
  0x000001fb87d7dcc8: 2424 448b | 5c24 3444 | 895c 2428 

  0x000001fb87d7dcd4: ;   {runtime_call UncommonTrapBlob}
  0x000001fb87d7dcd4: c5f8 77e8 

  0x000001fb87d7dcd8: ; ImmutableOopMap {rbp=Oop [32]=NarrowOop [36]=NarrowOop [40]=NarrowOop }
                      ;*iflt {reexecute=1 rethrow=0 return_oop=0}
                      ; - (reexecute) java.lang.String::checkBoundsOffCount@5 (line 4592)
                      ; - java.lang.String::rangeCheck@4 (line 304)
                      ; - java.lang.String::<init>@7 (line 300)
                      ; - jdk.internal.math.FloatingDecimal$BinaryToASCIIBuffer::toJavaFormatString@19 (line 302)
                      ; - jdk.internal.math.FloatingDecimal::toJavaFormatString@4 (line 80)
                      ; - java.lang.Float::toString@1 (line 226)
                      ; - java.lang.String::valueOf@1 (line 4357)
                      ; - java.lang.invoke.LambdaForm$DMH/0x000001fb97095800::invokeStatic@10
                      ; - java.lang.invoke.LambdaForm$MH/0x000001fb97097000::invoke@15
                      ; - java.lang.invoke.LambdaForm$MH/0x000001fb97097400::linkToTargetMethod@5
                      ; - io.github.universityTycoon.MainScreen::draw@598 (line 298)
  0x000001fb87d7dcd8: 2446 72ff | ba45 ffff | ff48 8b6c | 2438 4489 | 4424 2044 | 8b44 242c | 4489 4424 | 244c 8954 
  0x000001fb87d7dcf8: 2438 6690 

  0x000001fb87d7dcfc: ;   {runtime_call UncommonTrapBlob}
  0x000001fb87d7dcfc: c5f8 77e8 

  0x000001fb87d7dd00: ; ImmutableOopMap {rbp=Oop [32]=NarrowOop [36]=NarrowOop [40]=NarrowOop }
                      ;*iflt {reexecute=1 rethrow=0 return_oop=0}
                      ; - (reexecute) java.lang.StringConcatHelper::checkOverflow@2 (line 54)
                      ; - java.lang.StringConcatHelper::mix@23 (line 138)
                      ; - java.lang.invoke.DirectMethodHandle$Holder::invokeStatic@13
                      ; - java.lang.invoke.LambdaForm$MH/0x000001fb9708a800::invoke@23
                      ; - java.lang.invoke.LambdaForm$MH/0x000001fb97097000::invoke@31
                      ; - java.lang.invoke.LambdaForm$MH/0x000001fb97097400::linkToTargetMethod@5
                      ; - io.github.universityTycoon.MainScreen::draw@598 (line 298)
  0x000001fb87d7dd00: fc45 72ff | 4d8b d345 | 33db 4d3b | d3bd ffff | ffff 7c08 | 400f 95c5 | 400f b6ed | ba45 ffff 
  0x000001fb87d7dd20: ff4c 8b5c | 2438 4c89 | 5c24 204c | 8954 2438 

  0x000001fb87d7dd30: ;   {runtime_call UncommonTrapBlob}
  0x000001fb87d7dd30: c5f8 77e8 

  0x000001fb87d7dd34: ; ImmutableOopMap {[32]=Oop [40]=NarrowOop [44]=NarrowOop }
                      ;*iflt {reexecute=1 rethrow=0 return_oop=0}
                      ; - (reexecute) java.lang.Long::stringSize@5 (line 596)
                      ; - java.lang.StringConcatHelper::mix@2 (line 123)
                      ; - java.lang.invoke.DirectMethodHandle$Holder::invokeStatic@13
                      ; - java.lang.invoke.LambdaForm$MH/0x000001fb97098c00::invoke@23
                      ; - java.lang.invoke.LambdaForm$MH/0x000001fb97099000::invoke@15
                      ; - java.lang.invoke.Invokers$Holder::linkToTargetMethod@5
                      ; - io.github.universityTycoon.MainScreen::draw@630 (line 299)
  0x000001fb87d7dd34: c845 72ff | 4533 d249 | 3bfa bdff | ffff ff7c | 0840 0f95 | c540 0fb6 | edba 45ff | ffff 4c8b 
  0x000001fb87d7dd54: 5424 384c | 8954 2420 | 4889 5c24 | 3048 897c | 2438 6690 

  0x000001fb87d7dd68: ;   {runtime_call UncommonTrapBlob}
  0x000001fb87d7dd68: c5f8 77e8 

  0x000001fb87d7dd6c: ; ImmutableOopMap {[32]=Oop [40]=NarrowOop [44]=NarrowOop [48]=Oop }
                      ;*ifne {reexecute=1 rethrow=0 return_oop=0}
                      ; - (reexecute) java.lang.StringConcatHelper::newString@3 (line 386)
                      ; - java.lang.invoke.DirectMethodHandle$Holder::invokeStatic@13
                      ; - java.lang.invoke.LambdaForm$MH/0x000001fb97099000::invoke@74
                      ; - java.lang.invoke.Invokers$Holder::linkToTargetMethod@5
                      ; - io.github.universityTycoon.MainScreen::draw@630 (line 299)
  0x000001fb87d7dd6c: 9045 72ff | ba45 ffff | ff48 8b6c | 2438 8b4c | 2428 894c | 2420 448b | 4c24 2c44 | 894c 2424 
  0x000001fb87d7dd8c: 4c89 5424 | 3089 4424 | 3844 8944 | 243c 6690 

  0x000001fb87d7dd9c: ;   {runtime_call UncommonTrapBlob}
  0x000001fb87d7dd9c: c5f8 77e8 

  0x000001fb87d7dda0: ; ImmutableOopMap {rbp=Oop [32]=NarrowOop [36]=NarrowOop [48]=Oop [84]=NarrowOop }
                      ;*if_icmpne {reexecute=1 rethrow=0 return_oop=0}
                      ; - (reexecute) java.lang.StringUTF16::compress@13 (line 162)
                      ; - java.lang.String::<init>@36 (line 4503)
                      ; - java.lang.String::<init>@10 (line 300)
                      ; - jdk.internal.math.FloatingDecimal$BinaryToASCIIBuffer::toJavaFormatString@19 (line 302)
                      ; - jdk.internal.math.FloatingDecimal::toJavaFormatString@4 (line 80)
                      ; - java.lang.Float::toString@1 (line 226)
                      ; - java.lang.String::valueOf@1 (line 4357)
                      ; - java.lang.invoke.LambdaForm$DMH/0x000001fb97095800::invokeStatic@10
                      ; - java.lang.invoke.LambdaForm$MH/0x000001fb97097000::invoke@15
                      ; - java.lang.invoke.LambdaForm$MH/0x000001fb97097400::linkToTargetMethod@5
                      ; - io.github.universityTycoon.MainScreen::draw@573 (line 297)
  0x000001fb87d7dda0: 5c45 72ff | ba45 ffff | ff48 8b6c | 2438 448b | 5c24 2c44 | 895c 2420 | 8b4c 2428 | 894c 2424 
  0x000001fb87d7ddc0: 448b 5c24 | 3444 895c | 2428 8b4c | 2430 894c | 242c 4c89 | 5424 3089 | 4424 3844 | 8944 243c 
  0x000001fb87d7dde0: ;   {runtime_call UncommonTrapBlob}
  0x000001fb87d7dde0: c5f8 77e8 

  0x000001fb87d7dde4: ; ImmutableOopMap {rbp=Oop [32]=NarrowOop [36]=NarrowOop [40]=NarrowOop [48]=Oop }
                      ;*if_icmpne {reexecute=1 rethrow=0 return_oop=0}
                      ; - (reexecute) java.lang.StringUTF16::compress@13 (line 162)
                      ; - java.lang.String::<init>@36 (line 4503)
                      ; - java.lang.String::<init>@10 (line 300)
                      ; - jdk.internal.math.FloatingDecimal$BinaryToASCIIBuffer::toJavaFormatString@19 (line 302)
                      ; - jdk.internal.math.FloatingDecimal::toJavaFormatString@4 (line 80)
                      ; - java.lang.Float::toString@1 (line 226)
                      ; - java.lang.String::valueOf@1 (line 4357)
                      ; - java.lang.invoke.LambdaForm$DMH/0x000001fb97095800::invokeStatic@10
                      ; - java.lang.invoke.LambdaForm$MH/0x000001fb97097000::invoke@15
                      ; - java.lang.invoke.LambdaForm$MH/0x000001fb97097400::linkToTargetMethod@5
                      ; - io.github.universityTycoon.MainScreen::draw@598 (line 298)
  0x000001fb87d7dde4: 1845 72ff | ba45 ffff | ffc4 c179 | 7ec2 4489 | 5424 3090 

  0x000001fb87d7ddf8: ;   {runtime_call UncommonTrapBlob}
  0x000001fb87d7ddf8: c5f8 77e8 

  0x000001fb87d7ddfc: ; ImmutableOopMap {[40]=NarrowOop [44]=NarrowOop [56]=Oop }
                      ;*ifeq {reexecute=1 rethrow=0 return_oop=0}
                      ; - (reexecute) jdk.internal.math.FloatingDecimal::getBinaryToASCIIConverter@9 (line 1791)
                      ; - jdk.internal.math.FloatingDecimal::toJavaFormatString@1 (line 80)
                      ; - java.lang.Float::toString@1 (line 226)
                      ; - java.lang.String::valueOf@1 (line 4357)
                      ; - java.lang.invoke.LambdaForm$DMH/0x000001fb97095800::invokeStatic@10
                      ; - java.lang.invoke.LambdaForm$MH/0x000001fb97097000::invoke@15
                      ; - java.lang.invoke.LambdaForm$MH/0x000001fb97097400::linkToTargetMethod@5
                      ; - io.github.universityTycoon.MainScreen::draw@573 (line 297)
  0x000001fb87d7ddfc: 0045 72ff | ba45 ffff | ff48 8b6c | 2438 448b | 4c24 2844 | 894c 2420 | 448b 5424 | 2c44 8954 
  0x000001fb87d7de1c: 2424 4489 | 5c24 2844 | 8944 2430 

  0x000001fb87d7de28: ;   {runtime_call UncommonTrapBlob}
  0x000001fb87d7de28: c5f8 77e8 

  0x000001fb87d7de2c: ; ImmutableOopMap {rbp=Oop [32]=NarrowOop [36]=NarrowOop }
                      ;*if_icmpne {reexecute=1 rethrow=0 return_oop=0}
                      ; - (reexecute) jdk.internal.math.FloatingDecimal::getBinaryToASCIIConverter@37 (line 1795)
                      ; - jdk.internal.math.FloatingDecimal::toJavaFormatString@1 (line 80)
                      ; - java.lang.Float::toString@1 (line 226)
                      ; - java.lang.String::valueOf@1 (line 4357)
                      ; - java.lang.invoke.LambdaForm$DMH/0x000001fb97095800::invokeStatic@10
                      ; - java.lang.invoke.LambdaForm$MH/0x000001fb97097000::invoke@15
                      ; - java.lang.invoke.LambdaForm$MH/0x000001fb97097400::linkToTargetMethod@5
                      ; - io.github.universityTycoon.MainScreen::draw@573 (line 297)
  0x000001fb87d7de2c: d044 72ff | ba45 ffff | ff48 8b6c | 2438 448b | 4c24 2844 | 894c 2420 | 448b 5424 | 2c44 8954 
  0x000001fb87d7de4c: 2424 4489 | 5c24 2844 | 8944 2430 

  0x000001fb87d7de58: ;   {runtime_call UncommonTrapBlob}
  0x000001fb87d7de58: c5f8 77e8 

  0x000001fb87d7de5c: ; ImmutableOopMap {rbp=Oop [32]=NarrowOop [36]=NarrowOop }
                      ;*ifne {reexecute=1 rethrow=0 return_oop=0}
                      ; - (reexecute) jdk.internal.math.FloatingDecimal::getBinaryToASCIIConverter@67 (line 1807)
                      ; - jdk.internal.math.FloatingDecimal::toJavaFormatString@1 (line 80)
                      ; - java.lang.Float::toString@1 (line 226)
                      ; - java.lang.String::valueOf@1 (line 4357)
                      ; - java.lang.invoke.LambdaForm$DMH/0x000001fb97095800::invokeStatic@10
                      ; - java.lang.invoke.LambdaForm$MH/0x000001fb97097000::invoke@15
                      ; - java.lang.invoke.LambdaForm$MH/0x000001fb97097400::linkToTargetMethod@5
                      ; - io.github.universityTycoon.MainScreen::draw@573 (line 297)
  0x000001fb87d7de5c: a044 72ff | ba45 ffff | ff4c 8b54 | 2438 4c89 | 5424 2089 | 4424 3890 

  0x000001fb87d7de74: ;   {runtime_call UncommonTrapBlob}
  0x000001fb87d7de74: c5f8 77e8 

  0x000001fb87d7de78: ; ImmutableOopMap {[32]=Oop [40]=NarrowOop [44]=NarrowOop [84]=NarrowOop }
                      ;*if_icmple {reexecute=1 rethrow=0 return_oop=0}
                      ; - (reexecute) java.lang.String::checkBoundsOffCount@12 (line 4592)
                      ; - java.lang.String::rangeCheck@4 (line 304)
                      ; - java.lang.String::<init>@7 (line 300)
                      ; - jdk.internal.math.FloatingDecimal$BinaryToASCIIBuffer::toJavaFormatString@19 (line 302)
                      ; - jdk.internal.math.FloatingDecimal::toJavaFormatString@4 (line 80)
                      ; - java.lang.Float::toString@1 (line 226)
                      ; - java.lang.String::valueOf@1 (line 4357)
                      ; - java.lang.invoke.LambdaForm$DMH/0x000001fb97095800::invokeStatic@10
                      ; - java.lang.invoke.LambdaForm$MH/0x000001fb97097000::invoke@15
                      ; - java.lang.invoke.LambdaForm$MH/0x000001fb97097400::linkToTargetMethod@5
                      ; - io.github.universityTycoon.MainScreen::draw@573 (line 297)
  0x000001fb87d7de78: 8444 72ff | ba45 ffff | ff48 8b6c | 2438 448b | 5c24 2844 | 895c 2420 | 448b 5424 | 2c44 8954 
  0x000001fb87d7de98: 2424 4c8b | 5424 604c | 8954 2430 | 448b 5c24 | 6845 8bd3 | 4489 5424 | 3c44 8944 | 2440 6690 
  0x000001fb87d7deb8: ;   {runtime_call UncommonTrapBlob}
  0x000001fb87d7deb8: c5f8 77e8 

  0x000001fb87d7debc: ; ImmutableOopMap {rbp=Oop [32]=NarrowOop [36]=NarrowOop [64]=NarrowOop }
                      ;*ifge {reexecute=1 rethrow=0 return_oop=0}
                      ; - (reexecute) jdk.internal.misc.Unsafe::allocateUninitializedArray@34 (line 1372)
                      ; - java.lang.StringConcatHelper::newArray@19 (line 494)
                      ; - java.lang.StringConcatHelper::newArrayWithSuffix@7 (line 475)
                      ; - java.lang.invoke.DirectMethodHandle$Holder::invokeStatic@13
                      ; - java.lang.invoke.LambdaForm$MH/0x000001fb97098400::invoke@23
                      ; - java.lang.invoke.LambdaForm$MH/0x000001fb97097000::invoke@49
                      ; - java.lang.invoke.LambdaForm$MH/0x000001fb97097400::linkToTargetMethod@5
                      ; - io.github.universityTycoon.MainScreen::draw@573 (line 297)
  0x000001fb87d7debc: 4044 72ff | ba45 ffff | ffc4 c179 | 7ec2 4489 | 5424 3090 

  0x000001fb87d7ded0: ;   {runtime_call UncommonTrapBlob}
  0x000001fb87d7ded0: c5f8 77e8 

  0x000001fb87d7ded4: ; ImmutableOopMap {[40]=NarrowOop [44]=NarrowOop [56]=Oop }
                      ;*ifeq {reexecute=1 rethrow=0 return_oop=0}
                      ; - (reexecute) jdk.internal.math.FloatingDecimal::getBinaryToASCIIConverter@9 (line 1791)
                      ; - jdk.internal.math.FloatingDecimal::toJavaFormatString@1 (line 80)
                      ; - java.lang.Float::toString@1 (line 226)
                      ; - java.lang.String::valueOf@1 (line 4357)
                      ; - java.lang.invoke.LambdaForm$DMH/0x000001fb97095800::invokeStatic@10
                      ; - java.lang.invoke.LambdaForm$MH/0x000001fb97097000::invoke@15
                      ; - java.lang.invoke.LambdaForm$MH/0x000001fb97097400::linkToTargetMethod@5
                      ; - io.github.universityTycoon.MainScreen::draw@598 (line 298)
  0x000001fb87d7ded4: 2844 72ff | ba45 ffff | ff48 8b6c | 2438 448b | 4c24 2c44 | 894c 2420 | 448b 4424 | 2844 8944 
  0x000001fb87d7def4: 2424 4489 | 5424 2844 | 895c 2430 

  0x000001fb87d7df00: ;   {runtime_call UncommonTrapBlob}
  0x000001fb87d7df00: c5f8 77e8 

  0x000001fb87d7df04: ; ImmutableOopMap {rbp=Oop [32]=NarrowOop [36]=NarrowOop }
                      ;*if_icmpne {reexecute=1 rethrow=0 return_oop=0}
                      ; - (reexecute) jdk.internal.math.FloatingDecimal::getBinaryToASCIIConverter@37 (line 1795)
                      ; - jdk.internal.math.FloatingDecimal::toJavaFormatString@1 (line 80)
                      ; - java.lang.Float::toString@1 (line 226)
                      ; - java.lang.String::valueOf@1 (line 4357)
                      ; - java.lang.invoke.LambdaForm$DMH/0x000001fb97095800::invokeStatic@10
                      ; - java.lang.invoke.LambdaForm$MH/0x000001fb97097000::invoke@15
                      ; - java.lang.invoke.LambdaForm$MH/0x000001fb97097400::linkToTargetMethod@5
                      ; - io.github.universityTycoon.MainScreen::draw@598 (line 298)
  0x000001fb87d7df04: f843 72ff | ba45 ffff | ff48 8b6c | 2438 448b | 4c24 2c44 | 894c 2420 | 448b 4424 | 2844 8944 
  0x000001fb87d7df24: 2424 4489 | 5424 2844 | 895c 2430 

  0x000001fb87d7df30: ;   {runtime_call UncommonTrapBlob}
  0x000001fb87d7df30: c5f8 77e8 

  0x000001fb87d7df34: ; ImmutableOopMap {rbp=Oop [32]=NarrowOop [36]=NarrowOop }
                      ;*ifne {reexecute=1 rethrow=0 return_oop=0}
                      ; - (reexecute) jdk.internal.math.FloatingDecimal::getBinaryToASCIIConverter@67 (line 1807)
                      ; - jdk.internal.math.FloatingDecimal::toJavaFormatString@1 (line 80)
                      ; - java.lang.Float::toString@1 (line 226)
                      ; - java.lang.String::valueOf@1 (line 4357)
                      ; - java.lang.invoke.LambdaForm$DMH/0x000001fb97095800::invokeStatic@10
                      ; - java.lang.invoke.LambdaForm$MH/0x000001fb97097000::invoke@15
                      ; - java.lang.invoke.LambdaForm$MH/0x000001fb97097400::linkToTargetMethod@5
                      ; - io.github.universityTycoon.MainScreen::draw@598 (line 298)
  0x000001fb87d7df34: c843 72ff | ba45 ffff | ff4c 8b54 | 2438 4c89 | 5424 2090 

  0x000001fb87d7df48: ;   {runtime_call UncommonTrapBlob}
  0x000001fb87d7df48: c5f8 77e8 

  0x000001fb87d7df4c: ; ImmutableOopMap {[32]=Oop [40]=NarrowOop [44]=NarrowOop [52]=NarrowOop }
                      ;*if_icmple {reexecute=1 rethrow=0 return_oop=0}
                      ; - (reexecute) java.lang.String::checkBoundsOffCount@12 (line 4592)
                      ; - java.lang.String::rangeCheck@4 (line 304)
                      ; - java.lang.String::<init>@7 (line 300)
                      ; - jdk.internal.math.FloatingDecimal$BinaryToASCIIBuffer::toJavaFormatString@19 (line 302)
                      ; - jdk.internal.math.FloatingDecimal::toJavaFormatString@4 (line 80)
                      ; - java.lang.Float::toString@1 (line 226)
                      ; - java.lang.String::valueOf@1 (line 4357)
                      ; - java.lang.invoke.LambdaForm$DMH/0x000001fb97095800::invokeStatic@10
                      ; - java.lang.invoke.LambdaForm$MH/0x000001fb97097000::invoke@15
                      ; - java.lang.invoke.LambdaForm$MH/0x000001fb97097400::linkToTargetMethod@5
                      ; - io.github.universityTycoon.MainScreen::draw@598 (line 298)
  0x000001fb87d7df4c: b043 72ff | 49c7 c000 | 0000 804d | 3bd0 bdff | ffff ff7c | 0840 0f95 | c540 0fb6 | edba 45ff 
  0x000001fb87d7df6c: ffff 4c8b | 4424 384c | 8944 2420 | 4c89 5c24 | 384c 895c | 2448 8974 | 2450 6690 

  0x000001fb87d7df88: ;   {runtime_call UncommonTrapBlob}
  0x000001fb87d7df88: c5f8 77e8 

  0x000001fb87d7df8c: ; ImmutableOopMap {[32]=Oop [40]=NarrowOop [44]=NarrowOop [56]=Oop [72]=Oop }
                      ;*ifgt {reexecute=1 rethrow=0 return_oop=0}
                      ; - (reexecute) java.lang.Long::getChars@29 (line 548)
                      ; - java.lang.StringConcatHelper::prepend@12 (line 318)
                      ; - java.lang.StringConcatHelper::prepend@3 (line 336)
                      ; - java.lang.invoke.DirectMethodHandle$Holder::invokeStatic@17
                      ; - java.lang.invoke.LambdaForm$MH/0x000001fb97097c00::invoke@28
                      ; - java.lang.invoke.LambdaForm$MH/0x000001fb97099000::invoke@54
                      ; - java.lang.invoke.Invokers$Holder::linkToTargetMethod@5
                      ; - io.github.universityTycoon.MainScreen::draw@630 (line 299)
  0x000001fb87d7df8c: 7043 72ff | 488b de44 | 8bd2 448b | 4424 3044 | 894c 2434 | bae4 ffff | ff48 8b6c | 2438 448b 
  0x000001fb87d7dfac: 4c24 2c44 | 894c 2420 | 448b 5c24 | 2844 895c | 2424 4889 | 5c24 3848 | 895c 2440 | 4489 4424 
  0x000001fb87d7dfcc: 5044 8954 | 2454 6690 

  0x000001fb87d7dfd4: ;   {runtime_call UncommonTrapBlob}
  0x000001fb87d7dfd4: c5f8 77e8 

  0x000001fb87d7dfd8: ; ImmutableOopMap {rbp=Oop [32]=NarrowOop [36]=NarrowOop [56]=Oop [64]=Oop }
                      ;*bastore {reexecute=0 rethrow=0 return_oop=0}
                      ; - java.lang.Long::getChars@139 (line 564)
                      ; - java.lang.StringConcatHelper::prepend@12 (line 318)
                      ; - java.lang.StringConcatHelper::prepend@3 (line 336)
                      ; - java.lang.invoke.DirectMethodHandle$Holder::invokeStatic@17
                      ; - java.lang.invoke.LambdaForm$MH/0x000001fb97097c00::invoke@28
                      ; - java.lang.invoke.LambdaForm$MH/0x000001fb97099000::invoke@54
                      ; - java.lang.invoke.Invokers$Holder::linkToTargetMethod@5
                      ; - io.github.universityTycoon.MainScreen::draw@925 (line 314)
  0x000001fb87d7dfd8: 2443 72ff | 488b de45 | 8bc5 448b | da89 4c24 | 20ba e4ff | ffff 488b | 6c24 3844 | 8b4c 242c 
  0x000001fb87d7dff8: 4489 4c24 | 2448 895c | 2438 4889 | 5c24 4044 | 895c 2450 | 4489 4424 | 5466 6690 

  0x000001fb87d7e014: ;   {runtime_call UncommonTrapBlob}
  0x000001fb87d7e014: c5f8 77e8 

  0x000001fb87d7e018: ; ImmutableOopMap {rbp=Oop [36]=NarrowOop [40]=NarrowOop [56]=Oop [64]=Oop }
                      ;*bastore {reexecute=0 rethrow=0 return_oop=0}
                      ; - java.lang.Long::getChars@139 (line 564)
                      ; - java.lang.StringConcatHelper::prepend@12 (line 318)
                      ; - java.lang.StringConcatHelper::prepend@3 (line 336)
                      ; - java.lang.invoke.DirectMethodHandle$Holder::invokeStatic@17
                      ; - java.lang.invoke.LambdaForm$MH/0x000001fb97097c00::invoke@28
                      ; - java.lang.invoke.LambdaForm$MH/0x000001fb97099000::invoke@54
                      ; - java.lang.invoke.Invokers$Holder::linkToTargetMethod@5
                      ; - io.github.universityTycoon.MainScreen::draw@765 (line 306)
  0x000001fb87d7e018: e442 72ff | 4489 4c24 | 34ba e4ff | ffff 488b | 6c24 3844 | 8b5c 242c | 4489 5c24 | 2044 8b54 
  0x000001fb87d7e038: 2428 4489 | 5424 2448 | 8974 2438 | 4889 7424 | 4044 896c | 244c 4489 | 7424 5890 

  0x000001fb87d7e054: ;   {runtime_call UncommonTrapBlob}
  0x000001fb87d7e054: c5f8 77e8 

  0x000001fb87d7e058: ; ImmutableOopMap {rbp=Oop [32]=NarrowOop [36]=NarrowOop [56]=Oop [64]=Oop }
                      ;*baload {reexecute=0 rethrow=0 return_oop=0}
                      ; - java.lang.Long::getChars@125 (line 563)
                      ; - java.lang.StringConcatHelper::prepend@12 (line 318)
                      ; - java.lang.StringConcatHelper::prepend@3 (line 336)
                      ; - java.lang.invoke.DirectMethodHandle$Holder::invokeStatic@17
                      ; - java.lang.invoke.LambdaForm$MH/0x000001fb97097c00::invoke@28
                      ; - java.lang.invoke.LambdaForm$MH/0x000001fb97099000::invoke@54
                      ; - java.lang.invoke.Invokers$Holder::linkToTargetMethod@5
                      ; - io.github.universityTycoon.MainScreen::draw@925 (line 314)
  0x000001fb87d7e058: a442 72ff | 4489 4c24 | 34ba e4ff | ffff 488b | 6c24 3844 | 8b5c 242c | 4489 5c24 | 2044 8b54 
  0x000001fb87d7e078: 2428 4489 | 5424 2448 | 8974 2438 | 4889 7424 | 4044 8974 | 2430 4489 | 6c24 4c89 | 7c24 5890 
  0x000001fb87d7e098: ;   {runtime_call UncommonTrapBlob}
  0x000001fb87d7e098: c5f8 77e8 

  0x000001fb87d7e09c: ; ImmutableOopMap {rbp=Oop [32]=NarrowOop [36]=NarrowOop [56]=Oop [64]=Oop }
                      ;*bastore {reexecute=0 rethrow=0 return_oop=0}
                      ; - java.lang.Long::getChars@126 (line 563)
                      ; - java.lang.StringConcatHelper::prepend@12 (line 318)
                      ; - java.lang.StringConcatHelper::prepend@3 (line 336)
                      ; - java.lang.invoke.DirectMethodHandle$Holder::invokeStatic@17
                      ; - java.lang.invoke.LambdaForm$MH/0x000001fb97097c00::invoke@28
                      ; - java.lang.invoke.LambdaForm$MH/0x000001fb97099000::invoke@54
                      ; - java.lang.invoke.Invokers$Holder::linkToTargetMethod@5
                      ; - io.github.universityTycoon.MainScreen::draw@925 (line 314)
  0x000001fb87d7e09c: 6042 72ff | 894c 2420 | bae4 ffff | ff48 8b6c | 2438 448b | 5c24 2c44 | 895c 2424 | 4889 7424 
  0x000001fb87d7e0bc: 3848 8974 | 2440 4489 | 7424 4c89 | 7c24 5890 

  0x000001fb87d7e0cc: ;   {runtime_call UncommonTrapBlob}
  0x000001fb87d7e0cc: c5f8 77e8 

  0x000001fb87d7e0d0: ; ImmutableOopMap {rbp=Oop [36]=NarrowOop [40]=NarrowOop [56]=Oop [64]=Oop }
                      ;*baload {reexecute=0 rethrow=0 return_oop=0}
                      ; - java.lang.Long::getChars@125 (line 563)
                      ; - java.lang.StringConcatHelper::prepend@12 (line 318)
                      ; - java.lang.StringConcatHelper::prepend@3 (line 336)
                      ; - java.lang.invoke.DirectMethodHandle$Holder::invokeStatic@17
                      ; - java.lang.invoke.LambdaForm$MH/0x000001fb97097c00::invoke@28
                      ; - java.lang.invoke.LambdaForm$MH/0x000001fb97099000::invoke@54
                      ; - java.lang.invoke.Invokers$Holder::linkToTargetMethod@5
                      ; - io.github.universityTycoon.MainScreen::draw@765 (line 306)
  0x000001fb87d7e0d0: 2c42 72ff | 894c 2420 | bae4 ffff | ff48 8b6c | 2438 448b | 5424 2c44 | 8954 2424 | 4889 7424 
  0x000001fb87d7e0f0: 3848 8974 | 2440 897c | 242c 4489 | 7424 4c44 | 896c 2458 

  0x000001fb87d7e104: ;   {runtime_call UncommonTrapBlob}
  0x000001fb87d7e104: c5f8 77e8 

  0x000001fb87d7e108: ; ImmutableOopMap {rbp=Oop [36]=NarrowOop [40]=NarrowOop [56]=Oop [64]=Oop }
                      ;*bastore {reexecute=0 rethrow=0 return_oop=0}
                      ; - java.lang.Long::getChars@126 (line 563)
                      ; - java.lang.StringConcatHelper::prepend@12 (line 318)
                      ; - java.lang.StringConcatHelper::prepend@3 (line 336)
                      ; - java.lang.invoke.DirectMethodHandle$Holder::invokeStatic@17
                      ; - java.lang.invoke.LambdaForm$MH/0x000001fb97097c00::invoke@28
                      ; - java.lang.invoke.LambdaForm$MH/0x000001fb97099000::invoke@54
                      ; - java.lang.invoke.Invokers$Holder::linkToTargetMethod@5
                      ; - io.github.universityTycoon.MainScreen::draw@765 (line 306)
  0x000001fb87d7e108: f441 72ff | 4181 fb80 | 6967 ff0f | 8e83 0700 | 0041 b906 | 0000 00e9 | f3ab ffff | 4181 f880 
  0x000001fb87d7e128: 6967 ff0f | 8e83 0700 | 0041 b806 | 0000 00e9 | f6ab ffff | 4181 fb80 | 6967 ff0f | 8e83 0700 
  0x000001fb87d7e148: 0041 bb06 | 0000 00e9 | 23ac ffff | 488b d844 | 8bda 4489 | 5424 24ba | e4ff ffff | 488b 6c24 
  0x000001fb87d7e168: 3844 8b54 | 242c 4489 | 5424 2048 | 895c 2438 | 4889 5c24 | 4044 8944 | 2450 4489 | 5c24 5490 
  0x000001fb87d7e188: ;   {runtime_call UncommonTrapBlob}
  0x000001fb87d7e188: c5f8 77e8 

  0x000001fb87d7e18c: ; ImmutableOopMap {rbp=Oop [32]=NarrowOop [40]=NarrowOop [56]=Oop [64]=Oop }
                      ;*bastore {reexecute=0 rethrow=0 return_oop=0}
                      ; - java.lang.Long::getChars@139 (line 564)
                      ; - java.lang.StringConcatHelper::prepend@12 (line 318)
                      ; - java.lang.StringConcatHelper::prepend@3 (line 336)
                      ; - java.lang.invoke.DirectMethodHandle$Holder::invokeStatic@17
                      ; - java.lang.invoke.LambdaForm$MH/0x000001fb97097c00::invoke@28
                      ; - java.lang.invoke.LambdaForm$MH/0x000001fb97099000::invoke@54
                      ; - java.lang.invoke.Invokers$Holder::linkToTargetMethod@5
                      ; - io.github.universityTycoon.MainScreen::draw@630 (line 299)
  0x000001fb87d7e18c: 7041 72ff | 4183 faff | 0f8e 6513 | 0000 4183 | c1fe 6690 | 443b 4c24 | 200f 836e | d6ff ff49 
  0x000001fb87d7e1ac: 8bbf 5003 | 0000 4963 | c944 885c 

  0x000001fb87d7e1b8: ; ImmutableOopMap {rbx=Oop [40]=NarrowOop [44]=NarrowOop [56]=Oop }
                      ;*goto {reexecute=1 rethrow=0 return_oop=0}
                      ; - (reexecute) java.lang.Long::getChars@140 (line 564)
                      ; - java.lang.StringConcatHelper::prepend@12 (line 318)
                      ; - java.lang.StringConcatHelper::prepend@3 (line 336)
                      ; - java.lang.invoke.DirectMethodHandle$Holder::invokeStatic@17
                      ; - java.lang.invoke.LambdaForm$MH/0x000001fb97097c00::invoke@28
                      ; - java.lang.invoke.LambdaForm$MH/0x000001fb97099000::invoke@54
                      ; - java.lang.invoke.Invokers$Holder::linkToTargetMethod@5
                      ; - io.github.universityTycoon.MainScreen::draw@545 (line 294)
                      ;   {poll}
  0x000001fb87d7e1b8: 0b10 8507 | 448b da41 | c1fb 1f45 | 8bd1 41ff | ca83 fa9c | 0f8f f554 | ffff 4c8b | eb48 63da 
  0x000001fb87d7e1d8: 4c69 c31f | 85eb 5149 | c1f8 2545 | 8bc0 452b | c341 6bf8 | 6444 8bdf | 442b da41 | 83fb 640f 
  0x000001fb87d7e1f8: 83f6 d8ff | ff48 63d7 

  0x000001fb87d7e200: ;   {oop([B{0x000000070ac06480})}
  0x000001fb87d7e200: 482b d348 | bb80 64c0 | 0a07 0000 | 000f be7c | 1310 443b | 5424 200f | 8316 d9ff | ff49 8bdd 
  0x000001fb87d7e220: 4088 7c0b 

  0x000001fb87d7e224: ;   {oop([B{0x000000070ac064f8})}
  0x000001fb87d7e224: 0f49 baf8 | 64c0 0a07 | 0000 0045 | 0fbe 5c12 | 1041 83c1 | fe41 83f9 | ff0f 8ed9 | d5ff ff41 
  0x000001fb87d7e244: 8bd0 e955 | ffff ff44 | 8954 2424 | bae4 ffff | ff48 8b6c | 2438 448b | 5424 2c44 | 8954 2420 
  0x000001fb87d7e264: 4889 4424 | 3848 8944 | 2440 4489 | 6c24 4c44 | 8974 2458 

  0x000001fb87d7e278: ;   {runtime_call UncommonTrapBlob}
  0x000001fb87d7e278: c5f8 77e8 

  0x000001fb87d7e27c: ; ImmutableOopMap {rbp=Oop [32]=NarrowOop [40]=NarrowOop [56]=Oop [64]=Oop }
                      ;*baload {reexecute=0 rethrow=0 return_oop=0}
                      ; - java.lang.Long::getChars@125 (line 563)
                      ; - java.lang.StringConcatHelper::prepend@12 (line 318)
                      ; - java.lang.StringConcatHelper::prepend@3 (line 336)
                      ; - java.lang.invoke.DirectMethodHandle$Holder::invokeStatic@17
                      ; - java.lang.invoke.LambdaForm$MH/0x000001fb97097c00::invoke@28
                      ; - java.lang.invoke.LambdaForm$MH/0x000001fb97099000::invoke@54
                      ; - java.lang.invoke.Invokers$Holder::linkToTargetMethod@5
                      ; - io.github.universityTycoon.MainScreen::draw@630 (line 299)
  0x000001fb87d7e27c: 8040 72ff | 4489 5424 | 24ba e4ff | ffff 488b | 6c24 3844 | 8b5c 242c | 4489 5c24 | 2048 8944 
  0x000001fb87d7e29c: 2438 4889 | 4424 4044 | 8974 242c | 4489 6c24 | 4cc5 fa11 | 4424 5890 

  0x000001fb87d7e2b4: ;   {runtime_call UncommonTrapBlob}
  0x000001fb87d7e2b4: c5f8 77e8 

  0x000001fb87d7e2b8: ; ImmutableOopMap {rbp=Oop [32]=NarrowOop [40]=NarrowOop [56]=Oop [64]=Oop }
                      ;*bastore {reexecute=0 rethrow=0 return_oop=0}
                      ; - java.lang.Long::getChars@126 (line 563)
                      ; - java.lang.StringConcatHelper::prepend@12 (line 318)
                      ; - java.lang.StringConcatHelper::prepend@3 (line 336)
                      ; - java.lang.invoke.DirectMethodHandle$Holder::invokeStatic@17
                      ; - java.lang.invoke.LambdaForm$MH/0x000001fb97097c00::invoke@28
                      ; - java.lang.invoke.LambdaForm$MH/0x000001fb97099000::invoke@54
                      ; - java.lang.invoke.Invokers$Holder::linkToTargetMethod@5
                      ; - io.github.universityTycoon.MainScreen::draw@630 (line 299)
  0x000001fb87d7e2b8: 4440 72ff | 81fd 0036 | 65c4 0f8e | 4212 0000 | 41b9 0800 | 0000 e9f6 | 8fff ff81 | fd00 3665 
  0x000001fb87d7e2d8: c40f 8e51 | 1200 0041 | b806 0000 | 00e9 c9ac | ffff 81fd | 0036 65c4 | 0f8e 4e12 | 0000 41ba 
  0x000001fb87d7e2f8: 0600 0000 | e9cd acff | ff81 fd00 | 3665 c40f | 8e4b 1200 | 0041 ba06 | 0000 00e9 | d1ac ffff 
  0x000001fb87d7e318: 81fd 0036 | 65c4 0f8e | 4812 0000 | 41bb 0600 | 0000 e9d5 | acff ff81 | fd00 3665 | c40f 8e4d 
  0x000001fb87d7e338: 1200 0044 | 8b54 2478 | e9da acff | ff44 8b4c | 2434 4489 | 4c24 34e9 | cdfc ffff | 8b4c 2420 
  0x000001fb87d7e358: 894c 2420 | e943 fdff | ff44 8bd6 | 418b f2e9 | 43dd ffff | 448b c041 | 8bc0 e9cc | ddff ff41 
  0x000001fb87d7e378: 8bde 448b | f3e9 55de | ffff 418b | de44 8bf3 | e9de deff | ff41 8bfd | 448b efe9 | 58e0 ffff 
  0x000001fb87d7e398: 458b ce45 | 8bf1 e9e0 | e0ff ff41 | 0fbe eaba | e4ff ffff | 4c8b 5424 | 384c 8954 | 2420 4c8b 
  0x000001fb87d7e3b8: 5424 484c | 8954 2438 | 4c89 5424 | 4044 894c | 2454 6690 

  0x000001fb87d7e3cc: ;   {runtime_call UncommonTrapBlob}
  0x000001fb87d7e3cc: c5f8 77e8 

  0x000001fb87d7e3d0: ; ImmutableOopMap {[32]=Oop [40]=NarrowOop [44]=NarrowOop [56]=Oop [64]=Oop }
                      ;*bastore {reexecute=0 rethrow=0 return_oop=0}
                      ; - java.lang.Integer::getChars@113 (line 526)
                      ; - java.lang.StringConcatHelper::prepend@12 (line 283)
                      ; - java.lang.StringConcatHelper::prepend@3 (line 301)
                      ; - java.lang.invoke.DirectMethodHandle$Holder::invokeStatic@17
                      ; - java.lang.invoke.LambdaForm$MH/0x000001fb97094400::invoke@28
                      ; - java.lang.invoke.LambdaForm$MH/0x000001fb97095400::invoke@51
                      ; - java.lang.invoke.Invokers$Holder::linkToTargetMethod@5
                      ; - io.github.universityTycoon.MainScreen::draw@843 (line 311)
  0x000001fb87d7e3d0: 2c3f 72ff | 410f bee8 | bae4 ffff | ff4c 8b54 | 2438 4c89 | 5424 204c | 8b54 2448 | 4c89 5424 
  0x000001fb87d7e3f0: 384c 8954 | 2440 4489 | 5c24 5490 

  0x000001fb87d7e3fc: ;   {runtime_call UncommonTrapBlob}
  0x000001fb87d7e3fc: c5f8 77e8 

  0x000001fb87d7e400: ; ImmutableOopMap {[32]=Oop [40]=NarrowOop [44]=NarrowOop [56]=Oop [64]=Oop }
                      ;*bastore {reexecute=0 rethrow=0 return_oop=0}
                      ; - java.lang.Integer::getChars@113 (line 526)
                      ; - java.lang.StringConcatHelper::prepend@12 (line 283)
                      ; - java.lang.StringConcatHelper::prepend@3 (line 301)
                      ; - java.lang.invoke.DirectMethodHandle$Holder::invokeStatic@17
                      ; - java.lang.invoke.LambdaForm$MH/0x000001fb97094400::invoke@28
                      ; - java.lang.invoke.LambdaForm$MH/0x000001fb97095400::invoke@51
                      ; - java.lang.invoke.Invokers$Holder::linkToTargetMethod@5
                      ; - io.github.universityTycoon.MainScreen::draw@868 (line 312)
  0x000001fb87d7e400: fc3e 72ff | 0fbe e9ba | e4ff ffff | 4c8b 5424 | 384c 8954 | 2420 4c8b | 5424 484c | 8954 2438 
  0x000001fb87d7e420: 4c89 5424 | 4044 894c | 2454 6690 

  0x000001fb87d7e42c: ;   {runtime_call UncommonTrapBlob}
  0x000001fb87d7e42c: c5f8 77e8 

  0x000001fb87d7e430: ; ImmutableOopMap {[32]=Oop [40]=NarrowOop [44]=NarrowOop [56]=Oop [64]=Oop }
                      ;*bastore {reexecute=0 rethrow=0 return_oop=0}
                      ; - java.lang.Integer::getChars@113 (line 526)
                      ; - java.lang.StringConcatHelper::prepend@12 (line 283)
                      ; - java.lang.StringConcatHelper::prepend@3 (line 301)
                      ; - java.lang.invoke.DirectMethodHandle$Holder::invokeStatic@17
                      ; - java.lang.invoke.LambdaForm$MH/0x000001fb97094400::invoke@28
                      ; - java.lang.invoke.LambdaForm$MH/0x000001fb97095400::invoke@51
                      ; - java.lang.invoke.Invokers$Holder::linkToTargetMethod@5
                      ; - io.github.universityTycoon.MainScreen::draw@893 (line 313)
  0x000001fb87d7e430: cc3e 72ff | 410f bee9 | bae4 ffff | ff4c 8b54 | 2438 4c89 | 5424 204d | 8bd0 4c89 | 5424 384c 
  0x000001fb87d7e450: 8954 2440 | 4489 6c24 | 4c66 6690 

  0x000001fb87d7e45c: ;   {runtime_call UncommonTrapBlob}
  0x000001fb87d7e45c: c5f8 77e8 

  0x000001fb87d7e460: ; ImmutableOopMap {[32]=Oop [40]=NarrowOop [44]=NarrowOop [56]=Oop [64]=Oop }
                      ;*bastore {reexecute=0 rethrow=0 return_oop=0}
                      ; - java.lang.Integer::getChars@113 (line 526)
                      ; - java.lang.StringConcatHelper::prepend@12 (line 283)
                      ; - java.lang.StringConcatHelper::prepend@3 (line 301)
                      ; - java.lang.invoke.DirectMethodHandle$Holder::invokeStatic@17
                      ; - java.lang.invoke.LambdaForm$MH/0x000001fb97094400::invoke@28
                      ; - java.lang.invoke.LambdaForm$MH/0x000001fb97095400::invoke@51
                      ; - java.lang.invoke.Invokers$Holder::linkToTargetMethod@5
                      ; - io.github.universityTycoon.MainScreen::draw@708 (line 304)
  0x000001fb87d7e460: 9c3e 72ff | 410f beeb | bae4 ffff | ff4c 8b54 | 2438 4c89 | 5424 204c | 8b54 2458 | 4c89 5424 
  0x000001fb87d7e480: 384c 8954 | 2440 4489 | 4424 4c90 

  0x000001fb87d7e48c: ;   {runtime_call UncommonTrapBlob}
  0x000001fb87d7e48c: c5f8 77e8 

  0x000001fb87d7e490: ; ImmutableOopMap {[32]=Oop [40]=NarrowOop [44]=NarrowOop [56]=Oop [64]=Oop }
                      ;*bastore {reexecute=0 rethrow=0 return_oop=0}
                      ; - java.lang.Integer::getChars@113 (line 526)
                      ; - java.lang.StringConcatHelper::prepend@12 (line 283)
                      ; - java.lang.StringConcatHelper::prepend@3 (line 301)
                      ; - java.lang.invoke.DirectMethodHandle$Holder::invokeStatic@17
                      ; - java.lang.invoke.LambdaForm$MH/0x000001fb97094400::invoke@28
                      ; - java.lang.invoke.LambdaForm$MH/0x000001fb97095400::invoke@51
                      ; - java.lang.invoke.Invokers$Holder::linkToTargetMethod@5
                      ; - io.github.universityTycoon.MainScreen::draw@733 (line 305)
  0x000001fb87d7e490: 6c3e 72ff | 448b 5424 | 2444 8954 | 2424 e9ad | fdff ff8b | fbba e4ff | ffff 488b | 6c24 3844 
  0x000001fb87d7e4b0: 8b54 242c | 4489 5424 | 2044 8b5c | 2428 4489 | 5c24 244c | 8b54 2448 | 4c89 5424 | 3089 7c24 
  0x000001fb87d7e4d0: 384c 8954 | 2440 4489 | 4424 5044 | 894c 2454 

  0x000001fb87d7e4e0: ;   {runtime_call UncommonTrapBlob}
  0x000001fb87d7e4e0: c5f8 77e8 

  0x000001fb87d7e4e4: ; ImmutableOopMap {rbp=Oop [32]=NarrowOop [36]=NarrowOop [48]=Oop [64]=Oop }
                      ;*bastore {reexecute=0 rethrow=0 return_oop=0}
                      ; - java.lang.Integer::getChars@68 (line 516)
                      ; - java.lang.StringConcatHelper::prepend@12 (line 283)
                      ; - java.lang.StringConcatHelper::prepend@3 (line 301)
                      ; - java.lang.invoke.DirectMethodHandle$Holder::invokeStatic@17
                      ; - java.lang.invoke.LambdaForm$MH/0x000001fb97094400::invoke@28
                      ; - java.lang.invoke.LambdaForm$MH/0x000001fb97095400::invoke@51
                      ; - java.lang.invoke.Invokers$Holder::linkToTargetMethod@5
                      ; - io.github.universityTycoon.MainScreen::draw@843 (line 311)
  0x000001fb87d7e4e4: 183e 72ff | 448b ebba | e4ff ffff | 488b 6c24 | 3844 8b54 | 242c 4489 | 5424 2044 | 8b5c 2428 
  0x000001fb87d7e504: 4489 5c24 | 244c 8b54 | 2448 4c89 | 5424 3044 | 896c 2438 | 4c89 5424 | 4089 7424 | 5044 8944 
  0x000001fb87d7e524: 2454 6690 

  0x000001fb87d7e528: ;   {runtime_call UncommonTrapBlob}
  0x000001fb87d7e528: c5f8 77e8 

  0x000001fb87d7e52c: ; ImmutableOopMap {rbp=Oop [32]=NarrowOop [36]=NarrowOop [48]=Oop [64]=Oop }
                      ;*bastore {reexecute=0 rethrow=0 return_oop=0}
                      ; - java.lang.Integer::getChars@68 (line 516)
                      ; - java.lang.StringConcatHelper::prepend@12 (line 283)
                      ; - java.lang.StringConcatHelper::prepend@3 (line 301)
                      ; - java.lang.invoke.DirectMethodHandle$Holder::invokeStatic@17
                      ; - java.lang.invoke.LambdaForm$MH/0x000001fb97094400::invoke@28
                      ; - java.lang.invoke.LambdaForm$MH/0x000001fb97095400::invoke@51
                      ; - java.lang.invoke.Invokers$Holder::linkToTargetMethod@5
                      ; - io.github.universityTycoon.MainScreen::draw@868 (line 312)
  0x000001fb87d7e52c: d03d 72ff | 418b c3ba | e4ff ffff | 488b 6c24 | 3844 8b54 | 242c 4489 | 5424 2044 | 8b5c 2428 
  0x000001fb87d7e54c: 4489 5c24 | 244c 8b54 | 2448 4c89 | 5424 3089 | 4424 384c | 8954 2440 | 897c 2450 | 894c 2454 
  0x000001fb87d7e56c: ;   {runtime_call UncommonTrapBlob}
  0x000001fb87d7e56c: c5f8 77e8 

  0x000001fb87d7e570: ; ImmutableOopMap {rbp=Oop [32]=NarrowOop [36]=NarrowOop [48]=Oop [64]=Oop }
                      ;*bastore {reexecute=0 rethrow=0 return_oop=0}
                      ; - java.lang.Integer::getChars@68 (line 516)
                      ; - java.lang.StringConcatHelper::prepend@12 (line 283)
                      ; - java.lang.StringConcatHelper::prepend@3 (line 301)
                      ; - java.lang.invoke.DirectMethodHandle$Holder::invokeStatic@17
                      ; - java.lang.invoke.LambdaForm$MH/0x000001fb97094400::invoke@28
                      ; - java.lang.invoke.LambdaForm$MH/0x000001fb97095400::invoke@51
                      ; - java.lang.invoke.Invokers$Holder::linkToTargetMethod@5
                      ; - io.github.universityTycoon.MainScreen::draw@893 (line 313)
  0x000001fb87d7e570: 8c3d 72ff | 8bfb bae4 | ffff ff48 | 8b6c 2438 | 448b 4424 | 2c44 8944 | 2420 448b | 4c24 2844 
  0x000001fb87d7e590: 894c 2424 | 4c8b 4424 | 484c 8944 | 2430 897c | 2438 4c89 | 4424 4044 | 895c 2454 | 4489 5424 
  0x000001fb87d7e5b0: 5866 6690 

  0x000001fb87d7e5b4: ;   {runtime_call UncommonTrapBlob}
  0x000001fb87d7e5b4: c5f8 77e8 

  0x000001fb87d7e5b8: ; ImmutableOopMap {rbp=Oop [32]=NarrowOop [36]=NarrowOop [48]=Oop [64]=Oop }
                      ;*baload {reexecute=0 rethrow=0 return_oop=0}
                      ; - java.lang.Integer::getChars@54 (line 515)
                      ; - java.lang.StringConcatHelper::prepend@12 (line 283)
                      ; - java.lang.StringConcatHelper::prepend@3 (line 301)
                      ; - java.lang.invoke.DirectMethodHandle$Holder::invokeStatic@17
                      ; - java.lang.invoke.LambdaForm$MH/0x000001fb97094400::invoke@28
                      ; - java.lang.invoke.LambdaForm$MH/0x000001fb97095400::invoke@51
                      ; - java.lang.invoke.Invokers$Holder::linkToTargetMethod@5
                      ; - io.github.universityTycoon.MainScreen::draw@843 (line 311)
  0x000001fb87d7e5b8: 443d 72ff | 8bfb bae4 | ffff ff48 | 8b6c 2438 | 448b 4424 | 2c44 8944 | 2420 8b4c | 2428 894c 
  0x000001fb87d7e5d8: 2424 4c8b | 4424 484c | 8944 2430 | 897c 2438 | 4c89 4424 | 4044 8954 | 243c 4489 | 5c24 5444 
  0x000001fb87d7e5f8: 894c 2458 

  0x000001fb87d7e5fc: ;   {runtime_call UncommonTrapBlob}
  0x000001fb87d7e5fc: c5f8 77e8 

  0x000001fb87d7e600: ; ImmutableOopMap {rbp=Oop [32]=NarrowOop [36]=NarrowOop [48]=Oop [64]=Oop }
                      ;*bastore {reexecute=0 rethrow=0 return_oop=0}
                      ; - java.lang.Integer::getChars@55 (line 515)
                      ; - java.lang.StringConcatHelper::prepend@12 (line 283)
                      ; - java.lang.StringConcatHelper::prepend@3 (line 301)
                      ; - java.lang.invoke.DirectMethodHandle$Holder::invokeStatic@17
                      ; - java.lang.invoke.LambdaForm$MH/0x000001fb97094400::invoke@28
                      ; - java.lang.invoke.LambdaForm$MH/0x000001fb97095400::invoke@51
                      ; - java.lang.invoke.Invokers$Holder::linkToTargetMethod@5
                      ; - io.github.universityTycoon.MainScreen::draw@843 (line 311)
  0x000001fb87d7e600: fc3c 72ff | 448b ebba | e4ff ffff | 488b 6c24 | 3844 8b54 | 242c 4489 | 5424 2044 | 8b5c 2428 
  0x000001fb87d7e620: 4489 5c24 | 244c 8b54 | 2448 4c89 | 5424 3044 | 896c 2438 | 4c89 5424 | 4089 4c24 | 5444 8944 
  0x000001fb87d7e640: 2458 6690 

  0x000001fb87d7e644: ;   {runtime_call UncommonTrapBlob}
  0x000001fb87d7e644: c5f8 77e8 

  0x000001fb87d7e648: ; ImmutableOopMap {rbp=Oop [32]=NarrowOop [36]=NarrowOop [48]=Oop [64]=Oop }
                      ;*baload {reexecute=0 rethrow=0 return_oop=0}
                      ; - java.lang.Integer::getChars@54 (line 515)
                      ; - java.lang.StringConcatHelper::prepend@12 (line 283)
                      ; - java.lang.StringConcatHelper::prepend@3 (line 301)
                      ; - java.lang.invoke.DirectMethodHandle$Holder::invokeStatic@17
                      ; - java.lang.invoke.LambdaForm$MH/0x000001fb97094400::invoke@28
                      ; - java.lang.invoke.LambdaForm$MH/0x000001fb97095400::invoke@51
                      ; - java.lang.invoke.Invokers$Holder::linkToTargetMethod@5
                      ; - io.github.universityTycoon.MainScreen::draw@868 (line 312)
  0x000001fb87d7e648: b43c 72ff | 448b ebba | e4ff ffff | 488b 6c24 | 3844 8b54 | 242c 4489 | 5424 2044 | 8b5c 2428 
  0x000001fb87d7e668: 4489 5c24 | 244c 8b54 | 2448 4c89 | 5424 3044 | 896c 2438 | 4c89 5424 | 4044 8944 | 243c 894c 
  0x000001fb87d7e688: 2454 897c | 2458 6690 

  0x000001fb87d7e690: ;   {runtime_call UncommonTrapBlob}
  0x000001fb87d7e690: c5f8 77e8 

  0x000001fb87d7e694: ; ImmutableOopMap {rbp=Oop [32]=NarrowOop [36]=NarrowOop [48]=Oop [64]=Oop }
                      ;*bastore {reexecute=0 rethrow=0 return_oop=0}
                      ; - java.lang.Integer::getChars@55 (line 515)
                      ; - java.lang.StringConcatHelper::prepend@12 (line 283)
                      ; - java.lang.StringConcatHelper::prepend@3 (line 301)
                      ; - java.lang.invoke.DirectMethodHandle$Holder::invokeStatic@17
                      ; - java.lang.invoke.LambdaForm$MH/0x000001fb97094400::invoke@28
                      ; - java.lang.invoke.LambdaForm$MH/0x000001fb97095400::invoke@51
                      ; - java.lang.invoke.Invokers$Holder::linkToTargetMethod@5
                      ; - io.github.universityTycoon.MainScreen::draw@868 (line 312)
  0x000001fb87d7e694: 683c 72ff | 418b c3ba | e4ff ffff | 488b 6c24 | 3844 8b54 | 242c 4489 | 5424 2044 | 8b5c 2428 
  0x000001fb87d7e6b4: 4489 5c24 | 244c 8b54 | 2448 4c89 | 5424 3089 | 4424 384c | 8954 2440 | 4489 4c24 | 5489 4c24 
  0x000001fb87d7e6d4: 5866 6690 

  0x000001fb87d7e6d8: ;   {runtime_call UncommonTrapBlob}
  0x000001fb87d7e6d8: c5f8 77e8 

  0x000001fb87d7e6dc: ; ImmutableOopMap {rbp=Oop [32]=NarrowOop [36]=NarrowOop [48]=Oop [64]=Oop }
                      ;*baload {reexecute=0 rethrow=0 return_oop=0}
                      ; - java.lang.Integer::getChars@54 (line 515)
                      ; - java.lang.StringConcatHelper::prepend@12 (line 283)
                      ; - java.lang.StringConcatHelper::prepend@3 (line 301)
                      ; - java.lang.invoke.DirectMethodHandle$Holder::invokeStatic@17
                      ; - java.lang.invoke.LambdaForm$MH/0x000001fb97094400::invoke@28
                      ; - java.lang.invoke.LambdaForm$MH/0x000001fb97095400::invoke@51
                      ; - java.lang.invoke.Invokers$Holder::linkToTargetMethod@5
                      ; - io.github.universityTycoon.MainScreen::draw@893 (line 313)
  0x000001fb87d7e6dc: 203c 72ff | 418b c3ba | e4ff ffff | 488b 6c24 | 3844 8b54 | 242c 4489 | 5424 2044 | 8b5c 2428 
  0x000001fb87d7e6fc: 4489 5c24 | 244c 8b54 | 2448 4c89 | 5424 3089 | 4424 384c | 8954 2440 | 894c 243c | 4489 4c24 
  0x000001fb87d7e71c: 5444 8944 | 2458 6690 

  0x000001fb87d7e724: ;   {runtime_call UncommonTrapBlob}
  0x000001fb87d7e724: c5f8 77e8 

  0x000001fb87d7e728: ; ImmutableOopMap {rbp=Oop [32]=NarrowOop [36]=NarrowOop [48]=Oop [64]=Oop }
                      ;*bastore {reexecute=0 rethrow=0 return_oop=0}
                      ; - java.lang.Integer::getChars@55 (line 515)
                      ; - java.lang.StringConcatHelper::prepend@12 (line 283)
                      ; - java.lang.StringConcatHelper::prepend@3 (line 301)
                      ; - java.lang.invoke.DirectMethodHandle$Holder::invokeStatic@17
                      ; - java.lang.invoke.LambdaForm$MH/0x000001fb97094400::invoke@28
                      ; - java.lang.invoke.LambdaForm$MH/0x000001fb97095400::invoke@51
                      ; - java.lang.invoke.Invokers$Holder::linkToTargetMethod@5
                      ; - io.github.universityTycoon.MainScreen::draw@893 (line 313)
  0x000001fb87d7e728: d43b 72ff | 4489 5c24 | 20ba e4ff | ffff 488b | 6c24 3844 | 8b5c 242c | 4489 5c24 | 244c 8b54 
  0x000001fb87d7e748: 2458 4c89 | 5424 384c | 8954 2440 | 4489 7424 | 5089 7424 | 5466 6690 

  0x000001fb87d7e760: ;   {runtime_call UncommonTrapBlob}
  0x000001fb87d7e760: c5f8 77e8 

  0x000001fb87d7e764: ; ImmutableOopMap {rbp=Oop [36]=NarrowOop [40]=NarrowOop [56]=Oop [64]=Oop }
                      ;*bastore {reexecute=0 rethrow=0 return_oop=0}
                      ; - java.lang.Integer::getChars@68 (line 516)
                      ; - java.lang.StringConcatHelper::prepend@12 (line 283)
                      ; - java.lang.StringConcatHelper::prepend@3 (line 301)
                      ; - java.lang.invoke.DirectMethodHandle$Holder::invokeStatic@17
                      ; - java.lang.invoke.LambdaForm$MH/0x000001fb97094400::invoke@28
                      ; - java.lang.invoke.LambdaForm$MH/0x000001fb97095400::invoke@51
                      ; - java.lang.invoke.Invokers$Holder::linkToTargetMethod@5
                      ; - io.github.universityTycoon.MainScreen::draw@708 (line 304)
  0x000001fb87d7e764: 983b 72ff | 4489 5c24 | 20ba e4ff | ffff 488b | 6c24 3844 | 8b5c 242c | 4489 5c24 | 244c 8b54 
  0x000001fb87d7e784: 2458 4c89 | 5424 384c | 8954 2440 | 4489 7424 | 5044 894c | 2454 6690 

  0x000001fb87d7e79c: ;   {runtime_call UncommonTrapBlob}
  0x000001fb87d7e79c: c5f8 77e8 

  0x000001fb87d7e7a0: ; ImmutableOopMap {rbp=Oop [36]=NarrowOop [40]=NarrowOop [56]=Oop [64]=Oop }
                      ;*bastore {reexecute=0 rethrow=0 return_oop=0}
                      ; - java.lang.Integer::getChars@68 (line 516)
                      ; - java.lang.StringConcatHelper::prepend@12 (line 283)
                      ; - java.lang.StringConcatHelper::prepend@3 (line 301)
                      ; - java.lang.invoke.DirectMethodHandle$Holder::invokeStatic@17
                      ; - java.lang.invoke.LambdaForm$MH/0x000001fb97094400::invoke@28
                      ; - java.lang.invoke.LambdaForm$MH/0x000001fb97095400::invoke@51
                      ; - java.lang.invoke.Invokers$Holder::linkToTargetMethod@5
                      ; - io.github.universityTycoon.MainScreen::draw@733 (line 305)
  0x000001fb87d7e7a0: 5c3b 72ff | 4489 5c24 | 20ba e4ff | ffff 488b | 6c24 3844 | 8b5c 242c | 4489 5c24 | 244c 8b54 
  0x000001fb87d7e7c0: 2458 4c89 | 5424 384c | 8954 2440 | 4489 6c24 | 4c89 7424 | 5866 6690 

  0x000001fb87d7e7d8: ;   {runtime_call UncommonTrapBlob}
  0x000001fb87d7e7d8: c5f8 77e8 

  0x000001fb87d7e7dc: ; ImmutableOopMap {rbp=Oop [36]=NarrowOop [40]=NarrowOop [56]=Oop [64]=Oop }
                      ;*baload {reexecute=0 rethrow=0 return_oop=0}
                      ; - java.lang.Integer::getChars@54 (line 515)
                      ; - java.lang.StringConcatHelper::prepend@12 (line 283)
                      ; - java.lang.StringConcatHelper::prepend@3 (line 301)
                      ; - java.lang.invoke.DirectMethodHandle$Holder::invokeStatic@17
                      ; - java.lang.invoke.LambdaForm$MH/0x000001fb97094400::invoke@28
                      ; - java.lang.invoke.LambdaForm$MH/0x000001fb97095400::invoke@51
                      ; - java.lang.invoke.Invokers$Holder::linkToTargetMethod@5
                      ; - io.github.universityTycoon.MainScreen::draw@708 (line 304)
  0x000001fb87d7e7dc: 203b 72ff | 4489 5c24 | 20ba e4ff | ffff 488b | 6c24 3844 | 8b5c 242c | 4489 5c24 | 244c 8b5c 
  0x000001fb87d7e7fc: 2458 4c89 | 5c24 384c | 895c 2440 | 8974 242c | 4489 6c24 | 4c44 8954 | 2458 6690 

  0x000001fb87d7e818: ;   {runtime_call UncommonTrapBlob}
  0x000001fb87d7e818: c5f8 77e8 

  0x000001fb87d7e81c: ; ImmutableOopMap {rbp=Oop [36]=NarrowOop [40]=NarrowOop [56]=Oop [64]=Oop }
                      ;*bastore {reexecute=0 rethrow=0 return_oop=0}
                      ; - java.lang.Integer::getChars@55 (line 515)
                      ; - java.lang.StringConcatHelper::prepend@12 (line 283)
                      ; - java.lang.StringConcatHelper::prepend@3 (line 301)
                      ; - java.lang.invoke.DirectMethodHandle$Holder::invokeStatic@17
                      ; - java.lang.invoke.LambdaForm$MH/0x000001fb97094400::invoke@28
                      ; - java.lang.invoke.LambdaForm$MH/0x000001fb97095400::invoke@51
                      ; - java.lang.invoke.Invokers$Holder::linkToTargetMethod@5
                      ; - io.github.universityTycoon.MainScreen::draw@708 (line 304)
  0x000001fb87d7e81c: e03a 72ff | 4489 5c24 | 20ba e4ff | ffff 488b | 6c24 3844 | 8b5c 242c | 4489 5c24 | 244c 8b54 
  0x000001fb87d7e83c: 2458 4c89 | 5424 384c | 8954 2440 | 8944 244c | 4489 4c24 | 5866 6690 

  0x000001fb87d7e854: ;   {runtime_call UncommonTrapBlob}
  0x000001fb87d7e854: c5f8 77e8 

  0x000001fb87d7e858: ; ImmutableOopMap {rbp=Oop [36]=NarrowOop [40]=NarrowOop [56]=Oop [64]=Oop }
                      ;*baload {reexecute=0 rethrow=0 return_oop=0}
                      ; - java.lang.Integer::getChars@54 (line 515)
                      ; - java.lang.StringConcatHelper::prepend@12 (line 283)
                      ; - java.lang.StringConcatHelper::prepend@3 (line 301)
                      ; - java.lang.invoke.DirectMethodHandle$Holder::invokeStatic@17
                      ; - java.lang.invoke.LambdaForm$MH/0x000001fb97094400::invoke@28
                      ; - java.lang.invoke.LambdaForm$MH/0x000001fb97095400::invoke@51
                      ; - java.lang.invoke.Invokers$Holder::linkToTargetMethod@5
                      ; - io.github.universityTycoon.MainScreen::draw@733 (line 305)
  0x000001fb87d7e858: a43a 72ff | 4489 5c24 | 20ba e4ff | ffff 488b | 6c24 3844 | 8b5c 242c | 4489 5c24 | 244c 8b54 
  0x000001fb87d7e878: 2458 4c89 | 5424 384c | 8954 2440 | 4489 4c24 | 2c89 4424 | 4c44 896c | 2458 6690 

  0x000001fb87d7e894: ;   {runtime_call UncommonTrapBlob}
  0x000001fb87d7e894: c5f8 77e8 

  0x000001fb87d7e898: ; ImmutableOopMap {rbp=Oop [36]=NarrowOop [40]=NarrowOop [56]=Oop [64]=Oop }
                      ;*bastore {reexecute=0 rethrow=0 return_oop=0}
                      ; - java.lang.Integer::getChars@55 (line 515)
                      ; - java.lang.StringConcatHelper::prepend@12 (line 283)
                      ; - java.lang.StringConcatHelper::prepend@3 (line 301)
                      ; - java.lang.invoke.DirectMethodHandle$Holder::invokeStatic@17
                      ; - java.lang.invoke.LambdaForm$MH/0x000001fb97094400::invoke@28
                      ; - java.lang.invoke.LambdaForm$MH/0x000001fb97095400::invoke@51
                      ; - java.lang.invoke.Invokers$Holder::linkToTargetMethod@5
                      ; - io.github.universityTycoon.MainScreen::draw@733 (line 305)
  0x000001fb87d7e898: 643a 72ff | 4181 fb00 | 1f0a fa0f | 8ee6 0100 | 0041 b906 | 0000 00e9 | 13af ffff | 4181 f800 
  0x000001fb87d7e8b8: 1f0a fa0f | 8ee6 0100 | 0041 b806 | 0000 00e9 | 17af ffff | 4181 fb00 | 1f0a fa0f | 8efd 0100 
  0x000001fb87d7e8d8: 0041 bb06 | 0000 00e9 | 3faf ffff | 4183 fbff | 0f8e b60c | 0000 448b | 4424 3041 | 83c0 fe90 
  0x000001fb87d7e8f8: 443b 4424 | 240f 8398 | f6ff ff49 | 8bbf 5003 | 0000 4d63 | d846 8854 

  0x000001fb87d7e910: ; ImmutableOopMap {rbx=Oop [40]=NarrowOop [44]=NarrowOop [56]=Oop }
                      ;*goto {reexecute=1 rethrow=0 return_oop=0}
                      ; - (reexecute) java.lang.Long::getChars@140 (line 564)
                      ; - java.lang.StringConcatHelper::prepend@12 (line 318)
                      ; - java.lang.StringConcatHelper::prepend@3 (line 336)
                      ; - java.lang.invoke.DirectMethodHandle$Holder::invokeStatic@17
                      ; - java.lang.invoke.LambdaForm$MH/0x000001fb97097c00::invoke@28
                      ; - java.lang.invoke.LambdaForm$MH/0x000001fb97099000::invoke@54
                      ; - java.lang.invoke.Invokers$Holder::linkToTargetMethod@5
                      ; - io.github.universityTycoon.MainScreen::draw@925 (line 314)
                      ;   {poll}
  0x000001fb87d7e910: 1b10 8507 | 418b c9c1 | f91f 458b | d041 ffca | 4183 f99c | 0f8f 288b | ffff 418b | d045 8bea 
  0x000001fb87d7e930: 488b f349 | 63d9 4c69 | d31f 85eb | 5149 c1fa | 2545 8bd2 | 442b d144 | 8954 2434 | 456b d264 
  0x000001fb87d7e950: 458b c245 | 2bc1 458b | f041 83f8 | 640f 83be | f6ff ff4d | 63ca 4c2b 

  0x000001fb87d7e968: ;   {oop([B{0x000000070ac06480})}
  0x000001fb87d7e968: cb49 ba80 | 64c0 0a07 | 0000 0047 | 0fbe 440a | 1041 8bf8 | 458b d544 | 3b54 2424 | 0f83 d7f6 
  0x000001fb87d7e988: ffff 488b | de46 8844 

  0x000001fb87d7e990: ;   {oop([B{0x000000070ac064f8})}
  0x000001fb87d7e990: 1b0f 49ba | f864 c00a | 0700 0000 | 470f be54 | 0a10 448b | c241 83c0 | fe41 83f8 | ff0f 8eed 
  0x000001fb87d7e9b0: f5ff ff44 | 8b4c 2434 | e93b ffff | ff41 83fb | ff0f 8eea | 0b00 0044 | 8bda 4183 | c3fe 6690 
  0x000001fb87d7e9d0: 443b 5c24 | 300f 830a | f6ff ff49 | 8bbf 5003 | 0000 4d63 | cb46 8844 

  0x000001fb87d7e9e8: ; ImmutableOopMap {rbx=Oop [40]=NarrowOop [44]=NarrowOop [56]=Oop }
                      ;*goto {reexecute=1 rethrow=0 return_oop=0}
                      ; - (reexecute) java.lang.Long::getChars@140 (line 564)
                      ; - java.lang.StringConcatHelper::prepend@12 (line 318)
                      ; - java.lang.StringConcatHelper::prepend@3 (line 336)
                      ; - java.lang.invoke.DirectMethodHandle$Holder::invokeStatic@17
                      ; - java.lang.invoke.LambdaForm$MH/0x000001fb97097c00::invoke@28
                      ; - java.lang.invoke.LambdaForm$MH/0x000001fb97099000::invoke@54
                      ; - java.lang.invoke.Invokers$Holder::linkToTargetMethod@5
                      ; - io.github.universityTycoon.MainScreen::draw@765 (line 306)
                      ;   {poll}
  0x000001fb87d7e9e8: 0b10 8507 | 8bf9 c1ff | 1f45 8bd3 | 41ff ca83 | f99c 0f8f | 068b ffff | 458b f248 | 8bf3 4863 
  0x000001fb87d7ea08: d94c 69d3 | 1f85 eb51 | 49c1 fa25 | 458b c245 | 8bd0 442b | d744 8954 | 2420 456b | d264 458b 
  0x000001fb87d7ea28: c244 2bc1 | 418b f841 | 83f8 640f | 836b f6ff | ff49 63ca 

  0x000001fb87d7ea3c: ;   {oop([B{0x000000070ac06480})}
  0x000001fb87d7ea3c: 482b cb49 | ba80 64c0 | 0a07 0000 | 0045 0fbe | 540a 1045 | 8bea 458b | d644 3b54 | 2430 0f83 
  0x000001fb87d7ea5c: 78f6 ffff | 488b de46 | 886c 0b0f 

  0x000001fb87d7ea68: ;   {oop([B{0x000000070ac064f8})}
  0x000001fb87d7ea68: 49ba f864 | c00a 0700 | 0000 450f | be44 0a10 | 4183 c3fe | 4183 fbff | 0f8e 63f5 | ffff 8b4c 
  0x000001fb87d7ea88: 2420 e941 | ffff ff41 | 81fb 0036 | 65c4 0f8e | 1e0b 0000 | 41b9 0600 | 0000 e9ec | ccff ff41 
  0x000001fb87d7eaa8: 81f8 0036 | 65c4 0f8e | 240b 0000 | 41b8 0600 | 0000 e9f0 | ccff ff41 | 81f8 0036 | 65c4 0f8e 
  0x000001fb87d7eac8: 280b 0000 | 448b 5424 | 78e9 f5cc | ffff 4181 | fb00 3665 | c40f 8e2d | 0b00 0041 | bb06 0000 
  0x000001fb87d7eae8: 00e9 fecc | ffff 4181 | fb00 3665 | c40f 8e25 | 0b00 0044 | 8b54 2478 | e903 cdff | ff41 83f9 
  0x000001fb87d7eb08: ff0f 8e21 | 0b00 0044 | 8bc6 4183 | c0fe 6690 | 443b 4424 | 300f 8337 | f6ff ff49 | 8bbf 5003 
  0x000001fb87d7eb28: 0000 4963 | c844 885c 

  0x000001fb87d7eb30: ; ImmutableOopMap {rbx=Oop [40]=NarrowOop [44]=NarrowOop [56]=Oop }
                      ;*goto {reexecute=1 rethrow=0 return_oop=0}
                      ; - (reexecute) java.lang.Long::getChars@140 (line 564)
                      ; - java.lang.StringConcatHelper::prepend@12 (line 318)
                      ; - java.lang.StringConcatHelper::prepend@3 (line 336)
                      ; - java.lang.invoke.DirectMethodHandle$Holder::invokeStatic@17
                      ; - java.lang.invoke.LambdaForm$MH/0x000001fb97097c00::invoke@28
                      ; - java.lang.invoke.LambdaForm$MH/0x000001fb97099000::invoke@54
                      ; - java.lang.invoke.Invokers$Holder::linkToTargetMethod@5
                      ; - io.github.universityTycoon.MainScreen::draw@630 (line 299)
                      ;   {poll}
  0x000001fb87d7eb30: 0b10 8507 | 418b fac1 | ff1f 458b | c841 ffc9 | 4183 fa9c | 0f8f 698b | ffff 458b | e948 8bc3 
  0x000001fb87d7eb50: 4963 da4c | 69db 1f85 | eb51 49c1 | fb25 458b | cb44 2bcf | 4489 4c24 | 2441 6bf9 | 6444 8bdf 
  0x000001fb87d7eb70: 452b da45 | 8bf3 4183 | fb64 0f83 | d0f6 ffff | 4c63 cf4c 

  0x000001fb87d7eb84: ;   {oop([B{0x000000070ac06480})}
  0x000001fb87d7eb84: 2bcb 49ba | 8064 c00a | 0700 0000 | 470f be54 | 0a10 c4c1 | 796e c244 | 3b6c 2430 | 0f83 dff6 
  0x000001fb87d7eba4: ffff 488b | d844 8854 

  0x000001fb87d7ebac: ;   {oop([B{0x000000070ac064f8})}
  0x000001fb87d7ebac: 0b0f 49ba | f864 c00a | 0700 0000 | 470f be5c | 0a10 4183 | c0fe 4183 | f8ff 0f8e | 93f5 ffff 
  0x000001fb87d7ebcc: 448b 5424 | 24e9 42ff | ffff 8bdf | 8bfb e997 | f9ff ff41 | 8bdd 448b | ebe9 1dfa | ffff 448b 
  0x000001fb87d7ebec: d841 8bc3 | e9a6 faff | ff45 8bd9 | 4489 5c24 | 20e9 a7fb | ffff 448b | 5c24 2044 | 895c 2420 
  0x000001fb87d7ec0c: e914 fcff | ff41 83f9 | ff0f 8e22 | 0a00 0041 | 83c0 fe90 | 443b 4424 | 4c0f 8361 | d3ff ff4d 
  0x000001fb87d7ec2c: 8b8f 5003 | 0000 4963 | d848 8b4c | 2450 4488 

  0x000001fb87d7ec3c: ; ImmutableOopMap {rcx=Oop [48]=Oop [60]=NarrowOop [64]=Oop [72]=NarrowOop [80]=Oop }
                      ;*goto {reexecute=1 rethrow=0 return_oop=0}
                      ; - (reexecute) java.lang.Integer::getChars@69 (line 516)
                      ; - java.lang.StringConcatHelper::prepend@12 (line 283)
                      ; - java.lang.StringConcatHelper::prepend@3 (line 301)
                      ; - java.lang.invoke.DirectMethodHandle$Holder::invokeStatic@17
                      ; - java.lang.invoke.LambdaForm$MH/0x000001fb97094400::invoke@28
                      ; - java.lang.invoke.LambdaForm$MH/0x000001fb97095400::invoke@51
                      ; - java.lang.invoke.Invokers$Holder::linkToTargetMethod@5
                      ; - io.github.universityTycoon.MainScreen::draw@239 (line 268)
                      ;   {poll}
  0x000001fb87d7ec3c: 5c19 1041 | 8501 458b | ca41 c1f9 | 1f41 8bc8 | ffc9 4183 | fa9c 0f8f | d282 ffff | 4963 d24c 
  0x000001fb87d7ec5c: 69da 1f85 | eb51 49c1 | fb25 418b | f341 2bf1 | 446b ce64 | 418b f941 | 2bfa 448b | df83 ff64 
  0x000001fb87d7ec7c: 0f83 2dd4 | ffff 4d63 | d14c 2bd2 

  0x000001fb87d7ec88: ;   {oop([B{0x000000070ac06480})}
  0x000001fb87d7ec88: 49b9 8064 | c00a 0700 | 0000 430f | be6c 1110 | 3b4c 244c | 0f83 55d4 | ffff 4c8b | 5c24 5041 
  0x000001fb87d7eca8: 886c 1b0f 

  0x000001fb87d7ecac: ;   {oop([B{0x000000070ac064f8})}
  0x000001fb87d7ecac: 49bb f864 | c00a 0700 | 0000 470f | be5c 1310 | 4183 c0fe | 4183 f8ff | 0f8e c5d2 | ffff 448b 
  0x000001fb87d7eccc: d6e9 4eff | ffff 4183 | faff 0f8e | 6c09 0000 | 83c7 fe90 | 3b7c 244c | 0f83 ead2 | ffff 4d8b 
  0x000001fb87d7ecec: 8f50 0300 | 004c 63df | 488b 4c24 | 5046 886c 

  0x000001fb87d7ecfc: ; ImmutableOopMap {rcx=Oop [48]=Oop [56]=NarrowOop [64]=Oop [72]=NarrowOop [80]=Oop }
                      ;*goto {reexecute=1 rethrow=0 return_oop=0}
                      ; - (reexecute) java.lang.Integer::getChars@69 (line 516)
                      ; - java.lang.StringConcatHelper::prepend@12 (line 283)
                      ; - java.lang.StringConcatHelper::prepend@3 (line 301)
                      ; - java.lang.invoke.DirectMethodHandle$Holder::invokeStatic@17
                      ; - java.lang.invoke.LambdaForm$MH/0x000001fb97094400::invoke@28
                      ; - java.lang.invoke.LambdaForm$MH/0x000001fb97095400::invoke@51
                      ; - java.lang.invoke.Invokers$Holder::linkToTargetMethod@5
                      ; - io.github.universityTycoon.MainScreen::draw@268 (line 269)
                      ;   {poll}
  0x000001fb87d7ecfc: 1910 4185 | 0145 8bd0 | 41c1 fa1f | 8bcf ffc9 | 4183 f89c | 0f8f c482 | ffff 4963 | d84c 69cb 
  0x000001fb87d7ed1c: 1f85 eb51 | 49c1 f925 | 418b d141 | 2bd2 8bc2 | 6bd2 6444 | 8bd2 452b | d045 8bea | 4183 fa64 
  0x000001fb87d7ed3c: 0f83 01d4 | ffff 4863 | d248 2bd3 

  0x000001fb87d7ed48: ;   {oop([B{0x000000070ac06480})}
  0x000001fb87d7ed48: 49ba 8064 | c00a 0700 | 0000 450f | be54 1210 | 3b4c 244c | 0f83 29d4 | ffff 4c8b | 4424 5047 
  0x000001fb87d7ed68: 8854 180f 

  0x000001fb87d7ed6c: ;   {oop([B{0x000000070ac064f8})}
  0x000001fb87d7ed6c: 49ba f864 | c00a 0700 | 0000 450f | be5c 1210 | 458b eb83 | c7fe 83ff | ff0f 8e4c | d2ff ff44 
  0x000001fb87d7ed8c: 8bc0 e94d | ffff ff41 | 83fa ff0f | 8eb6 0800 | 0083 c1fe | 3b4c 244c | 0f83 72d2 | ffff 4d8b 
  0x000001fb87d7edac: 9750 0300 | 004c 63d9 | 4c8b 4c24 | 5047 886c 

  0x000001fb87d7edbc: ; ImmutableOopMap {r9=Oop [48]=Oop [56]=NarrowOop [64]=Oop [72]=NarrowOop [80]=Oop }
                      ;*goto {reexecute=1 rethrow=0 return_oop=0}
                      ; - (reexecute) java.lang.Integer::getChars@69 (line 516)
                      ; - java.lang.StringConcatHelper::prepend@12 (line 283)
                      ; - java.lang.StringConcatHelper::prepend@3 (line 301)
                      ; - java.lang.invoke.DirectMethodHandle$Holder::invokeStatic@17
                      ; - java.lang.invoke.LambdaForm$MH/0x000001fb97094400::invoke@28
                      ; - java.lang.invoke.LambdaForm$MH/0x000001fb97095400::invoke@51
                      ; - java.lang.invoke.Invokers$Holder::linkToTargetMethod@5
                      ; - io.github.universityTycoon.MainScreen::draw@297 (line 270)
                      ;   {poll}
  0x000001fb87d7edbc: 1910 4185 | 0244 8bd3 | 41c1 fa1f | 448b c941 | ffc9 83fb | 9c0f 8fae | 82ff ff48 | 63d3 4c69 
  0x000001fb87d7eddc: c21f 85eb | 5149 c1f8 | 2545 8bc0 | 418b f841 | 2bfa 448b | f76b ff64 | 448b d744 | 2bd3 418b 
  0x000001fb87d7edfc: f241 83fa | 640f 83d0 | d3ff ff4c | 63c7 4c2b 

  0x000001fb87d7ee0c: ;   {oop([B{0x000000070ac06480})}
  0x000001fb87d7ee0c: c249 ba80 | 64c0 0a07 | 0000 0043 | 0fbe 5c02 | 108b c344 | 3b4c 244c | 0f83 f5d3 | ffff 4c8b 
  0x000001fb87d7ee2c: 5424 5043 | 885c 1a0f 

  0x000001fb87d7ee34: ;   {oop([B{0x000000070ac064f8})}
  0x000001fb87d7ee34: 49ba f864 | c00a 0700 | 0000 470f | be54 0210 | 458b ea83 | c1fe 83f9 | ff0f 8ecc | d1ff ff41 
  0x000001fb87d7ee54: 8bde e945 | ffff ff41 | 83fa ff0f | 8ef9 0700 | 0083 c1fe | 3b4c 2424 | 0f83 f2d1 | ffff 4d8b 
  0x000001fb87d7ee74: 9f50 0300 | 004c 63c1 | 4c8b 4c24 | 5043 887c 

  0x000001fb87d7ee84: ; ImmutableOopMap {r9=Oop [48]=Oop [56]=NarrowOop [64]=Oop [72]=NarrowOop [80]=Oop }
                      ;*goto {reexecute=1 rethrow=0 return_oop=0}
                      ; - (reexecute) java.lang.Integer::getChars@69 (line 516)
                      ; - java.lang.StringConcatHelper::prepend@12 (line 283)
                      ; - java.lang.StringConcatHelper::prepend@3 (line 301)
                      ; - java.lang.invoke.DirectMethodHandle$Holder::invokeStatic@17
                      ; - java.lang.invoke.LambdaForm$MH/0x000001fb97094400::invoke@28
                      ; - java.lang.invoke.LambdaForm$MH/0x000001fb97095400::invoke@51
                      ; - java.lang.invoke.Invokers$Holder::linkToTargetMethod@5
                      ; - io.github.universityTycoon.MainScreen::draw@326 (line 271)
                      ;   {poll}
  0x000001fb87d7ee84: 0110 4185 | 0344 8bd3 | 41c1 fa1f | 448b c941 | ffc9 83fb | 9c0f 8f91 | 82ff ff48 | 63fb 4c69 
  0x000001fb87d7eea4: df1f 85eb | 5149 c1fb | 2541 8bd3 | 412b d244 | 8bf2 6bd2 | 6444 8bd2 | 442b d345 | 8bea 4183 
  0x000001fb87d7eec4: fa64 0f83 | 9fd3 ffff | 4863 da48 

  0x000001fb87d7eed0: ;   {oop([B{0x000000070ac06480})}
  0x000001fb87d7eed0: 2bdf 49ba | 8064 c00a | 0700 0000 | 450f be54 | 1a10 458b | da44 3b4c | 2424 0f83 | c3d3 ffff 
  0x000001fb87d7eef0: 4c8b 5424 | 5047 885c 

  0x000001fb87d7eef8: ;   {oop([B{0x000000070ac064f8})}
  0x000001fb87d7eef8: 020f 49ba | f864 c00a | 0700 0000 | 450f be5c | 1a10 418b | fb83 c1fe | 83f9 ff0f | 8e4e d1ff 
  0x000001fb87d7ef18: ff41 8bde | e947 ffff | ff41 83f9 | ff0f 8e3e | 0700 0041 | 83c2 fe90 | 443b 5424 | 240f 83c1 
  0x000001fb87d7ef38: d3ff ff49 | 8b8f 5003 | 0000 4d63 | da48 8b5c | 2460 4688 

  0x000001fb87d7ef4c: ; ImmutableOopMap {rbx=Oop [48]=NarrowOop [52]=NarrowOop [56]=Oop [96]=Oop }
                      ;*goto {reexecute=1 rethrow=0 return_oop=0}
                      ; - (reexecute) java.lang.Integer::getChars@69 (line 516)
                      ; - java.lang.StringConcatHelper::prepend@12 (line 283)
                      ; - java.lang.StringConcatHelper::prepend@3 (line 301)
                      ; - java.lang.invoke.DirectMethodHandle$Holder::invokeStatic@17
                      ; - java.lang.invoke.LambdaForm$MH/0x000001fb97094400::invoke@28
                      ; - java.lang.invoke.LambdaForm$MH/0x000001fb97095400::invoke@51
                      ; - java.lang.invoke.Invokers$Holder::linkToTargetMethod@5
                      ; - io.github.universityTycoon.MainScreen::draw@488 (line 291)
                      ;   {poll}
  0x000001fb87d7ef4c: 441b 1085 | 018b d7c1 | fa1f 458b | ca41 ffc9 | 83ff 9c0f | 8f8e 82ff | ff48 63cf | 4c69 c11f 
  0x000001fb87d7ef6c: 85eb 5149 | c1f8 2541 | 8bd8 448b | c344 2bc2 | 458b e845 | 6bc0 6441 | 8bd0 2bd7 | 8bc2 83fa 
  0x000001fb87d7ef8c: 640f 835d | d4ff ff49 | 63d8 482b 

  0x000001fb87d7ef98: ;   {oop([B{0x000000070ac06480})}
  0x000001fb87d7ef98: d949 b880 | 64c0 0a07 | 0000 0045 | 0fbe 4418 | 1041 8bc8 | 443b 4c24 | 240f 8380 | d4ff ff4c 
  0x000001fb87d7efb8: 8b44 2460 | 4388 4c18 

  0x000001fb87d7efc0: ;   {oop([B{0x000000070ac064f8})}
  0x000001fb87d7efc0: 0f49 bbf8 | 64c0 0a07 | 0000 0045 | 0fbe 441b | 1041 83c2 | fe41 83fa | ff0f 8e20 | d3ff ff41 
  0x000001fb87d7efe0: 8bfd e949 | ffff ff41 | 83f8 ff0f | 8e83 0600 | 0041 83c2 | fe66 6690 | 443b 5424 | 240f 8341 
  0x000001fb87d7f000: d3ff ff49 | 8b8f 5003 | 0000 4d63 | da48 8b7c | 2450 4288 

  0x000001fb87d7f014: ; ImmutableOopMap {rdi=Oop [48]=NarrowOop [52]=NarrowOop [56]=Oop [80]=Oop }
                      ;*goto {reexecute=1 rethrow=0 return_oop=0}
                      ; - (reexecute) java.lang.Integer::getChars@69 (line 516)
                      ; - java.lang.StringConcatHelper::prepend@12 (line 283)
                      ; - java.lang.StringConcatHelper::prepend@3 (line 301)
                      ; - java.lang.invoke.DirectMethodHandle$Holder::invokeStatic@17
                      ; - java.lang.invoke.LambdaForm$MH/0x000001fb97094400::invoke@28
                      ; - java.lang.invoke.LambdaForm$MH/0x000001fb97095400::invoke@51
                      ; - java.lang.invoke.Invokers$Holder::linkToTargetMethod@5
                      ; - io.github.universityTycoon.MainScreen::draw@513 (line 292)
                      ;   {poll}
  0x000001fb87d7f014: 5c1f 1085 | 0141 8bd9 | c1fb 1f41 | 8bca ffc9 | 4183 f99c | 0f8f 6b82 | ffff 4d63 | c149 69f8 
  0x000001fb87d7f034: 1f85 eb51 | 48c1 ff25 | 8bff 2bfb | 448b f76b | df64 8bd3 | 412b d18b | c283 fa64 | 0f83 2dd4 
  0x000001fb87d7f054: ffff 4c63 | cb4d 2bc8 

  0x000001fb87d7f05c: ;   {oop([B{0x000000070ac06480})}
  0x000001fb87d7f05c: 49b8 8064 | c00a 0700 | 0000 430f | be5c 0810 | 448b c33b | 4c24 240f | 8352 d4ff | ff48 8b4c 
  0x000001fb87d7f07c: 2450 4288 

  0x000001fb87d7f080: ;   {oop([B{0x000000070ac064f8})}
  0x000001fb87d7f080: 5c19 0f49 | bbf8 64c0 | 0a07 0000 | 0047 0fbe | 5c0b 1041 | 8bdb 4183 | c2fe 4183 | faff 0f8e 
  0x000001fb87d7f0a0: a3d2 ffff | 458b cee9 | 4cff ffff | 4183 faff | 0f8e c905 | 0000 458b | d045 8bda | 4183 c3fe 
  0x000001fb87d7f0c0: 458b c390 | 443b 4424 | 300f 83d4 | f3ff ff4d | 8b9f 5003 | 0000 4963 | c848 8b7c | 2448 4488 
  0x000001fb87d7f0e0: ; ImmutableOopMap {rdi=Oop [40]=NarrowOop [44]=NarrowOop [56]=Oop [72]=Oop }
                      ;*goto {reexecute=1 rethrow=0 return_oop=0}
                      ; - (reexecute) java.lang.Integer::getChars@69 (line 516)
                      ; - java.lang.StringConcatHelper::prepend@12 (line 283)
                      ; - java.lang.StringConcatHelper::prepend@3 (line 301)
                      ; - java.lang.invoke.DirectMethodHandle$Holder::invokeStatic@17
                      ; - java.lang.invoke.LambdaForm$MH/0x000001fb97094400::invoke@28
                      ; - java.lang.invoke.LambdaForm$MH/0x000001fb97095400::invoke@51
                      ; - java.lang.invoke.Invokers$Holder::linkToTargetMethod@5
                      ; - io.github.universityTycoon.MainScreen::draw@843 (line 311)
                      ;   {poll}
  0x000001fb87d7f0e0: 4c0f 1041 | 8503 8bf3 | c1fe 1f45 | 8bd8 41ff | cb83 fb9c | 0f8f 9492 | ffff 4863 | d34c 69d2 
  0x000001fb87d7f100: 1f85 eb51 | 49c1 fa25 | 458b d244 | 2bd6 418b | fa45 6bca | 6441 8bf1 | 2bf3 448b | d683 fe64 
  0x000001fb87d7f120: 0f83 50f4 | ffff 4963 | f148 2bf2 

  0x000001fb87d7f12c: ;   {oop([B{0x000000070ac06480})}
  0x000001fb87d7f12c: 49b9 8064 | c00a 0700 | 0000 410f | be5c 3110 | 448b cb44 | 3b5c 2430 | 0f83 74f4 | ffff 4c8b 
  0x000001fb87d7f14c: 5424 4845 | 884c 0a0f 

  0x000001fb87d7f154: ;   {oop([B{0x000000070ac064f8})}
  0x000001fb87d7f154: 49ba f864 | c00a 0700 | 0000 450f | be54 3210 | 458b ca45 | 8bd8 4183 | c3fe 458b | c341 83fb 
  0x000001fb87d7f174: ff0f 8e2a | f3ff ff8b | dfe9 42ff | ffff 4183 | fbff 0f8e | fd04 0000 | 448b d645 | 8bda 4183 
  0x000001fb87d7f194: c3fe 418b | f366 6690 | 3b74 2430 | 0f83 42f3 | ffff 4d8b | 9750 0300 | 004c 63de | 4c8b 4c24 
  0x000001fb87d7f1b4: 4847 8844 

  0x000001fb87d7f1b8: ; ImmutableOopMap {r9=Oop [40]=NarrowOop [44]=NarrowOop [56]=Oop [72]=Oop }
                      ;*goto {reexecute=1 rethrow=0 return_oop=0}
                      ; - (reexecute) java.lang.Integer::getChars@69 (line 516)
                      ; - java.lang.StringConcatHelper::prepend@12 (line 283)
                      ; - java.lang.StringConcatHelper::prepend@3 (line 301)
                      ; - java.lang.invoke.DirectMethodHandle$Holder::invokeStatic@17
                      ; - java.lang.invoke.LambdaForm$MH/0x000001fb97094400::invoke@28
                      ; - java.lang.invoke.LambdaForm$MH/0x000001fb97095400::invoke@51
                      ; - java.lang.invoke.Invokers$Holder::linkToTargetMethod@5
                      ; - io.github.universityTycoon.MainScreen::draw@868 (line 312)
                      ;   {poll}
  0x000001fb87d7f1b8: 1910 4185 | 0244 8bd3 | 41c1 fa1f | 448b c641 | ffc8 418b | c883 fb9c | 0f8f 8092 | ffff 4863 
  0x000001fb87d7f1d8: fb4c 69c7 | 1f85 eb51 | 49c1 f825 | 458b c845 | 2bca 458b | e945 6bc9 | 6445 8bd1 | 442b d345 
  0x000001fb87d7f1f8: 8bc2 4183 | fa64 0f83 | 03f4 ffff | 4963 d948 

  0x000001fb87d7f208: ;   {oop([B{0x000000070ac06480})}
  0x000001fb87d7f208: 2bdf 49ba | 8064 c00a | 0700 0000 | 450f be54 | 1a10 418b | fa3b 4c24 | 300f 8328 | f4ff ff4c 
  0x000001fb87d7f228: 8b54 2448 | 4388 7c1a 

  0x000001fb87d7f230: ;   {oop([B{0x000000070ac064f8})}
  0x000001fb87d7f230: 0f49 baf8 | 64c0 0a07 | 0000 0045 | 0fbe 5c1a | 1045 8bc3 | 448b d641 | 83c2 fe41 | 8bf2 4183 
  0x000001fb87d7f250: faff 0f8e | 93f2 ffff | 418b dde9 | 3cff ffff | 4183 f8ff | 0f8e 2a04 | 0000 448b | c745 8bd0 
  0x000001fb87d7f270: 4183 c2fe | 418b fa90 | 3b7c 2430 | 0f83 aef2 | ffff 4d8b | 9750 0300 | 0048 63df | 4c8b 4424 
  0x000001fb87d7f290: 4841 884c 

  0x000001fb87d7f294: ; ImmutableOopMap {r8=Oop [40]=NarrowOop [44]=NarrowOop [56]=Oop [72]=Oop }
                      ;*goto {reexecute=1 rethrow=0 return_oop=0}
                      ; - (reexecute) java.lang.Integer::getChars@69 (line 516)
                      ; - java.lang.StringConcatHelper::prepend@12 (line 283)
                      ; - java.lang.StringConcatHelper::prepend@3 (line 301)
                      ; - java.lang.invoke.DirectMethodHandle$Holder::invokeStatic@17
                      ; - java.lang.invoke.LambdaForm$MH/0x000001fb97094400::invoke@28
                      ; - java.lang.invoke.LambdaForm$MH/0x000001fb97095400::invoke@51
                      ; - java.lang.invoke.Invokers$Holder::linkToTargetMethod@5
                      ; - io.github.universityTycoon.MainScreen::draw@893 (line 313)
                      ;   {poll}
  0x000001fb87d7f294: 1810 4185 | 0245 8bd3 | 41c1 fa1f | 448b cf41 | ffc9 4183 | fb9c 0f8f | 6792 ffff | 4963 d34c 
  0x000001fb87d7f2b4: 69c2 1f85 | eb51 49c1 | f825 458b | c045 2bc2 | 418b c045 | 6bd0 6441 | 8bca 412b | cb83 f964 
  0x000001fb87d7f2d4: 0f83 c1f3 | ffff 4963 | f248 2bf2 

  0x000001fb87d7f2e0: ;   {oop([B{0x000000070ac06480})}
  0x000001fb87d7f2e0: 49ba 8064 | c00a 0700 | 0000 450f | be5c 3210 | 458b c344 | 3b4c 2430 | 0f83 e5f3 | ffff 4c8b 
  0x000001fb87d7f300: 5424 4845 | 8bd8 4588 

  0x000001fb87d7f308: ;   {oop([B{0x000000070ac064f8})}
  0x000001fb87d7f308: 5c1a 0f49 | baf8 64c0 | 0a07 0000 | 0045 0fbe | 5432 1041 | 8bca 448b | df41 83c3 | fe41 8bfb 
  0x000001fb87d7f328: 4183 fbff | 0f8e 01f2 | ffff 448b | d8e9 3eff | ffff 4183 | faff 0f8e | 5b03 0000 | 458b d645 
  0x000001fb87d7f348: 8bc2 4183 | c0fe 458b | f066 6690 | 443b 7424 | 300f 83cd | f3ff ff4d | 8b8f 5003 | 0000 458b 
  0x000001fb87d7f368: d341 c1fa | 1f4d 63c6 | 488b 5c24 | 5842 8874 

  0x000001fb87d7f378: ; ImmutableOopMap {rbx=Oop [40]=NarrowOop [44]=NarrowOop [56]=Oop [88]=Oop }
                      ;*goto {reexecute=1 rethrow=0 return_oop=0}
                      ; - (reexecute) java.lang.Integer::getChars@69 (line 516)
                      ; - java.lang.StringConcatHelper::prepend@12 (line 283)
                      ; - java.lang.StringConcatHelper::prepend@3 (line 301)
                      ; - java.lang.invoke.DirectMethodHandle$Holder::invokeStatic@17
                      ; - java.lang.invoke.LambdaForm$MH/0x000001fb97094400::invoke@28
                      ; - java.lang.invoke.LambdaForm$MH/0x000001fb97095400::invoke@51
                      ; - java.lang.invoke.Invokers$Holder::linkToTargetMethod@5
                      ; - io.github.universityTycoon.MainScreen::draw@708 (line 304)
                      ;   {poll}
  0x000001fb87d7f378: 0310 4185 | 0145 8bce | 41ff c945 | 8be9 4183 | fb9c 0f8f | 5892 ffff | 4963 db4c | 69cb 1f85 
  0x000001fb87d7f398: eb51 49c1 | f925 458b | c941 8bc9 | 412b ca89 | 4c24 2044 | 6bc9 6445 | 8bd1 452b | d341 8bf2 
  0x000001fb87d7f3b8: 4183 fa64 | 0f83 e7f3 | ffff 4963 | c948 2bcb 

  0x000001fb87d7f3c8: ;   {oop([B{0x000000070ac06480})}
  0x000001fb87d7f3c8: 49ba 8064 | c00a 0700 | 0000 450f | be5c 0a10 | 458b d344 | 3b6c 2430 | 0f83 fff3 | ffff 4c8b 
  0x000001fb87d7f3e8: 5c24 5847 | 8854 030f 

  0x000001fb87d7f3f0: ;   {oop([B{0x000000070ac064f8})}
  0x000001fb87d7f3f0: 49ba f864 | c00a 0700 | 0000 450f | be54 0a10 | 418b f245 | 8bd6 4183 | c2fe 458b | f241 83fa 
  0x000001fb87d7f410: ff0f 8e1a | f3ff ff44 | 8b5c 2420 | e933 ffff | ff41 83fa | ff0f 8e81 | 0200 0045 | 8bd6 458b 
  0x000001fb87d7f430: c241 83c0 | fe45 8bf0 | 443b 7424 | 300f 8325 | f3ff ff49 | 8b8f 5003 | 0000 458b | d341 c1fa 
  0x000001fb87d7f450: 1f4d 63c6 | 488b 7c24 | 5846 884c 

  0x000001fb87d7f45c: ; ImmutableOopMap {rdi=Oop [40]=NarrowOop [44]=NarrowOop [56]=Oop [88]=Oop }
                      ;*goto {reexecute=1 rethrow=0 return_oop=0}
                      ; - (reexecute) java.lang.Integer::getChars@69 (line 516)
                      ; - java.lang.StringConcatHelper::prepend@12 (line 283)
                      ; - java.lang.StringConcatHelper::prepend@3 (line 301)
                      ; - java.lang.invoke.DirectMethodHandle$Holder::invokeStatic@17
                      ; - java.lang.invoke.LambdaForm$MH/0x000001fb97094400::invoke@28
                      ; - java.lang.invoke.LambdaForm$MH/0x000001fb97095400::invoke@51
                      ; - java.lang.invoke.Invokers$Holder::linkToTargetMethod@5
                      ; - io.github.universityTycoon.MainScreen::draw@733 (line 305)
                      ;   {poll}
  0x000001fb87d7f45c: 0710 8501 | 458b ce41 | ffc9 418b | c141 83fb | 9c0f 8f33 | 92ff ff49 | 63db 4c69 | cb1f 85eb 
  0x000001fb87d7f47c: 5149 c1f9 | 2541 8bc9 | 448b c945 | 2bca 4489 | 4c24 2041 | 6bc9 6444 | 8bc9 452b | cb41 83f9 
  0x000001fb87d7f49c: 640f 8382 | f3ff ff48 | 63c9 482b 

  0x000001fb87d7f4a8: ;   {oop([B{0x000000070ac06480})}
  0x000001fb87d7f4a8: cb49 ba80 | 64c0 0a07 | 0000 0045 | 0fbe 540a | 1045 8bea | 3b44 2430 | 0f83 9bf3 | ffff 4c8b 
  0x000001fb87d7f4c8: d747 886c 

  0x000001fb87d7f4cc: ;   {oop([B{0x000000070ac064f8})}
  0x000001fb87d7f4cc: 020f 49ba | f864 c00a | 0700 0000 | 450f be5c | 0a10 458b | cb45 8bde | 4183 c3fe | 458b f341 
  0x000001fb87d7f4ec: 83fb ff0f | 8e78 f2ff | ff44 8b5c | 2420 e939 | ffff ff44 | 8bc2 458b | cae9 12c3 | ffff ba45 
  0x000001fb87d7f50c: ffff ff48 | ff74 2428 | 488f 4424 | 2044 895c | 2428 894c | 242c 4489 | 5424 3090 

  0x000001fb87d7f528: ;   {runtime_call UncommonTrapBlob}
  0x000001fb87d7f528: c5f8 77e8 

  0x000001fb87d7f52c: ; ImmutableOopMap {[32]=Oop [40]=NarrowOop [44]=NarrowOop }
                      ;*if_icmpge {reexecute=1 rethrow=0 return_oop=0}
                      ; - (reexecute) java.lang.Integer::stringSize@19 (line 557)
                      ; - java.lang.StringConcatHelper::mix@2 (line 112)
                      ; - java.lang.invoke.DirectMethodHandle$Holder::invokeStatic@13
                      ; - java.lang.invoke.LambdaForm$MH/0x000001fb97095000::invoke@23
                      ; - java.lang.invoke.LambdaForm$MH/0x000001fb97095400::invoke@15
                      ; - java.lang.invoke.Invokers$Holder::linkToTargetMethod@5
                      ; - io.github.universityTycoon.MainScreen::draw@239 (line 268)
  0x000001fb87d7f52c: d02d 72ff | ba45 ffff | ff44 8954 | 2430 6690 

  0x000001fb87d7f53c: ;   {runtime_call UncommonTrapBlob}
  0x000001fb87d7f53c: c5f8 77e8 

  0x000001fb87d7f540: ; ImmutableOopMap {[56]=NarrowOop [64]=Oop [72]=NarrowOop }
                      ;*if_icmpge {reexecute=1 rethrow=0 return_oop=0}
                      ; - (reexecute) java.lang.Integer::stringSize@19 (line 557)
                      ; - java.lang.StringConcatHelper::mix@2 (line 112)
                      ; - java.lang.invoke.DirectMethodHandle$Holder::invokeStatic@13
                      ; - java.lang.invoke.LambdaForm$MH/0x000001fb97095000::invoke@23
                      ; - java.lang.invoke.LambdaForm$MH/0x000001fb97095400::invoke@15
                      ; - java.lang.invoke.Invokers$Holder::linkToTargetMethod@5
                      ; - io.github.universityTycoon.MainScreen::draw@268 (line 269)
  0x000001fb87d7f540: bc2d 72ff | ba45 ffff | ff44 895c | 2430 6690 

  0x000001fb87d7f550: ;   {runtime_call UncommonTrapBlob}
  0x000001fb87d7f550: c5f8 77e8 

  0x000001fb87d7f554: ; ImmutableOopMap {[56]=NarrowOop [64]=Oop [72]=NarrowOop }
                      ;*if_icmpge {reexecute=1 rethrow=0 return_oop=0}
                      ; - (reexecute) java.lang.Integer::stringSize@19 (line 557)
                      ; - java.lang.StringConcatHelper::mix@2 (line 112)
                      ; - java.lang.invoke.DirectMethodHandle$Holder::invokeStatic@13
                      ; - java.lang.invoke.LambdaForm$MH/0x000001fb97095000::invoke@23
                      ; - java.lang.invoke.LambdaForm$MH/0x000001fb97095400::invoke@15
                      ; - java.lang.invoke.Invokers$Holder::linkToTargetMethod@5
                      ; - io.github.universityTycoon.MainScreen::draw@297 (line 270)
  0x000001fb87d7f554: a82d 72ff | ba45 ffff | ff44 895c | 2430 6690 

  0x000001fb87d7f564: ;   {runtime_call UncommonTrapBlob}
  0x000001fb87d7f564: c5f8 77e8 

  0x000001fb87d7f568: ; ImmutableOopMap {[56]=NarrowOop [64]=Oop [72]=NarrowOop }
                      ;*if_icmpge {reexecute=1 rethrow=0 return_oop=0}
                      ; - (reexecute) java.lang.Integer::stringSize@19 (line 557)
                      ; - java.lang.StringConcatHelper::mix@2 (line 112)
                      ; - java.lang.invoke.DirectMethodHandle$Holder::invokeStatic@13
                      ; - java.lang.invoke.LambdaForm$MH/0x000001fb97095000::invoke@23
                      ; - java.lang.invoke.LambdaForm$MH/0x000001fb97095400::invoke@15
                      ; - java.lang.invoke.Invokers$Holder::linkToTargetMethod@5
                      ; - io.github.universityTycoon.MainScreen::draw@326 (line 271)
  0x000001fb87d7f568: 942d 72ff | ba45 ffff | ff44 8b5c | 2430 4489 | 5c24 2c89 | 4424 3090 

  0x000001fb87d7f580: ;   {runtime_call UncommonTrapBlob}
  0x000001fb87d7f580: c5f8 77e8 

  0x000001fb87d7f584: ; ImmutableOopMap {[44]=NarrowOop [52]=NarrowOop [56]=Oop }
                      ;*if_icmpge {reexecute=1 rethrow=0 return_oop=0}
                      ; - (reexecute) java.lang.Integer::stringSize@19 (line 557)
                      ; - java.lang.StringConcatHelper::mix@2 (line 112)
                      ; - java.lang.invoke.DirectMethodHandle$Holder::invokeStatic@13
                      ; - java.lang.invoke.LambdaForm$MH/0x000001fb97095000::invoke@23
                      ; - java.lang.invoke.LambdaForm$MH/0x000001fb97095400::invoke@15
                      ; - java.lang.invoke.Invokers$Holder::linkToTargetMethod@5
                      ; - io.github.universityTycoon.MainScreen::draw@488 (line 291)
  0x000001fb87d7f584: 782d 72ff | ba45 ffff | ff44 8b54 | 2430 4489 | 5424 2c89 | 4424 3090 

  0x000001fb87d7f59c: ;   {runtime_call UncommonTrapBlob}
  0x000001fb87d7f59c: c5f8 77e8 

  0x000001fb87d7f5a0: ; ImmutableOopMap {[44]=NarrowOop [52]=NarrowOop [56]=Oop }
                      ;*if_icmpge {reexecute=1 rethrow=0 return_oop=0}
                      ; - (reexecute) java.lang.Integer::stringSize@19 (line 557)
                      ; - java.lang.StringConcatHelper::mix@2 (line 112)
                      ; - java.lang.invoke.DirectMethodHandle$Holder::invokeStatic@13
                      ; - java.lang.invoke.LambdaForm$MH/0x000001fb97095000::invoke@23
                      ; - java.lang.invoke.LambdaForm$MH/0x000001fb97095400::invoke@15
                      ; - java.lang.invoke.Invokers$Holder::linkToTargetMethod@5
                      ; - io.github.universityTycoon.MainScreen::draw@513 (line 292)
  0x000001fb87d7f5a0: 5c2d 72ff | 4489 4c24 | 3445 8bc3 | e9ef e9ff | ff89 4c24 | 20e9 2fea | ffff ba45 | ffff ff44 
  0x000001fb87d7f5c0: 8b5c 242c | 4489 5c24 | 2089 4424 | 2c66 6690 

  0x000001fb87d7f5d0: ;   {runtime_call UncommonTrapBlob}
  0x000001fb87d7f5d0: c5f8 77e8 

  0x000001fb87d7f5d4: ; ImmutableOopMap {rbp=Oop [32]=NarrowOop [40]=NarrowOop }
                      ;*if_icmpge {reexecute=1 rethrow=0 return_oop=0}
                      ; - (reexecute) java.lang.Integer::stringSize@19 (line 557)
                      ; - java.lang.StringConcatHelper::mix@2 (line 112)
                      ; - java.lang.invoke.DirectMethodHandle$Holder::invokeStatic@13
                      ; - java.lang.invoke.LambdaForm$MH/0x000001fb97095000::invoke@23
                      ; - java.lang.invoke.LambdaForm$MH/0x000001fb97095400::invoke@15
                      ; - java.lang.invoke.Invokers$Holder::linkToTargetMethod@5
                      ; - io.github.universityTycoon.MainScreen::draw@843 (line 311)
  0x000001fb87d7f5d4: 282d 72ff | ba45 ffff | ff44 8b54 | 242c 4489 | 5424 2089 | 4424 2c90 

  0x000001fb87d7f5ec: ;   {runtime_call UncommonTrapBlob}
  0x000001fb87d7f5ec: c5f8 77e8 

  0x000001fb87d7f5f0: ; ImmutableOopMap {rbp=Oop [32]=NarrowOop [40]=NarrowOop }
                      ;*if_icmpge {reexecute=1 rethrow=0 return_oop=0}
                      ; - (reexecute) java.lang.Integer::stringSize@19 (line 557)
                      ; - java.lang.StringConcatHelper::mix@2 (line 112)
                      ; - java.lang.invoke.DirectMethodHandle$Holder::invokeStatic@13
                      ; - java.lang.invoke.LambdaForm$MH/0x000001fb97095000::invoke@23
                      ; - java.lang.invoke.LambdaForm$MH/0x000001fb97095400::invoke@15
                      ; - java.lang.invoke.Invokers$Holder::linkToTargetMethod@5
                      ; - io.github.universityTycoon.MainScreen::draw@868 (line 312)
  0x000001fb87d7f5f0: 0c2d 72ff | ba45 ffff | ff44 8b54 | 242c 4489 | 5424 2089 | 4424 2c90 

  0x000001fb87d7f608: ;   {runtime_call UncommonTrapBlob}
  0x000001fb87d7f608: c5f8 77e8 

  0x000001fb87d7f60c: ; ImmutableOopMap {rbp=Oop [32]=NarrowOop [40]=NarrowOop }
                      ;*if_icmpge {reexecute=1 rethrow=0 return_oop=0}
                      ; - (reexecute) java.lang.Integer::stringSize@19 (line 557)
                      ; - java.lang.StringConcatHelper::mix@2 (line 112)
                      ; - java.lang.invoke.DirectMethodHandle$Holder::invokeStatic@13
                      ; - java.lang.invoke.LambdaForm$MH/0x000001fb97095000::invoke@23
                      ; - java.lang.invoke.LambdaForm$MH/0x000001fb97095400::invoke@15
                      ; - java.lang.invoke.Invokers$Holder::linkToTargetMethod@5
                      ; - io.github.universityTycoon.MainScreen::draw@893 (line 313)
  0x000001fb87d7f60c: f02c 72ff | ba45 ffff | ff66 6690 

  0x000001fb87d7f618: ;   {runtime_call UncommonTrapBlob}
  0x000001fb87d7f618: c5f8 77e8 

  0x000001fb87d7f61c: ; ImmutableOopMap {rbp=Oop [40]=NarrowOop [44]=NarrowOop }
                      ;*if_icmpge {reexecute=1 rethrow=0 return_oop=0}
                      ; - (reexecute) java.lang.Integer::stringSize@19 (line 557)
                      ; - java.lang.StringConcatHelper::mix@2 (line 112)
                      ; - java.lang.invoke.DirectMethodHandle$Holder::invokeStatic@13
                      ; - java.lang.invoke.LambdaForm$MH/0x000001fb97095000::invoke@23
                      ; - java.lang.invoke.LambdaForm$MH/0x000001fb97095400::invoke@15
                      ; - java.lang.invoke.Invokers$Holder::linkToTargetMethod@5
                      ; - io.github.universityTycoon.MainScreen::draw@708 (line 304)
  0x000001fb87d7f61c: e02c 72ff | ba45 ffff | ff66 6690 

  0x000001fb87d7f628: ;   {runtime_call UncommonTrapBlob}
  0x000001fb87d7f628: c5f8 77e8 

  0x000001fb87d7f62c: ; ImmutableOopMap {rbp=Oop [40]=NarrowOop [44]=NarrowOop }
                      ;*if_icmpge {reexecute=1 rethrow=0 return_oop=0}
                      ; - (reexecute) java.lang.Integer::stringSize@19 (line 557)
                      ; - java.lang.StringConcatHelper::mix@2 (line 112)
                      ; - java.lang.invoke.DirectMethodHandle$Holder::invokeStatic@13
                      ; - java.lang.invoke.LambdaForm$MH/0x000001fb97095000::invoke@23
                      ; - java.lang.invoke.LambdaForm$MH/0x000001fb97095400::invoke@15
                      ; - java.lang.invoke.Invokers$Holder::linkToTargetMethod@5
                      ; - io.github.universityTycoon.MainScreen::draw@733 (line 305)
  0x000001fb87d7f62c: d02c 72ff | 4489 5424 | 2445 8bc1 | e922 ebff | ff45 8bc1 | 418b f2e9 | 47c9 ffff | 418b fa41 
  0x000001fb87d7f64c: 8bc0 e984 | c9ff ff41 | 8bca 448b | f3e9 c1c9 | ffff 418b | ca44 8bf3 | e9fe c9ff | ff45 8bd1 
  0x000001fb87d7f66c: 448b efe9 | 8bcc ffff | 458b d045 | 8bf1 e9c8 | ccff ff45 | 8bc2 8bfb | e91c eeff | ff41 8bf3 
  0x000001fb87d7f68c: 448b ebe9 | 57ee ffff | 418b f841 | 8bc3 e994 | eeff ff45 | 8bf2 4489 | 5c24 20e9 | 85f0 ffff 
  0x000001fb87d7f6ac: 458b f244 | 895c 2420 | e9b4 f0ff | ffba deff | ffff 488b | 6c24 3844 | 8b5c 2428 | 4489 5c24 
  0x000001fb87d7f6cc: 2044 8b44 | 242c 4489 | 4424 244c | 8954 2430 

  0x000001fb87d7f6dc: ;   {runtime_call UncommonTrapBlob}
  0x000001fb87d7f6dc: c5f8 77e8 

  0x000001fb87d7f6e0: ; ImmutableOopMap {rbp=Oop [32]=NarrowOop [36]=NarrowOop [48]=Oop }
                      ;*checkcast {reexecute=0 rethrow=0 return_oop=0}
                      ; - jdk.internal.math.FloatingDecimal::getBinaryToASCIIBuffer@6 (line 986)
                      ; - jdk.internal.math.FloatingDecimal::getBinaryToASCIIConverter@134 (line 1822)
                      ; - jdk.internal.math.FloatingDecimal::toJavaFormatString@1 (line 80)
                      ; - java.lang.Float::toString@1 (line 226)
                      ; - java.lang.String::valueOf@1 (line 4357)
                      ; - java.lang.invoke.LambdaForm$DMH/0x000001fb97095800::invokeStatic@10
                      ; - java.lang.invoke.LambdaForm$MH/0x000001fb97097000::invoke@15
                      ; - java.lang.invoke.LambdaForm$MH/0x000001fb97097400::linkToTargetMethod@5
                      ; - io.github.universityTycoon.MainScreen::draw@793 (line 309)
  0x000001fb87d7f6e0: 1c2c 72ff | bade ffff | ff48 8b6c | 2438 448b | 5c24 2844 | 895c 2420 | 448b 4424 | 2c44 8944 
  0x000001fb87d7f700: 2424 4c89 | 5424 3090 

  0x000001fb87d7f708: ;   {runtime_call UncommonTrapBlob}
  0x000001fb87d7f708: c5f8 77e8 

  0x000001fb87d7f70c: ; ImmutableOopMap {rbp=Oop [32]=NarrowOop [36]=NarrowOop [48]=Oop }
                      ;*checkcast {reexecute=0 rethrow=0 return_oop=0}
                      ; - jdk.internal.math.FloatingDecimal::getBinaryToASCIIBuffer@6 (line 986)
                      ; - jdk.internal.math.FloatingDecimal::getBinaryToASCIIConverter@134 (line 1822)
                      ; - jdk.internal.math.FloatingDecimal::toJavaFormatString@1 (line 80)
                      ; - java.lang.Float::toString@1 (line 226)
                      ; - java.lang.String::valueOf@1 (line 4357)
                      ; - java.lang.invoke.LambdaForm$DMH/0x000001fb97095800::invokeStatic@10
                      ; - java.lang.invoke.LambdaForm$MH/0x000001fb97097000::invoke@15
                      ; - java.lang.invoke.LambdaForm$MH/0x000001fb97097400::linkToTargetMethod@5
                      ; - io.github.universityTycoon.MainScreen::draw@658 (line 302)
  0x000001fb87d7f70c: f02b 72ff | bade ffff | ff48 8b6c | 2438 448b | 5c24 2844 | 895c 2420 | 448b 4424 | 2c44 8944 
  0x000001fb87d7f72c: 2424 448b | 5c24 3044 | 895c 2428 | 448b 4424 | 3444 8944 | 242c 4c89 | 5424 3090 

  0x000001fb87d7f748: ;   {runtime_call UncommonTrapBlob}
  0x000001fb87d7f748: c5f8 77e8 

  0x000001fb87d7f74c: ; ImmutableOopMap {rbp=Oop [32]=NarrowOop [36]=NarrowOop [48]=Oop }
                      ;*checkcast {reexecute=0 rethrow=0 return_oop=0}
                      ; - jdk.internal.math.FloatingDecimal::getBinaryToASCIIBuffer@6 (line 986)
                      ; - jdk.internal.math.FloatingDecimal::getBinaryToASCIIConverter@134 (line 1822)
                      ; - jdk.internal.math.FloatingDecimal::toJavaFormatString@1 (line 80)
                      ; - java.lang.Float::toString@1 (line 226)
                      ; - java.lang.String::valueOf@1 (line 4357)
                      ; - java.lang.invoke.LambdaForm$DMH/0x000001fb97095800::invokeStatic@10
                      ; - java.lang.invoke.LambdaForm$MH/0x000001fb97097000::invoke@15
                      ; - java.lang.invoke.LambdaForm$MH/0x000001fb97097400::linkToTargetMethod@5
                      ; - io.github.universityTycoon.MainScreen::draw@818 (line 310)
  0x000001fb87d7f74c: b02b 72ff | bade ffff | ff4c 8b54 | 2438 4c89 | 5424 2048 | 8944 2438 

  0x000001fb87d7f764: ;   {runtime_call UncommonTrapBlob}
  0x000001fb87d7f764: c5f8 77e8 

  0x000001fb87d7f768: ; ImmutableOopMap {[32]=Oop [40]=NarrowOop [44]=NarrowOop [56]=Oop }
                      ;*checkcast {reexecute=0 rethrow=0 return_oop=0}
                      ; - jdk.internal.math.FloatingDecimal::getBinaryToASCIIBuffer@6 (line 986)
                      ; - jdk.internal.math.FloatingDecimal::getBinaryToASCIIConverter@134 (line 1822)
                      ; - jdk.internal.math.FloatingDecimal::toJavaFormatString@1 (line 80)
                      ; - java.lang.Float::toString@1 (line 226)
                      ; - java.lang.String::valueOf@1 (line 4357)
                      ; - java.lang.invoke.LambdaForm$DMH/0x000001fb97095800::invokeStatic@10
                      ; - java.lang.invoke.LambdaForm$MH/0x000001fb97097000::invoke@15
                      ; - java.lang.invoke.LambdaForm$MH/0x000001fb97097400::linkToTargetMethod@5
                      ; - io.github.universityTycoon.MainScreen::draw@438 (line 289)
  0x000001fb87d7f768: 942b 72ff | bade ffff | ff48 8b6c | 2438 448b | 5c24 2c44 | 895c 2420 | 448b 4424 | 2844 8944 
  0x000001fb87d7f788: 2424 448b | 5c24 3444 | 895c 2428 | 448b 4424 | 3044 8944 | 242c 4c89 | 5424 3090 

  0x000001fb87d7f7a4: ;   {runtime_call UncommonTrapBlob}
  0x000001fb87d7f7a4: c5f8 77e8 

  0x000001fb87d7f7a8: ; ImmutableOopMap {rbp=Oop [32]=NarrowOop [36]=NarrowOop [48]=Oop }
                      ;*checkcast {reexecute=0 rethrow=0 return_oop=0}
                      ; - jdk.internal.math.FloatingDecimal::getBinaryToASCIIBuffer@6 (line 986)
                      ; - jdk.internal.math.FloatingDecimal::getBinaryToASCIIConverter@134 (line 1822)
                      ; - jdk.internal.math.FloatingDecimal::toJavaFormatString@1 (line 80)
                      ; - java.lang.Float::toString@1 (line 226)
                      ; - java.lang.String::valueOf@1 (line 4357)
                      ; - java.lang.invoke.LambdaForm$DMH/0x000001fb97095800::invokeStatic@10
                      ; - java.lang.invoke.LambdaForm$MH/0x000001fb97097000::invoke@15
                      ; - java.lang.invoke.LambdaForm$MH/0x000001fb97097400::linkToTargetMethod@5
                      ; - io.github.universityTycoon.MainScreen::draw@683 (line 303)
  0x000001fb87d7f7a8: 542b 72ff | bade ffff | ff4c 8b54 | 2438 4c89 | 5424 2048 | 8944 2438 

  0x000001fb87d7f7c0: ;   {runtime_call UncommonTrapBlob}
  0x000001fb87d7f7c0: c5f8 77e8 

  0x000001fb87d7f7c4: ; ImmutableOopMap {[32]=Oop [40]=NarrowOop [44]=NarrowOop [56]=Oop }
                      ;*checkcast {reexecute=0 rethrow=0 return_oop=0}
                      ; - jdk.internal.math.FloatingDecimal::getBinaryToASCIIBuffer@6 (line 986)
                      ; - jdk.internal.math.FloatingDecimal::getBinaryToASCIIConverter@134 (line 1822)
                      ; - jdk.internal.math.FloatingDecimal::toJavaFormatString@1 (line 80)
                      ; - java.lang.Float::toString@1 (line 226)
                      ; - java.lang.String::valueOf@1 (line 4357)
                      ; - java.lang.invoke.LambdaForm$DMH/0x000001fb97095800::invokeStatic@10
                      ; - java.lang.invoke.LambdaForm$MH/0x000001fb97097000::invoke@15
                      ; - java.lang.invoke.LambdaForm$MH/0x000001fb97097400::linkToTargetMethod@5
                      ; - io.github.universityTycoon.MainScreen::draw@463 (line 290)
  0x000001fb87d7f7c4: 382b 72ff | bade ffff | ff48 8b6c | 2438 448b | 5c24 2844 | 895c 2420 | 448b 4424 | 2c44 8944 
  0x000001fb87d7f7e4: 2424 4c89 | 5424 3090 

  0x000001fb87d7f7ec: ;   {runtime_call UncommonTrapBlob}
  0x000001fb87d7f7ec: c5f8 77e8 

  0x000001fb87d7f7f0: ; ImmutableOopMap {rbp=Oop [32]=NarrowOop [36]=NarrowOop [48]=Oop }
                      ;*checkcast {reexecute=0 rethrow=0 return_oop=0}
                      ; - jdk.internal.math.FloatingDecimal::getBinaryToASCIIBuffer@6 (line 986)
                      ; - jdk.internal.math.FloatingDecimal::getBinaryToASCIIConverter@134 (line 1822)
                      ; - jdk.internal.math.FloatingDecimal::toJavaFormatString@1 (line 80)
                      ; - java.lang.Float::toString@1 (line 226)
                      ; - java.lang.String::valueOf@1 (line 4357)
                      ; - java.lang.invoke.LambdaForm$DMH/0x000001fb97095800::invokeStatic@10
                      ; - java.lang.invoke.LambdaForm$MH/0x000001fb97097000::invoke@15
                      ; - java.lang.invoke.LambdaForm$MH/0x000001fb97097400::linkToTargetMethod@5
                      ; - io.github.universityTycoon.MainScreen::draw@573 (line 297)
  0x000001fb87d7f7f0: 0c2b 72ff | bade ffff | ff48 8b6c | 2438 448b | 5c24 2c44 | 895c 2420 | 448b 4424 | 2844 8944 
  0x000001fb87d7f810: 2424 448b | 5c24 3444 | 895c 2428 | 448b 4424 | 3044 8944 | 242c 4c89 | 5424 3090 

  0x000001fb87d7f82c: ;   {runtime_call UncommonTrapBlob}
  0x000001fb87d7f82c: c5f8 77e8 

  0x000001fb87d7f830: ; ImmutableOopMap {rbp=Oop [32]=NarrowOop [36]=NarrowOop [48]=Oop }
                      ;*checkcast {reexecute=0 rethrow=0 return_oop=0}
                      ; - jdk.internal.math.FloatingDecimal::getBinaryToASCIIBuffer@6 (line 986)
                      ; - jdk.internal.math.FloatingDecimal::getBinaryToASCIIConverter@134 (line 1822)
                      ; - jdk.internal.math.FloatingDecimal::toJavaFormatString@1 (line 80)
                      ; - java.lang.Float::toString@1 (line 226)
                      ; - java.lang.String::valueOf@1 (line 4357)
                      ; - java.lang.invoke.LambdaForm$DMH/0x000001fb97095800::invokeStatic@10
                      ; - java.lang.invoke.LambdaForm$MH/0x000001fb97097000::invoke@15
                      ; - java.lang.invoke.LambdaForm$MH/0x000001fb97097400::linkToTargetMethod@5
                      ; - io.github.universityTycoon.MainScreen::draw@598 (line 298)
  0x000001fb87d7f830: cc2a 72ff | baf6 ffff | ff66 6690 

  0x000001fb87d7f83c: ;   {runtime_call UncommonTrapBlob}
  0x000001fb87d7f83c: c5f8 77e8 

  0x000001fb87d7f840: ; ImmutableOopMap {}
                      ;*invokevirtual begin {reexecute=0 rethrow=0 return_oop=0}
                      ; - io.github.universityTycoon.MainScreen::draw@4 (line 242)
  0x000001fb87d7f840: bc2a 72ff | baf6 ffff | ff66 6690 

  0x000001fb87d7f84c: ;   {runtime_call UncommonTrapBlob}
  0x000001fb87d7f84c: c5f8 77e8 

  0x000001fb87d7f850: ; ImmutableOopMap {}
                      ;*invokeinterface glDepthMask {reexecute=0 rethrow=0 return_oop=0}
                      ; - com.badlogic.gdx.graphics.g2d.SpriteBatch::begin@26 (line 179)
                      ; - io.github.universityTycoon.MainScreen::draw@4 (line 242)
  0x000001fb87d7f850: ac2a 72ff | baf6 ffff | ff66 6690 

  0x000001fb87d7f85c: ;   {runtime_call UncommonTrapBlob}
  0x000001fb87d7f85c: c5f8 77e8 

  0x000001fb87d7f860: ; ImmutableOopMap {}
                      ;*invokevirtual bind {reexecute=0 rethrow=0 return_oop=0}
                      ; - com.badlogic.gdx.graphics.g2d.SpriteBatch::begin@52 (line 183)
                      ; - io.github.universityTycoon.MainScreen::draw@4 (line 242)
  0x000001fb87d7f860: 9c2a 72ff | 8bea baf6 | ffff ff90 

  0x000001fb87d7f86c: ;   {runtime_call UncommonTrapBlob}
  0x000001fb87d7f86c: c5f8 77e8 

  0x000001fb87d7f870: ; ImmutableOopMap {}
                      ;*invokeinterface glUseProgram {reexecute=0 rethrow=0 return_oop=0}
                      ; - com.badlogic.gdx.graphics.glutils.ShaderProgram::bind@13 (line 705)
                      ; - com.badlogic.gdx.graphics.g2d.SpriteBatch::begin@52 (line 183)
                      ; - io.github.universityTycoon.MainScreen::draw@4 (line 242)
  0x000001fb87d7f870: 8c2a 72ff | baf6 ffff | ffc5 f97e | c5c5 fa11 | 4c24 20c5 | fa11 5424 | 24c5 fa11 | 5c24 2890 
  0x000001fb87d7f890: ;   {runtime_call UncommonTrapBlob}
  0x000001fb87d7f890: c5f8 77e8 

  0x000001fb87d7f894: ; ImmutableOopMap {}
                      ;*invokeinterface glClearColor {reexecute=0 rethrow=0 return_oop=0}
                      ; - com.badlogic.gdx.utils.ScreenUtils::clear@7 (line 68)
                      ; - com.badlogic.gdx.utils.ScreenUtils::clear@7 (line 59)
                      ; - com.badlogic.gdx.utils.ScreenUtils::clear@17 (line 41)
                      ; - io.github.universityTycoon.MainScreen::draw@10 (line 244)
  0x000001fb87d7f894: 682a 72ff | baf6 ffff | ff66 6690 

  0x000001fb87d7f8a0: ;   {runtime_call UncommonTrapBlob}
  0x000001fb87d7f8a0: c5f8 77e8 

  0x000001fb87d7f8a4: ; ImmutableOopMap {}
                      ;*invokeinterface glClear {reexecute=0 rethrow=0 return_oop=0}
                      ; - com.badlogic.gdx.utils.ScreenUtils::clear@61 (line 72)
                      ; - com.badlogic.gdx.utils.ScreenUtils::clear@7 (line 59)
                      ; - com.badlogic.gdx.utils.ScreenUtils::clear@17 (line 41)
                      ; - io.github.universityTycoon.MainScreen::draw@10 (line 244)
  0x000001fb87d7f8a4: 582a 72ff | baf6 ffff | ff66 6690 

  0x000001fb87d7f8b0: ;   {runtime_call UncommonTrapBlob}
  0x000001fb87d7f8b0: c5f8 77e8 

  0x000001fb87d7f8b4: ; ImmutableOopMap {}
                      ;*invokevirtual getCamera {reexecute=0 rethrow=0 return_oop=0}
                      ; - io.github.universityTycoon.MainScreen::draw@28 (line 246)
  0x000001fb87d7f8b4: 482a 72ff | baf6 ffff | ff66 6690 

  0x000001fb87d7f8c0: ;   {runtime_call UncommonTrapBlob}
  0x000001fb87d7f8c0: c5f8 77e8 

  0x000001fb87d7f8c4: ; ImmutableOopMap {}
                      ;*getfield combined {reexecute=1 rethrow=0 return_oop=0}
                      ; - (reexecute) io.github.universityTycoon.MainScreen::draw@31 (line 246)
  0x000001fb87d7f8c4: 382a 72ff | baf6 ffff | ff41 8be9 

  0x000001fb87d7f8d0: ;   {runtime_call UncommonTrapBlob}
  0x000001fb87d7f8d0: c5f8 77e8 

  0x000001fb87d7f8d4: ; ImmutableOopMap {rbp=NarrowOop }
                      ;*invokevirtual setProjectionMatrix {reexecute=0 rethrow=0 return_oop=0}
                      ; - io.github.universityTycoon.MainScreen::draw@34 (line 246)
  0x000001fb87d7f8d4: 282a 72ff | baf6 ffff | ff41 8be9 

  0x000001fb87d7f8e0: ;   {runtime_call UncommonTrapBlob}
  0x000001fb87d7f8e0: c5f8 77e8 

  0x000001fb87d7f8e4: ; ImmutableOopMap {rbp=NarrowOop }
                      ;*invokevirtual set {reexecute=0 rethrow=0 return_oop=0}
                      ; - com.badlogic.gdx.graphics.g2d.SpriteBatch::setProjectionMatrix@16 (line 1050)
                      ; - io.github.universityTycoon.MainScreen::draw@34 (line 246)
  0x000001fb87d7f8e4: 182a 72ff | baf6 ffff | ff66 6690 

  0x000001fb87d7f8f0: ;   {runtime_call UncommonTrapBlob}
  0x000001fb87d7f8f0: c5f8 77e8 

  0x000001fb87d7f8f4: ; ImmutableOopMap {}
                      ;*getfield val {reexecute=1 rethrow=0 return_oop=0}
                      ; - (reexecute) com.badlogic.gdx.math.Matrix4::set@2 (line 129)
                      ; - com.badlogic.gdx.graphics.g2d.SpriteBatch::setProjectionMatrix@16 (line 1050)
                      ; - io.github.universityTycoon.MainScreen::draw@34 (line 246)
  0x000001fb87d7f8f4: 082a 72ff | baf6 ffff | ff66 6690 

  0x000001fb87d7f900: ;   {runtime_call UncommonTrapBlob}
  0x000001fb87d7f900: c5f8 77e8 

  0x000001fb87d7f904: ; ImmutableOopMap {}
                      ;*arraylength {reexecute=0 rethrow=0 return_oop=0}
                      ; - com.badlogic.gdx.math.Matrix4::set@11 (line 139)
                      ; - com.badlogic.gdx.math.Matrix4::set@5 (line 129)
                      ; - com.badlogic.gdx.graphics.g2d.SpriteBatch::setProjectionMatrix@16 (line 1050)
                      ; - io.github.universityTycoon.MainScreen::draw@34 (line 246)
  0x000001fb87d7f904: f829 72ff | baf6 ffff | ff41 8beb | 4489 4c24 | 2066 6690 

  0x000001fb87d7f918: ;   {runtime_call UncommonTrapBlob}
  0x000001fb87d7f918: c5f8 77e8 

  0x000001fb87d7f91c: ; ImmutableOopMap {rbp=NarrowOop }
                      ;*invokestatic arraycopy {reexecute=0 rethrow=0 return_oop=0}
                      ; - com.badlogic.gdx.math.Matrix4::set@12 (line 139)
                      ; - com.badlogic.gdx.math.Matrix4::set@5 (line 129)
                      ; - com.badlogic.gdx.graphics.g2d.SpriteBatch::setProjectionMatrix@16 (line 1050)
                      ; - io.github.universityTycoon.MainScreen::draw@34 (line 246)
  0x000001fb87d7f91c: e029 72ff | baf6 ffff | ff66 6690 

  0x000001fb87d7f928: ;   {runtime_call UncommonTrapBlob}
  0x000001fb87d7f928: c5f8 77e8 

  0x000001fb87d7f92c: ; ImmutableOopMap {}
                      ;*getfield isPaused {reexecute=1 rethrow=0 return_oop=0}
                      ; - (reexecute) io.github.universityTycoon.MainScreen::draw@79 (line 251)
  0x000001fb87d7f92c: d029 72ff | baf6 ffff | ff66 6690 

  0x000001fb87d7f938: ;   {runtime_call UncommonTrapBlob}
  0x000001fb87d7f938: c5f8 77e8 

  0x000001fb87d7f93c: ; ImmutableOopMap {}
                      ;*invokevirtual getSatisfactionScore {reexecute=0 rethrow=0 return_oop=0}
                      ; - io.github.universityTycoon.MainScreen::draw@179 (line 263)
  0x000001fb87d7f93c: c029 72ff | baf6 ffff | ff66 6690 

  0x000001fb87d7f948: ;   {runtime_call UncommonTrapBlob}
  0x000001fb87d7f948: c5f8 77e8 

  0x000001fb87d7f94c: ; ImmutableOopMap {}
                      ;*invokevirtual toString {reexecute=0 rethrow=0 return_oop=0}
                      ; - java.lang.String::format@12 (line 4147)
                      ; - io.github.universityTycoon.MainScreen::draw@186 (line 263)
  0x000001fb87d7f94c: b029 72ff | baf6 ffff | ff66 6690 

  0x000001fb87d7f958: ;   {runtime_call UncommonTrapBlob}
  0x000001fb87d7f958: c5f8 77e8 

  0x000001fb87d7f95c: ; ImmutableOopMap {}
                      ;*invokevirtual getLeisureBuildingCount {reexecute=0 rethrow=0 return_oop=0}
                      ; - io.github.universityTycoon.MainScreen::draw@236 (line 268)
  0x000001fb87d7f95c: a029 72ff | baf6 ffff | ff66 6690 

  0x000001fb87d7f968: ;   {runtime_call UncommonTrapBlob}
  0x000001fb87d7f968: c5f8 77e8 

  0x000001fb87d7f96c: ; ImmutableOopMap {}
                      ;*invokevirtual getTeachingBuildingCount {reexecute=0 rethrow=0 return_oop=0}
                      ; - io.github.universityTycoon.MainScreen::draw@265 (line 269)
  0x000001fb87d7f96c: 9029 72ff | baf6 ffff | ff66 6690 

  0x000001fb87d7f978: ;   {runtime_call UncommonTrapBlob}
  0x000001fb87d7f978: c5f8 77e8 

  0x000001fb87d7f97c: ; ImmutableOopMap {}
                      ;*invokevirtual getCafeteriaBuildingCount {reexecute=0 rethrow=0 return_oop=0}
                      ; - io.github.universityTycoon.MainScreen::draw@294 (line 270)
  0x000001fb87d7f97c: 8029 72ff | baf6 ffff | ff66 6690 

  0x000001fb87d7f988: ;   {runtime_call UncommonTrapBlob}
  0x000001fb87d7f988: c5f8 77e8 

  0x000001fb87d7f98c: ; ImmutableOopMap {}
                      ;*invokevirtual getAccommodationBuildingCount {reexecute=0 rethrow=0 return_oop=0}
                      ; - io.github.universityTycoon.MainScreen::draw@323 (line 271)
  0x000001fb87d7f98c: 7029 72ff | baf6 ffff | ff48 8b6c | 2428 448b | 4424 3c44 | 8944 2420 | 448b 5c24 | 3844 895c 
  0x000001fb87d7f9ac: 2424 4889 | 5c24 3044 | 8954 2440 

  0x000001fb87d7f9b8: ;   {runtime_call UncommonTrapBlob}
  0x000001fb87d7f9b8: c5f8 77e8 

  0x000001fb87d7f9bc: ; ImmutableOopMap {rbp=Oop [32]=NarrowOop [36]=NarrowOop [48]=Oop [72]=NarrowOop }
                      ;*newarray {reexecute=1 rethrow=0 return_oop=0}
                      ; - (reexecute) java.util.Arrays::copyOfRange@41 (line 3822)
                      ; - java.lang.StringLatin1::newString@16 (line 769)
                      ; - java.lang.StringBuilder::toString@16 (line 453)
                      ; - java.util.Formatter::toString@8 (line 2525)
                      ; - java.lang.String::format@12 (line 4147)
                      ; - io.github.universityTycoon.MainScreen::draw@186 (line 263)
  0x000001fb87d7f9bc: 4029 72ff | baf6 ffff | ff66 6690 

  0x000001fb87d7f9c8: ;   {runtime_call UncommonTrapBlob}
  0x000001fb87d7f9c8: c5f8 77e8 

  0x000001fb87d7f9cc: ; ImmutableOopMap {}
                      ;*invokevirtual begin {reexecute=0 rethrow=0 return_oop=0}
                      ; - io.github.universityTycoon.MainScreen::draw@356 (line 282)
  0x000001fb87d7f9cc: 3029 72ff | baf6 ffff | ff66 6690 

  0x000001fb87d7f9d8: ;   {runtime_call UncommonTrapBlob}
  0x000001fb87d7f9d8: c5f8 77e8 

  0x000001fb87d7f9dc: ; ImmutableOopMap {}
                      ;*invokeinterface glDepthMask {reexecute=0 rethrow=0 return_oop=0}
                      ; - com.badlogic.gdx.graphics.g2d.SpriteBatch::begin@26 (line 179)
                      ; - io.github.universityTycoon.MainScreen::draw@356 (line 282)
  0x000001fb87d7f9dc: 2029 72ff | baf6 ffff | ff66 6690 

  0x000001fb87d7f9e8: ;   {runtime_call UncommonTrapBlob}
  0x000001fb87d7f9e8: c5f8 77e8 

  0x000001fb87d7f9ec: ; ImmutableOopMap {}
                      ;*invokevirtual bind {reexecute=0 rethrow=0 return_oop=0}
                      ; - com.badlogic.gdx.graphics.g2d.SpriteBatch::begin@52 (line 183)
                      ; - io.github.universityTycoon.MainScreen::draw@356 (line 282)
  0x000001fb87d7f9ec: 1029 72ff | 8bea baf6 | ffff ff90 

  0x000001fb87d7f9f8: ;   {runtime_call UncommonTrapBlob}
  0x000001fb87d7f9f8: c5f8 77e8 

  0x000001fb87d7f9fc: ; ImmutableOopMap {}
                      ;*invokeinterface glUseProgram {reexecute=0 rethrow=0 return_oop=0}
                      ; - com.badlogic.gdx.graphics.glutils.ShaderProgram::bind@13 (line 705)
                      ; - com.badlogic.gdx.graphics.g2d.SpriteBatch::begin@52 (line 183)
                      ; - io.github.universityTycoon.MainScreen::draw@356 (line 282)
  0x000001fb87d7f9fc: 0029 72ff | baf6 ffff | ff66 6690 

  0x000001fb87d7fa08: ;   {runtime_call UncommonTrapBlob}
  0x000001fb87d7fa08: c5f8 77e8 

  0x000001fb87d7fa0c: ; ImmutableOopMap {}
                      ;*invokevirtual toString {reexecute=0 rethrow=0 return_oop=0}
                      ; - io.github.universityTycoon.MainScreen::draw@370 (line 285)
  0x000001fb87d7fa0c: f028 72ff | ba5c ffff | ff48 8b6c | 2438 6690 

  0x000001fb87d7fa1c: ;   {runtime_call UncommonTrapBlob}
  0x000001fb87d7fa1c: c5f8 77e8 

  0x000001fb87d7fa20: ; ImmutableOopMap {rbp=Oop [40]=NarrowOop [44]=NarrowOop }
                      ;*ifnull {reexecute=1 rethrow=0 return_oop=0}
                      ; - (reexecute) java.lang.StringConcatHelper::stringOf@1 (line 453)
                      ; - java.lang.StringConcatHelper::simpleConcat@6 (line 408)
                      ; - java.lang.invoke.DirectMethodHandle$Holder::invokeStatic@11
                      ; - java.lang.invoke.LambdaForm$MH/0x000001fb9700d000::invoke@21
                      ; - java.lang.invoke.Invokers$Holder::linkToTargetMethod@5
                      ; - io.github.universityTycoon.MainScreen::draw@373 (line 285)
  0x000001fb87d7fa20: dc28 72ff | baf6 ffff | ff66 6690 

  0x000001fb87d7fa2c: ;   {runtime_call UncommonTrapBlob}
  0x000001fb87d7fa2c: c5f8 77e8 

  0x000001fb87d7fa30: ; ImmutableOopMap {}
                      ;*arraylength {reexecute=0 rethrow=0 return_oop=0}
                      ; - java.lang.String::isEmpty@4 (line 1496)
                      ; - java.lang.StringConcatHelper::simpleConcat@27 (line 413)
                      ; - java.lang.invoke.DirectMethodHandle$Holder::invokeStatic@11
                      ; - java.lang.invoke.LambdaForm$MH/0x000001fb9700d000::invoke@21
                      ; - java.lang.invoke.Invokers$Holder::linkToTargetMethod@5
                      ; - io.github.universityTycoon.MainScreen::draw@373 (line 285)
  0x000001fb87d7fa30: cc28 72ff | baf6 ffff | ff66 6690 

  0x000001fb87d7fa3c: ;   {runtime_call UncommonTrapBlob}
  0x000001fb87d7fa3c: c5f8 77e8 

  0x000001fb87d7fa40: ; ImmutableOopMap {}
                      ;*invokevirtual ordinal {reexecute=0 rethrow=0 return_oop=0}
                      ; - io.github.universityTycoon.MainScreen::draw@395 (line 287)
  0x000001fb87d7fa40: bc28 72ff | baf4 ffff | ff66 6690 

  0x000001fb87d7fa4c: ;   {runtime_call UncommonTrapBlob}
  0x000001fb87d7fa4c: c5f8 77e8 

  0x000001fb87d7fa50: ; ImmutableOopMap {[40]=NarrowOop [44]=NarrowOop [56]=Oop }
                      ;*checkcast {reexecute=0 rethrow=0 return_oop=0}
                      ; - jdk.internal.math.FloatingDecimal::getBinaryToASCIIBuffer@6 (line 986)
                      ; - jdk.internal.math.FloatingDecimal::getBinaryToASCIIConverter@134 (line 1822)
                      ; - jdk.internal.math.FloatingDecimal::toJavaFormatString@1 (line 80)
                      ; - java.lang.Float::toString@1 (line 226)
                      ; - java.lang.String::valueOf@1 (line 4357)
                      ; - java.lang.invoke.LambdaForm$DMH/0x000001fb97095800::invokeStatic@10
                      ; - java.lang.invoke.LambdaForm$MH/0x000001fb97097000::invoke@15
                      ; - java.lang.invoke.LambdaForm$MH/0x000001fb97097400::linkToTargetMethod@5
                      ; - io.github.universityTycoon.MainScreen::draw@438 (line 289)
  0x000001fb87d7fa50: ac28 72ff | baf6 ffff | ff66 6690 

  0x000001fb87d7fa5c: ;   {runtime_call UncommonTrapBlob}
  0x000001fb87d7fa5c: c5f8 77e8 

  0x000001fb87d7fa60: ; ImmutableOopMap {}
                      ;*arraylength {reexecute=0 rethrow=0 return_oop=0}
                      ; - java.lang.String::rangeCheck@3 (line 304)
                      ; - java.lang.String::<init>@7 (line 300)
                      ; - jdk.internal.math.FloatingDecimal$BinaryToASCIIBuffer::toJavaFormatString@19 (line 302)
                      ; - jdk.internal.math.FloatingDecimal::toJavaFormatString@4 (line 80)
                      ; - java.lang.Float::toString@1 (line 226)
                      ; - java.lang.String::valueOf@1 (line 4357)
                      ; - java.lang.invoke.LambdaForm$DMH/0x000001fb97095800::invokeStatic@10
                      ; - java.lang.invoke.LambdaForm$MH/0x000001fb97097000::invoke@15
                      ; - java.lang.invoke.LambdaForm$MH/0x000001fb97097400::linkToTargetMethod@5
                      ; - io.github.universityTycoon.MainScreen::draw@438 (line 289)
  0x000001fb87d7fa60: 9c28 72ff | baf4 ffff | ff66 6690 

  0x000001fb87d7fa6c: ;   {runtime_call UncommonTrapBlob}
  0x000001fb87d7fa6c: c5f8 77e8 

  0x000001fb87d7fa70: ; ImmutableOopMap {[40]=NarrowOop [44]=NarrowOop [56]=Oop }
                      ;*checkcast {reexecute=0 rethrow=0 return_oop=0}
                      ; - jdk.internal.math.FloatingDecimal::getBinaryToASCIIBuffer@6 (line 986)
                      ; - jdk.internal.math.FloatingDecimal::getBinaryToASCIIConverter@134 (line 1822)
                      ; - jdk.internal.math.FloatingDecimal::toJavaFormatString@1 (line 80)
                      ; - java.lang.Float::toString@1 (line 226)
                      ; - java.lang.String::valueOf@1 (line 4357)
                      ; - java.lang.invoke.LambdaForm$DMH/0x000001fb97095800::invokeStatic@10
                      ; - java.lang.invoke.LambdaForm$MH/0x000001fb97097000::invoke@15
                      ; - java.lang.invoke.LambdaForm$MH/0x000001fb97097400::linkToTargetMethod@5
                      ; - io.github.universityTycoon.MainScreen::draw@463 (line 290)
  0x000001fb87d7fa70: 8c28 72ff | baf6 ffff | ff66 6690 

  0x000001fb87d7fa7c: ;   {runtime_call UncommonTrapBlob}
  0x000001fb87d7fa7c: c5f8 77e8 

  0x000001fb87d7fa80: ; ImmutableOopMap {}
                      ;*arraylength {reexecute=0 rethrow=0 return_oop=0}
                      ; - java.lang.String::rangeCheck@3 (line 304)
                      ; - java.lang.String::<init>@7 (line 300)
                      ; - jdk.internal.math.FloatingDecimal$BinaryToASCIIBuffer::toJavaFormatString@19 (line 302)
                      ; - jdk.internal.math.FloatingDecimal::toJavaFormatString@4 (line 80)
                      ; - java.lang.Float::toString@1 (line 226)
                      ; - java.lang.String::valueOf@1 (line 4357)
                      ; - java.lang.invoke.LambdaForm$DMH/0x000001fb97095800::invokeStatic@10
                      ; - java.lang.invoke.LambdaForm$MH/0x000001fb97097000::invoke@15
                      ; - java.lang.invoke.LambdaForm$MH/0x000001fb97097400::linkToTargetMethod@5
                      ; - io.github.universityTycoon.MainScreen::draw@463 (line 290)
  0x000001fb87d7fa80: 7c28 72ff | baf6 ffff | ff66 6690 

  0x000001fb87d7fa8c: ;   {runtime_call UncommonTrapBlob}
  0x000001fb87d7fa8c: c5f8 77e8 

  0x000001fb87d7fa90: ; ImmutableOopMap {}
                      ;*arraylength {reexecute=0 rethrow=0 return_oop=0}
                      ; - java.lang.ThreadLocal$ThreadLocalMap::getEntry@8 (line 434)
                      ; - java.lang.ThreadLocal::get@16 (line 165)
                      ; - jdk.internal.math.FloatingDecimal::getBinaryToASCIIBuffer@3 (line 986)
                      ; - jdk.internal.math.FloatingDecimal::getBinaryToASCIIConverter@134 (line 1822)
                      ; - jdk.internal.math.FloatingDecimal::toJavaFormatString@1 (line 80)
                      ; - java.lang.Float::toString@1 (line 226)
                      ; - java.lang.String::valueOf@1 (line 4357)
                      ; - java.lang.invoke.LambdaForm$DMH/0x000001fb97095800::invokeStatic@10
                      ; - java.lang.invoke.LambdaForm$MH/0x000001fb97097000::invoke@15
                      ; - java.lang.invoke.LambdaForm$MH/0x000001fb97097400::linkToTargetMethod@5
                      ; - io.github.universityTycoon.MainScreen::draw@438 (line 289)
  0x000001fb87d7fa90: 6c28 72ff | baf6 ffff | ff66 6690 

  0x000001fb87d7fa9c: ;   {runtime_call UncommonTrapBlob}
  0x000001fb87d7fa9c: c5f8 77e8 

  0x000001fb87d7faa0: ; ImmutableOopMap {}
                      ;*arraylength {reexecute=0 rethrow=0 return_oop=0}
                      ; - java.lang.ThreadLocal$ThreadLocalMap::getEntry@8 (line 434)
                      ; - java.lang.ThreadLocal::get@16 (line 165)
                      ; - jdk.internal.math.FloatingDecimal::getBinaryToASCIIBuffer@3 (line 986)
                      ; - jdk.internal.math.FloatingDecimal::getBinaryToASCIIConverter@134 (line 1822)
                      ; - jdk.internal.math.FloatingDecimal::toJavaFormatString@1 (line 80)
                      ; - java.lang.Float::toString@1 (line 226)
                      ; - java.lang.String::valueOf@1 (line 4357)
                      ; - java.lang.invoke.LambdaForm$DMH/0x000001fb97095800::invokeStatic@10
                      ; - java.lang.invoke.LambdaForm$MH/0x000001fb97097000::invoke@15
                      ; - java.lang.invoke.LambdaForm$MH/0x000001fb97097400::linkToTargetMethod@5
                      ; - io.github.universityTycoon.MainScreen::draw@463 (line 290)
  0x000001fb87d7faa0: 5c28 72ff | baf6 ffff | ff66 6690 

  0x000001fb87d7faac: ;   {runtime_call UncommonTrapBlob}
  0x000001fb87d7faac: c5f8 77e8 

  0x000001fb87d7fab0: ; ImmutableOopMap {}
                      ;*invokevirtual bind {reexecute=0 rethrow=0 return_oop=0}
                      ; - com.badlogic.gdx.graphics.g2d.SpriteBatch::flush@58 (line 962)
                      ; - com.badlogic.gdx.graphics.g2d.SpriteBatch::setProjectionMatrix@8 (line 1049)
                      ; - io.github.universityTycoon.MainScreen::draw@34 (line 246)
  0x000001fb87d7fab0: 4c28 72ff | baf6 ffff | ff8b e944 | 8944 2420 

  0x000001fb87d7fac0: ;   {runtime_call UncommonTrapBlob}
  0x000001fb87d7fac0: c5f8 77e8 

  0x000001fb87d7fac4: ; ImmutableOopMap {}
                      ;*invokeinterface glBindTexture {reexecute=0 rethrow=0 return_oop=0}
                      ; - com.badlogic.gdx.graphics.GLTexture::bind@11 (line 73)
                      ; - com.badlogic.gdx.graphics.g2d.SpriteBatch::flush@58 (line 962)
                      ; - com.badlogic.gdx.graphics.g2d.SpriteBatch::setProjectionMatrix@8 (line 1049)
                      ; - io.github.universityTycoon.MainScreen::draw@34 (line 246)
  0x000001fb87d7fac4: 3828 72ff | baf6 ffff | ff41 8beb | 8974 2420 

  0x000001fb87d7fad4: ;   {runtime_call UncommonTrapBlob}
  0x000001fb87d7fad4: c5f8 77e8 

  0x000001fb87d7fad8: ; ImmutableOopMap {rbp=NarrowOop }
                      ;*invokevirtual setVertices {reexecute=0 rethrow=0 return_oop=0}
                      ; - com.badlogic.gdx.graphics.g2d.SpriteBatch::flush@76 (line 964)
                      ; - com.badlogic.gdx.graphics.g2d.SpriteBatch::setProjectionMatrix@8 (line 1049)
                      ; - io.github.universityTycoon.MainScreen::draw@34 (line 246)
  0x000001fb87d7fad8: 2428 72ff | baf6 ffff | ff41 8beb | 8974 2420 

  0x000001fb87d7fae8: ;   {runtime_call UncommonTrapBlob}
  0x000001fb87d7fae8: c5f8 77e8 

  0x000001fb87d7faec: ; ImmutableOopMap {rbp=NarrowOop }
                      ;*invokeinterface setVertices {reexecute=0 rethrow=0 return_oop=0}
                      ; - com.badlogic.gdx.graphics.Mesh::setVertices@7 (line 330)
                      ; - com.badlogic.gdx.graphics.g2d.SpriteBatch::flush@76 (line 964)
                      ; - com.badlogic.gdx.graphics.g2d.SpriteBatch::setProjectionMatrix@8 (line 1049)
                      ; - io.github.universityTycoon.MainScreen::draw@34 (line 246)
  0x000001fb87d7faec: 1028 72ff | baf6 ffff | ff66 6690 

  0x000001fb87d7faf8: ;   {runtime_call UncommonTrapBlob}
  0x000001fb87d7faf8: c5f8 77e8 

  0x000001fb87d7fafc: ; ImmutableOopMap {}
                      ;*invokeinterface getBuffer {reexecute=0 rethrow=0 return_oop=0}
                      ; - com.badlogic.gdx.graphics.Mesh::getIndicesBuffer@5 (line 971)
                      ; - com.badlogic.gdx.graphics.g2d.SpriteBatch::flush@82 (line 965)
                      ; - com.badlogic.gdx.graphics.g2d.SpriteBatch::setProjectionMatrix@8 (line 1049)
                      ; - io.github.universityTycoon.MainScreen::draw@34 (line 246)
  0x000001fb87d7fafc: 0028 72ff | baf6 ffff | ff66 6690 

  0x000001fb87d7fb08: ;   {runtime_call UncommonTrapBlob}
  0x000001fb87d7fb08: c5f8 77e8 

  0x000001fb87d7fb0c: ; ImmutableOopMap {}
                      ;*invokevirtual position {reexecute=0 rethrow=0 return_oop=0}
                      ; - com.badlogic.gdx.graphics.g2d.SpriteBatch::flush@90 (line 966)
                      ; - com.badlogic.gdx.graphics.g2d.SpriteBatch::setProjectionMatrix@8 (line 1049)
                      ; - io.github.universityTycoon.MainScreen::draw@34 (line 246)
  0x000001fb87d7fb0c: f027 72ff | baf6 ffff | ff66 6690 

  0x000001fb87d7fb18: ;   {runtime_call UncommonTrapBlob}
  0x000001fb87d7fb18: c5f8 77e8 

  0x000001fb87d7fb1c: ; ImmutableOopMap {}
                      ;*invokeinterface glEnable {reexecute=0 rethrow=0 return_oop=0}
                      ; - com.badlogic.gdx.graphics.g2d.SpriteBatch::flush@128 (line 972)
                      ; - com.badlogic.gdx.graphics.g2d.SpriteBatch::setProjectionMatrix@8 (line 1049)
                      ; - io.github.universityTycoon.MainScreen::draw@34 (line 246)
  0x000001fb87d7fb1c: e027 72ff | 8bea 4489 | 4424 2044 | 894c 2424 | 897c 2428 | baf6 ffff | ff66 6690 

  0x000001fb87d7fb38: ;   {runtime_call UncommonTrapBlob}
  0x000001fb87d7fb38: c5f8 77e8 

  0x000001fb87d7fb3c: ; ImmutableOopMap {}
                      ;*invokeinterface glBlendFuncSeparate {reexecute=0 rethrow=0 return_oop=0}
                      ; - com.badlogic.gdx.graphics.g2d.SpriteBatch::flush@160 (line 973)
                      ; - com.badlogic.gdx.graphics.g2d.SpriteBatch::setProjectionMatrix@8 (line 1049)
                      ; - io.github.universityTycoon.MainScreen::draw@34 (line 246)
  0x000001fb87d7fb3c: c027 72ff | ba45 ffff | ff48 8b6c | 2428 4889 | 4424 2844 | 895c 2430 

  0x000001fb87d7fb54: ;   {runtime_call UncommonTrapBlob}
  0x000001fb87d7fb54: c5f8 77e8 

  0x000001fb87d7fb58: ; ImmutableOopMap {rbp=Oop [40]=Oop [48]=NarrowOop [56]=NarrowOop [60]=NarrowOop }
                      ;*ifnonnull {reexecute=1 rethrow=0 return_oop=0}
                      ; - (reexecute) java.util.Formatter::ensureOpen@4 (line 2576)
                      ; - java.util.Formatter::toString@1 (line 2524)
                      ; - java.lang.String::format@12 (line 4147)
                      ; - io.github.universityTycoon.MainScreen::draw@186 (line 263)
  0x000001fb87d7fb58: a427 72ff | baf4 ffff | ff44 8b44 | 2440 4489 | 4424 3489 | 5c24 3c44 | 895c 2444 | 8974 2448 
  0x000001fb87d7fb78: ;   {runtime_call UncommonTrapBlob}
  0x000001fb87d7fb78: c5f8 77e8 

  0x000001fb87d7fb7c: ; ImmutableOopMap {rbp=Oop [32]=Oop [40]=NarrowOop [44]=NarrowOop [60]=NarrowOop [68]=NarrowOop }
                      ;*instanceof {reexecute=0 rethrow=0 return_oop=0}
                      ; - com.badlogic.gdx.utils.BufferUtils::copy@1 (line 54)
                      ; - com.badlogic.gdx.graphics.glutils.VertexBufferObject::setVertices@12 (line 142)
                      ; - com.badlogic.gdx.graphics.Mesh::setVertices@7 (line 330)
                      ; - com.badlogic.gdx.graphics.g2d.SpriteBatch::flush@76 (line 964)
                      ; - com.badlogic.gdx.graphics.g2d.SpriteBatch::setProjectionMatrix@8 (line 1049)
                      ; - io.github.universityTycoon.MainScreen::draw@34 (line 246)
  0x000001fb87d7fb7c: 8027 72ff | baf6 ffff | ff66 6690 

  0x000001fb87d7fb88: ;   {runtime_call UncommonTrapBlob}
  0x000001fb87d7fb88: c5f8 77e8 

  0x000001fb87d7fb8c: ; ImmutableOopMap {}
                      ;*invokevirtual position {reexecute=0 rethrow=0 return_oop=0}
                      ; - com.badlogic.gdx.graphics.glutils.VertexBufferObject::setVertices@20 (line 143)
                      ; - com.badlogic.gdx.graphics.Mesh::setVertices@7 (line 330)
                      ; - com.badlogic.gdx.graphics.g2d.SpriteBatch::flush@76 (line 964)
                      ; - com.badlogic.gdx.graphics.g2d.SpriteBatch::setProjectionMatrix@8 (line 1049)
                      ; - io.github.universityTycoon.MainScreen::draw@34 (line 246)
  0x000001fb87d7fb8c: 7027 72ff | baf4 ffff | ff44 8b44 | 2440 4489 | 4424 3489 | 5c24 3c44 | 895c 2444 | 8974 2448 
  0x000001fb87d7fbac: ;   {runtime_call UncommonTrapBlob}
  0x000001fb87d7fbac: c5f8 77e8 

  0x000001fb87d7fbb0: ; ImmutableOopMap {rbp=Oop [32]=Oop [40]=NarrowOop [44]=NarrowOop [60]=NarrowOop [68]=NarrowOop }
                      ;*instanceof {reexecute=0 rethrow=0 return_oop=0}
                      ; - com.badlogic.gdx.utils.BufferUtils::copy@1 (line 54)
                      ; - com.badlogic.gdx.graphics.glutils.VertexArray::setVertices@7 (line 93)
                      ; - com.badlogic.gdx.graphics.Mesh::setVertices@7 (line 330)
                      ; - com.badlogic.gdx.graphics.g2d.SpriteBatch::flush@76 (line 964)
                      ; - com.badlogic.gdx.graphics.g2d.SpriteBatch::setProjectionMatrix@8 (line 1049)
                      ; - io.github.universityTycoon.MainScreen::draw@34 (line 246)
  0x000001fb87d7fbb0: 4c27 72ff | baf6 ffff | ff66 6690 

  0x000001fb87d7fbbc: ;   {runtime_call UncommonTrapBlob}
  0x000001fb87d7fbbc: c5f8 77e8 

  0x000001fb87d7fbc0: ; ImmutableOopMap {}
                      ;*invokevirtual position {reexecute=0 rethrow=0 return_oop=0}
                      ; - com.badlogic.gdx.graphics.glutils.VertexArray::setVertices@15 (line 94)
                      ; - com.badlogic.gdx.graphics.Mesh::setVertices@7 (line 330)
                      ; - com.badlogic.gdx.graphics.g2d.SpriteBatch::flush@76 (line 964)
                      ; - com.badlogic.gdx.graphics.g2d.SpriteBatch::setProjectionMatrix@8 (line 1049)
                      ; - io.github.universityTycoon.MainScreen::draw@34 (line 246)
  0x000001fb87d7fbc0: 3c27 72ff | baf4 ffff | ff48 8b6c | 2438 448b | 5c24 2844 | 895c 2420 | 448b 5424 | 2c44 8954 
  0x000001fb87d7fbe0: 2424 6690 

  0x000001fb87d7fbe4: ;   {runtime_call UncommonTrapBlob}
  0x000001fb87d7fbe4: c5f8 77e8 

  0x000001fb87d7fbe8: ; ImmutableOopMap {rbp=Oop [32]=NarrowOop [36]=NarrowOop }
                      ;*checkcast {reexecute=0 rethrow=0 return_oop=0}
                      ; - jdk.internal.math.FloatingDecimal::getBinaryToASCIIBuffer@6 (line 986)
                      ; - jdk.internal.math.FloatingDecimal::getBinaryToASCIIConverter@134 (line 1822)
                      ; - jdk.internal.math.FloatingDecimal::toJavaFormatString@1 (line 80)
                      ; - java.lang.Float::toString@1 (line 226)
                      ; - java.lang.String::valueOf@1 (line 4357)
                      ; - java.lang.invoke.LambdaForm$DMH/0x000001fb97095800::invokeStatic@10
                      ; - java.lang.invoke.LambdaForm$MH/0x000001fb97097000::invoke@15
                      ; - java.lang.invoke.LambdaForm$MH/0x000001fb97097400::linkToTargetMethod@5
                      ; - io.github.universityTycoon.MainScreen::draw@793 (line 309)
  0x000001fb87d7fbe8: 1427 72ff | baf6 ffff | ff66 6690 

  0x000001fb87d7fbf4: ;   {runtime_call UncommonTrapBlob}
  0x000001fb87d7fbf4: c5f8 77e8 

  0x000001fb87d7fbf8: ; ImmutableOopMap {}
                      ;*arraylength {reexecute=0 rethrow=0 return_oop=0}
                      ; - java.lang.String::rangeCheck@3 (line 304)
                      ; - java.lang.String::<init>@7 (line 300)
                      ; - jdk.internal.math.FloatingDecimal$BinaryToASCIIBuffer::toJavaFormatString@19 (line 302)
                      ; - jdk.internal.math.FloatingDecimal::toJavaFormatString@4 (line 80)
                      ; - java.lang.Float::toString@1 (line 226)
                      ; - java.lang.String::valueOf@1 (line 4357)
                      ; - java.lang.invoke.LambdaForm$DMH/0x000001fb97095800::invokeStatic@10
                      ; - java.lang.invoke.LambdaForm$MH/0x000001fb97097000::invoke@15
                      ; - java.lang.invoke.LambdaForm$MH/0x000001fb97097400::linkToTargetMethod@5
                      ; - io.github.universityTycoon.MainScreen::draw@793 (line 309)
  0x000001fb87d7fbf8: 0427 72ff | baf4 ffff | ff48 8b6c | 2438 448b | 5c24 2844 | 895c 2420 | 448b 5424 | 2c44 8954 
  0x000001fb87d7fc18: 2424 6690 

  0x000001fb87d7fc1c: ;   {runtime_call UncommonTrapBlob}
  0x000001fb87d7fc1c: c5f8 77e8 

  0x000001fb87d7fc20: ; ImmutableOopMap {rbp=Oop [32]=NarrowOop [36]=NarrowOop }
                      ;*checkcast {reexecute=0 rethrow=0 return_oop=0}
                      ; - jdk.internal.math.FloatingDecimal::getBinaryToASCIIBuffer@6 (line 986)
                      ; - jdk.internal.math.FloatingDecimal::getBinaryToASCIIConverter@134 (line 1822)
                      ; - jdk.internal.math.FloatingDecimal::toJavaFormatString@1 (line 80)
                      ; - java.lang.Float::toString@1 (line 226)
                      ; - java.lang.String::valueOf@1 (line 4357)
                      ; - java.lang.invoke.LambdaForm$DMH/0x000001fb97095800::invokeStatic@10
                      ; - java.lang.invoke.LambdaForm$MH/0x000001fb97097000::invoke@15
                      ; - java.lang.invoke.LambdaForm$MH/0x000001fb97097400::linkToTargetMethod@5
                      ; - io.github.universityTycoon.MainScreen::draw@818 (line 310)
  0x000001fb87d7fc20: dc26 72ff | baf6 ffff | ff66 6690 

  0x000001fb87d7fc2c: ;   {runtime_call UncommonTrapBlob}
  0x000001fb87d7fc2c: c5f8 77e8 

  0x000001fb87d7fc30: ; ImmutableOopMap {}
                      ;*arraylength {reexecute=0 rethrow=0 return_oop=0}
                      ; - java.lang.String::rangeCheck@3 (line 304)
                      ; - java.lang.String::<init>@7 (line 300)
                      ; - jdk.internal.math.FloatingDecimal$BinaryToASCIIBuffer::toJavaFormatString@19 (line 302)
                      ; - jdk.internal.math.FloatingDecimal::toJavaFormatString@4 (line 80)
                      ; - java.lang.Float::toString@1 (line 226)
                      ; - java.lang.String::valueOf@1 (line 4357)
                      ; - java.lang.invoke.LambdaForm$DMH/0x000001fb97095800::invokeStatic@10
                      ; - java.lang.invoke.LambdaForm$MH/0x000001fb97097000::invoke@15
                      ; - java.lang.invoke.LambdaForm$MH/0x000001fb97097400::linkToTargetMethod@5
                      ; - io.github.universityTycoon.MainScreen::draw@818 (line 310)
  0x000001fb87d7fc30: cc26 72ff | baf6 ffff | ff66 6690 

  0x000001fb87d7fc3c: ;   {runtime_call UncommonTrapBlob}
  0x000001fb87d7fc3c: c5f8 77e8 

  0x000001fb87d7fc40: ; ImmutableOopMap {}
                      ;*arraylength {reexecute=0 rethrow=0 return_oop=0}
                      ; - java.lang.ThreadLocal$ThreadLocalMap::getEntry@8 (line 434)
                      ; - java.lang.ThreadLocal::get@16 (line 165)
                      ; - jdk.internal.math.FloatingDecimal::getBinaryToASCIIBuffer@3 (line 986)
                      ; - jdk.internal.math.FloatingDecimal::getBinaryToASCIIConverter@134 (line 1822)
                      ; - jdk.internal.math.FloatingDecimal::toJavaFormatString@1 (line 80)
                      ; - java.lang.Float::toString@1 (line 226)
                      ; - java.lang.String::valueOf@1 (line 4357)
                      ; - java.lang.invoke.LambdaForm$DMH/0x000001fb97095800::invokeStatic@10
                      ; - java.lang.invoke.LambdaForm$MH/0x000001fb97097000::invoke@15
                      ; - java.lang.invoke.LambdaForm$MH/0x000001fb97097400::linkToTargetMethod@5
                      ; - io.github.universityTycoon.MainScreen::draw@793 (line 309)
  0x000001fb87d7fc40: bc26 72ff | baf6 ffff | ff66 6690 

  0x000001fb87d7fc4c: ;   {runtime_call UncommonTrapBlob}
  0x000001fb87d7fc4c: c5f8 77e8 

  0x000001fb87d7fc50: ; ImmutableOopMap {}
                      ;*arraylength {reexecute=0 rethrow=0 return_oop=0}
                      ; - java.lang.ThreadLocal$ThreadLocalMap::getEntry@8 (line 434)
                      ; - java.lang.ThreadLocal::get@16 (line 165)
                      ; - jdk.internal.math.FloatingDecimal::getBinaryToASCIIBuffer@3 (line 986)
                      ; - jdk.internal.math.FloatingDecimal::getBinaryToASCIIConverter@134 (line 1822)
                      ; - jdk.internal.math.FloatingDecimal::toJavaFormatString@1 (line 80)
                      ; - java.lang.Float::toString@1 (line 226)
                      ; - java.lang.String::valueOf@1 (line 4357)
                      ; - java.lang.invoke.LambdaForm$DMH/0x000001fb97095800::invokeStatic@10
                      ; - java.lang.invoke.LambdaForm$MH/0x000001fb97097000::invoke@15
                      ; - java.lang.invoke.LambdaForm$MH/0x000001fb97097400::linkToTargetMethod@5
                      ; - io.github.universityTycoon.MainScreen::draw@818 (line 310)
  0x000001fb87d7fc50: ac26 72ff | baf4 ffff | ff48 8b6c | 2438 448b | 5c24 2844 | 895c 2420 | 448b 5424 | 2c44 8954 
  0x000001fb87d7fc70: 2424 6690 

  0x000001fb87d7fc74: ;   {runtime_call UncommonTrapBlob}
  0x000001fb87d7fc74: c5f8 77e8 

  0x000001fb87d7fc78: ; ImmutableOopMap {rbp=Oop [32]=NarrowOop [36]=NarrowOop }
                      ;*checkcast {reexecute=0 rethrow=0 return_oop=0}
                      ; - jdk.internal.math.FloatingDecimal::getBinaryToASCIIBuffer@6 (line 986)
                      ; - jdk.internal.math.FloatingDecimal::getBinaryToASCIIConverter@134 (line 1822)
                      ; - jdk.internal.math.FloatingDecimal::toJavaFormatString@1 (line 80)
                      ; - java.lang.Float::toString@1 (line 226)
                      ; - java.lang.String::valueOf@1 (line 4357)
                      ; - java.lang.invoke.LambdaForm$DMH/0x000001fb97095800::invokeStatic@10
                      ; - java.lang.invoke.LambdaForm$MH/0x000001fb97097000::invoke@15
                      ; - java.lang.invoke.LambdaForm$MH/0x000001fb97097400::linkToTargetMethod@5
                      ; - io.github.universityTycoon.MainScreen::draw@658 (line 302)
  0x000001fb87d7fc78: 8426 72ff | baf6 ffff | ff66 6690 

  0x000001fb87d7fc84: ;   {runtime_call UncommonTrapBlob}
  0x000001fb87d7fc84: c5f8 77e8 

  0x000001fb87d7fc88: ; ImmutableOopMap {}
                      ;*arraylength {reexecute=0 rethrow=0 return_oop=0}
                      ; - java.lang.String::rangeCheck@3 (line 304)
                      ; - java.lang.String::<init>@7 (line 300)
                      ; - jdk.internal.math.FloatingDecimal$BinaryToASCIIBuffer::toJavaFormatString@19 (line 302)
                      ; - jdk.internal.math.FloatingDecimal::toJavaFormatString@4 (line 80)
                      ; - java.lang.Float::toString@1 (line 226)
                      ; - java.lang.String::valueOf@1 (line 4357)
                      ; - java.lang.invoke.LambdaForm$DMH/0x000001fb97095800::invokeStatic@10
                      ; - java.lang.invoke.LambdaForm$MH/0x000001fb97097000::invoke@15
                      ; - java.lang.invoke.LambdaForm$MH/0x000001fb97097400::linkToTargetMethod@5
                      ; - io.github.universityTycoon.MainScreen::draw@658 (line 302)
  0x000001fb87d7fc88: 7426 72ff | baf4 ffff | ff48 8b6c | 2438 448b | 5c24 2c44 | 895c 2420 | 448b 5424 | 2844 8954 
  0x000001fb87d7fca8: 2424 6690 

  0x000001fb87d7fcac: ;   {runtime_call UncommonTrapBlob}
  0x000001fb87d7fcac: c5f8 77e8 

  0x000001fb87d7fcb0: ; ImmutableOopMap {rbp=Oop [32]=NarrowOop [36]=NarrowOop }
                      ;*checkcast {reexecute=0 rethrow=0 return_oop=0}
                      ; - jdk.internal.math.FloatingDecimal::getBinaryToASCIIBuffer@6 (line 986)
                      ; - jdk.internal.math.FloatingDecimal::getBinaryToASCIIConverter@134 (line 1822)
                      ; - jdk.internal.math.FloatingDecimal::toJavaFormatString@1 (line 80)
                      ; - java.lang.Float::toString@1 (line 226)
                      ; - java.lang.String::valueOf@1 (line 4357)
                      ; - java.lang.invoke.LambdaForm$DMH/0x000001fb97095800::invokeStatic@10
                      ; - java.lang.invoke.LambdaForm$MH/0x000001fb97097000::invoke@15
                      ; - java.lang.invoke.LambdaForm$MH/0x000001fb97097400::linkToTargetMethod@5
                      ; - io.github.universityTycoon.MainScreen::draw@683 (line 303)
  0x000001fb87d7fcb0: 4c26 72ff | baf6 ffff | ff66 6690 

  0x000001fb87d7fcbc: ;   {runtime_call UncommonTrapBlob}
  0x000001fb87d7fcbc: c5f8 77e8 

  0x000001fb87d7fcc0: ; ImmutableOopMap {}
                      ;*arraylength {reexecute=0 rethrow=0 return_oop=0}
                      ; - java.lang.String::rangeCheck@3 (line 304)
                      ; - java.lang.String::<init>@7 (line 300)
                      ; - jdk.internal.math.FloatingDecimal$BinaryToASCIIBuffer::toJavaFormatString@19 (line 302)
                      ; - jdk.internal.math.FloatingDecimal::toJavaFormatString@4 (line 80)
                      ; - java.lang.Float::toString@1 (line 226)
                      ; - java.lang.String::valueOf@1 (line 4357)
                      ; - java.lang.invoke.LambdaForm$DMH/0x000001fb97095800::invokeStatic@10
                      ; - java.lang.invoke.LambdaForm$MH/0x000001fb97097000::invoke@15
                      ; - java.lang.invoke.LambdaForm$MH/0x000001fb97097400::linkToTargetMethod@5
                      ; - io.github.universityTycoon.MainScreen::draw@683 (line 303)
  0x000001fb87d7fcc0: 3c26 72ff | baf6 ffff | ff66 6690 

  0x000001fb87d7fccc: ;   {runtime_call UncommonTrapBlob}
  0x000001fb87d7fccc: c5f8 77e8 

  0x000001fb87d7fcd0: ; ImmutableOopMap {}
                      ;*arraylength {reexecute=0 rethrow=0 return_oop=0}
                      ; - java.lang.ThreadLocal$ThreadLocalMap::getEntry@8 (line 434)
                      ; - java.lang.ThreadLocal::get@16 (line 165)
                      ; - jdk.internal.math.FloatingDecimal::getBinaryToASCIIBuffer@3 (line 986)
                      ; - jdk.internal.math.FloatingDecimal::getBinaryToASCIIConverter@134 (line 1822)
                      ; - jdk.internal.math.FloatingDecimal::toJavaFormatString@1 (line 80)
                      ; - java.lang.Float::toString@1 (line 226)
                      ; - java.lang.String::valueOf@1 (line 4357)
                      ; - java.lang.invoke.LambdaForm$DMH/0x000001fb97095800::invokeStatic@10
                      ; - java.lang.invoke.LambdaForm$MH/0x000001fb97097000::invoke@15
                      ; - java.lang.invoke.LambdaForm$MH/0x000001fb97097400::linkToTargetMethod@5
                      ; - io.github.universityTycoon.MainScreen::draw@658 (line 302)
  0x000001fb87d7fcd0: 2c26 72ff | baf6 ffff | ff66 6690 

  0x000001fb87d7fcdc: ;   {runtime_call UncommonTrapBlob}
  0x000001fb87d7fcdc: c5f8 77e8 

  0x000001fb87d7fce0: ; ImmutableOopMap {}
                      ;*arraylength {reexecute=0 rethrow=0 return_oop=0}
                      ; - java.lang.ThreadLocal$ThreadLocalMap::getEntry@8 (line 434)
                      ; - java.lang.ThreadLocal::get@16 (line 165)
                      ; - jdk.internal.math.FloatingDecimal::getBinaryToASCIIBuffer@3 (line 986)
                      ; - jdk.internal.math.FloatingDecimal::getBinaryToASCIIConverter@134 (line 1822)
                      ; - jdk.internal.math.FloatingDecimal::toJavaFormatString@1 (line 80)
                      ; - java.lang.Float::toString@1 (line 226)
                      ; - java.lang.String::valueOf@1 (line 4357)
                      ; - java.lang.invoke.LambdaForm$DMH/0x000001fb97095800::invokeStatic@10
                      ; - java.lang.invoke.LambdaForm$MH/0x000001fb97097000::invoke@15
                      ; - java.lang.invoke.LambdaForm$MH/0x000001fb97097400::linkToTargetMethod@5
                      ; - io.github.universityTycoon.MainScreen::draw@683 (line 303)
  0x000001fb87d7fce0: 1c26 72ff | baf4 ffff | ff48 8b6c | 2438 448b | 5c24 2844 | 895c 2420 | 448b 5424 | 2c44 8954 
  0x000001fb87d7fd00: 2424 6690 

  0x000001fb87d7fd04: ;   {runtime_call UncommonTrapBlob}
  0x000001fb87d7fd04: c5f8 77e8 

  0x000001fb87d7fd08: ; ImmutableOopMap {rbp=Oop [32]=NarrowOop [36]=NarrowOop }
                      ;*checkcast {reexecute=0 rethrow=0 return_oop=0}
                      ; - jdk.internal.math.FloatingDecimal::getBinaryToASCIIBuffer@6 (line 986)
                      ; - jdk.internal.math.FloatingDecimal::getBinaryToASCIIConverter@134 (line 1822)
                      ; - jdk.internal.math.FloatingDecimal::toJavaFormatString@1 (line 80)
                      ; - java.lang.Float::toString@1 (line 226)
                      ; - java.lang.String::valueOf@1 (line 4357)
                      ; - java.lang.invoke.LambdaForm$DMH/0x000001fb97095800::invokeStatic@10
                      ; - java.lang.invoke.LambdaForm$MH/0x000001fb97097000::invoke@15
                      ; - java.lang.invoke.LambdaForm$MH/0x000001fb97097400::linkToTargetMethod@5
                      ; - io.github.universityTycoon.MainScreen::draw@573 (line 297)
  0x000001fb87d7fd08: f425 72ff | baf6 ffff | ff66 6690 

  0x000001fb87d7fd14: ;   {runtime_call UncommonTrapBlob}
  0x000001fb87d7fd14: c5f8 77e8 

  0x000001fb87d7fd18: ; ImmutableOopMap {}
                      ;*arraylength {reexecute=0 rethrow=0 return_oop=0}
                      ; - java.lang.String::rangeCheck@3 (line 304)
                      ; - java.lang.String::<init>@7 (line 300)
                      ; - jdk.internal.math.FloatingDecimal$BinaryToASCIIBuffer::toJavaFormatString@19 (line 302)
                      ; - jdk.internal.math.FloatingDecimal::toJavaFormatString@4 (line 80)
                      ; - java.lang.Float::toString@1 (line 226)
                      ; - java.lang.String::valueOf@1 (line 4357)
                      ; - java.lang.invoke.LambdaForm$DMH/0x000001fb97095800::invokeStatic@10
                      ; - java.lang.invoke.LambdaForm$MH/0x000001fb97097000::invoke@15
                      ; - java.lang.invoke.LambdaForm$MH/0x000001fb97097400::linkToTargetMethod@5
                      ; - io.github.universityTycoon.MainScreen::draw@573 (line 297)
  0x000001fb87d7fd18: e425 72ff | baf4 ffff | ff48 8b6c | 2438 448b | 5c24 2c44 | 895c 2420 | 448b 5424 | 2844 8954 
  0x000001fb87d7fd38: 2424 6690 

  0x000001fb87d7fd3c: ;   {runtime_call UncommonTrapBlob}
  0x000001fb87d7fd3c: c5f8 77e8 

  0x000001fb87d7fd40: ; ImmutableOopMap {rbp=Oop [32]=NarrowOop [36]=NarrowOop }
                      ;*checkcast {reexecute=0 rethrow=0 return_oop=0}
                      ; - jdk.internal.math.FloatingDecimal::getBinaryToASCIIBuffer@6 (line 986)
                      ; - jdk.internal.math.FloatingDecimal::getBinaryToASCIIConverter@134 (line 1822)
                      ; - jdk.internal.math.FloatingDecimal::toJavaFormatString@1 (line 80)
                      ; - java.lang.Float::toString@1 (line 226)
                      ; - java.lang.String::valueOf@1 (line 4357)
                      ; - java.lang.invoke.LambdaForm$DMH/0x000001fb97095800::invokeStatic@10
                      ; - java.lang.invoke.LambdaForm$MH/0x000001fb97097000::invoke@15
                      ; - java.lang.invoke.LambdaForm$MH/0x000001fb97097400::linkToTargetMethod@5
                      ; - io.github.universityTycoon.MainScreen::draw@598 (line 298)
  0x000001fb87d7fd40: bc25 72ff | baf6 ffff | ff66 6690 

  0x000001fb87d7fd4c: ;   {runtime_call UncommonTrapBlob}
  0x000001fb87d7fd4c: c5f8 77e8 

  0x000001fb87d7fd50: ; ImmutableOopMap {}
                      ;*arraylength {reexecute=0 rethrow=0 return_oop=0}
                      ; - java.lang.String::rangeCheck@3 (line 304)
                      ; - java.lang.String::<init>@7 (line 300)
                      ; - jdk.internal.math.FloatingDecimal$BinaryToASCIIBuffer::toJavaFormatString@19 (line 302)
                      ; - jdk.internal.math.FloatingDecimal::toJavaFormatString@4 (line 80)
                      ; - java.lang.Float::toString@1 (line 226)
                      ; - java.lang.String::valueOf@1 (line 4357)
                      ; - java.lang.invoke.LambdaForm$DMH/0x000001fb97095800::invokeStatic@10
                      ; - java.lang.invoke.LambdaForm$MH/0x000001fb97097000::invoke@15
                      ; - java.lang.invoke.LambdaForm$MH/0x000001fb97097400::linkToTargetMethod@5
                      ; - io.github.universityTycoon.MainScreen::draw@598 (line 298)
  0x000001fb87d7fd50: ac25 72ff | baf6 ffff | ff66 6690 

  0x000001fb87d7fd5c: ;   {runtime_call UncommonTrapBlob}
  0x000001fb87d7fd5c: c5f8 77e8 

  0x000001fb87d7fd60: ; ImmutableOopMap {}
                      ;*arraylength {reexecute=0 rethrow=0 return_oop=0}
                      ; - java.lang.ThreadLocal$ThreadLocalMap::getEntry@8 (line 434)
                      ; - java.lang.ThreadLocal::get@16 (line 165)
                      ; - jdk.internal.math.FloatingDecimal::getBinaryToASCIIBuffer@3 (line 986)
                      ; - jdk.internal.math.FloatingDecimal::getBinaryToASCIIConverter@134 (line 1822)
                      ; - jdk.internal.math.FloatingDecimal::toJavaFormatString@1 (line 80)
                      ; - java.lang.Float::toString@1 (line 226)
                      ; - java.lang.String::valueOf@1 (line 4357)
                      ; - java.lang.invoke.LambdaForm$DMH/0x000001fb97095800::invokeStatic@10
                      ; - java.lang.invoke.LambdaForm$MH/0x000001fb97097000::invoke@15
                      ; - java.lang.invoke.LambdaForm$MH/0x000001fb97097400::linkToTargetMethod@5
                      ; - io.github.universityTycoon.MainScreen::draw@573 (line 297)
  0x000001fb87d7fd60: 9c25 72ff | baf6 ffff | ff66 6690 

  0x000001fb87d7fd6c: ;   {runtime_call UncommonTrapBlob}
  0x000001fb87d7fd6c: c5f8 77e8 

  0x000001fb87d7fd70: ; ImmutableOopMap {}
                      ;*arraylength {reexecute=0 rethrow=0 return_oop=0}
                      ; - java.lang.ThreadLocal$ThreadLocalMap::getEntry@8 (line 434)
                      ; - java.lang.ThreadLocal::get@16 (line 165)
                      ; - jdk.internal.math.FloatingDecimal::getBinaryToASCIIBuffer@3 (line 986)
                      ; - jdk.internal.math.FloatingDecimal::getBinaryToASCIIConverter@134 (line 1822)
                      ; - jdk.internal.math.FloatingDecimal::toJavaFormatString@1 (line 80)
                      ; - java.lang.Float::toString@1 (line 226)
                      ; - java.lang.String::valueOf@1 (line 4357)
                      ; - java.lang.invoke.LambdaForm$DMH/0x000001fb97095800::invokeStatic@10
                      ; - java.lang.invoke.LambdaForm$MH/0x000001fb97097000::invoke@15
                      ; - java.lang.invoke.LambdaForm$MH/0x000001fb97097400::linkToTargetMethod@5
                      ; - io.github.universityTycoon.MainScreen::draw@598 (line 298)
  0x000001fb87d7fd70: 8c25 72ff | e989 0200 | 00e9 8e02 | 0000 e97f | 0200 00e9 | 8402 0000 | e975 0200 | 00e9 7a02 
  0x000001fb87d7fd90: 0000 e97f | 0200 00e9 | 8402 0000 | e975 0200 | 00e9 7a02 | 0000 e96b | 0200 00e9 | 7002 0000 
  0x000001fb87d7fdb0: e975 0200 | 00e9 7a02 | 0000 e96b | 0200 00e9 | 7002 0000 | e961 0200 | 00e9 6602 | 0000 e92f 
  0x000001fb87d7fdd0: 0200 00e9 | 3402 0000 | eb00 488b | d0e9 6a03 | 0000 e92f | 0200 00e9 | 3402 0000 | e939 0200 
  0x000001fb87d7fdf0: 00e9 3e02 | 0000 eb00 | 488b d0e9 | 4c03 0000 | eb00 488b | d0e9 4203 | 0000 eb00 | 488b d0e9 
  0x000001fb87d7fe10: 3803 0000 | eb00 488b | d0e9 2e03 | 0000 eb00 | 488b d0e9 | 2403 0000 | eb00 488b | d0e9 1a03 
  0x000001fb87d7fe30: 0000 eb00 | 488b d0e9 | 1003 0000 | e9c1 0100 | 00e9 c601 | 0000 e9cb | 0100 00e9 | d001 0000 
  0x000001fb87d7fe50: e9d5 0100 | 00e9 da01 | 0000 e9cc | 0200 00e9 | ce02 0000 | e9c2 0200 | 00e9 c402 | 0000 e9b8 
  0x000001fb87d7fe70: 0200 00e9 | ba02 0000 | 488b d0e9 | cc02 0000 | 488b d0e9 | c402 0000 | 488b d0e9 | bc02 0000 
  0x000001fb87d7fe90: 488b d0e9 | b402 0000 | 488b d0e9 | ac02 0000 | e986 0200 | 00e9 8802 | 0000 eb00 | 488b d0e9 
  0x000001fb87d7feb0: 9802 0000 | eb00 488b | d0e9 8e02 | 0000 eb00 | 488b d0e9 | 8402 0000 | eb00 488b | d0e9 7a02 
  0x000001fb87d7fed0: 0000 eb00 | 488b d0e9 | 7002 0000 | eb00 488b | d0e9 6602 | 0000 eb00 | 488b d0e9 | 5c02 0000 
  0x000001fb87d7fef0: eb00 488b | d0e9 5202 | 0000 eb00 | 488b d0e9 | 4802 0000 | eb00 488b | d0e9 3e02 | 0000 e918 
  0x000001fb87d7ff10: 0200 00e9 | 1a02 0000 | 488b d0e9 | 2c02 0000 | 488b d0e9 | 2402 0000 | 488b d0e9 | 1c02 0000 
  0x000001fb87d7ff30: 488b d0e9 | 1402 0000 | 488b d0e9 | 0c02 0000 | 488b d0e9 | 0402 0000 | 488b d0e9 | fc01 0000 
  0x000001fb87d7ff50: 488b d0e9 | f401 0000 | 488b d0e9 | ec01 0000 | 488b d0e9 | e401 0000 | 488b d0e9 | dc01 0000 
  0x000001fb87d7ff70: 488b d0e9 | d401 0000 | 488b d0e9 | cc01 0000 | 488b d0e9 | c401 0000 | 488b d0e9 | bc01 0000 
  0x000001fb87d7ff90: 488b d0e9 | b401 0000 | 488b d0e9 | ac01 0000 | 488b d0e9 | a401 0000 | 488b d0e9 | 9c01 0000 
  0x000001fb87d7ffb0: 488b d0e9 | 9401 0000 | 488b d0e9 | 8c01 0000 | 488b d0e9 | 8401 0000 | 488b d0e9 | 7c01 0000 
  0x000001fb87d7ffd0: 488b d0e9 | 7401 0000 | 488b d0e9 | 6c01 0000 | 488b d0e9 | 6401 0000 | 488b d0e9 | 5c01 0000 
  0x000001fb87d7fff0: 488b d0e9 | 5401 0000 | 488b d0e9 | 4c01 0000 | eb00 488b | d0e9 4201 | 0000 eb00 | 488b d0e9 
  0x000001fb87d80010: 3801 0000 | eb00 488b | d0e9 2e01 | 0000 eb00 | 488b d0e9 | 2401 0000 | eb00 488b | d0e9 1a01 
  0x000001fb87d80030: 0000 eb00 | 488b d0e9 | 1001 0000 | e908 0100 | 00e9 0301 | 0000 e9fe | 0000 00e9 | f900 0000 
  0x000001fb87d80050: e9f4 0000 | 00e9 ef00 | 0000 488b | d0e9 ea00 | 0000 488b | d0e9 e200 | 0000 488b | d0e9 da00 
  0x000001fb87d80070: 0000 488b | d0e9 d200 | 0000 488b | d0e9 ca00 | 0000 488b | d0e9 c200 | 0000 488b | d0e9 ba00 
  0x000001fb87d80090: 0000 488b | d0e9 b200 | 0000 488b | d0e9 aa00 | 0000 488b | d0e9 a200 | 0000 488b | d0e9 9a00 
  0x000001fb87d800b0: 0000 488b | d0e9 9200 | 0000 488b | d0e9 8a00 | 0000 488b | d0e9 8200 | 0000 488b | d0eb 7d48 
  0x000001fb87d800d0: 8bd0 eb78 | 488b d0eb | 7348 8bd0 | eb6e 488b | d0eb 6948 | 8bd0 eb64 | 488b d0eb | 5f48 8bd0 
  0x000001fb87d800f0: eb5a 488b | d0eb 5548 | 8bd0 eb50 | 488b d0eb | 4b48 8bd0 | eb46 488b | d0eb 4148 | 8bd0 eb3c 
  0x000001fb87d80110: 488b d0eb | 3748 8bd0 | eb32 488b | d0eb 2d48 | 8bd0 eb28 | 488b d0eb | 23eb 0048 | 8bd0 eb1c 
  0x000001fb87d80130: eb00 488b | d0eb 15eb | 02eb 0048 | 8bd0 eb0c | eb02 eb00 | 488b d0eb | 0348 8bd0 | c5f8 7748 
  0x000001fb87d80150: 81c4 b000 

  0x000001fb87d80154: ;   {runtime_call _rethrow_Java}
  0x000001fb87d80154: 0000 5de9 | a41d 7dff 

  0x000001fb87d8015c: ;   {internal_word}
  0x000001fb87d8015c: 49ba d734 | d787 fb01 | 0000 4d89 | 9760 0300 

  0x000001fb87d8016c: ;   {runtime_call SafepointBlob}
  0x000001fb87d8016c: 00e9 8e32 | 72ff f4f4 | f4f4 f4f4 | f4f4 f4f4 | f4f4 f4f4 
[Stub Code]
  0x000001fb87d80180: ;   {no_reloc}
  0x000001fb87d80180: 48bb 0000 | 0000 0000 

  0x000001fb87d80188: ;   {runtime_call}
  0x000001fb87d80188: 0000 e9fb 

  0x000001fb87d8018c: ;   {static_stub}
  0x000001fb87d8018c: ffff ff48 | bb00 0000 | 0000 0000 

  0x000001fb87d80198: ;   {runtime_call}
  0x000001fb87d80198: 00e9 fbff 

  0x000001fb87d8019c: ;   {static_stub}
  0x000001fb87d8019c: ffff 48bb | 0000 0000 | 0000 0000 

  0x000001fb87d801a8: ;   {runtime_call}
  0x000001fb87d801a8: e9fb ffff 

  0x000001fb87d801ac: ;   {static_stub}
  0x000001fb87d801ac: ff48 bb00 | 0000 0000 

  0x000001fb87d801b4: ;   {runtime_call}
  0x000001fb87d801b4: 0000 00e9 | fbff ffff 

  0x000001fb87d801bc: ;   {static_stub}
  0x000001fb87d801bc: 48bb 0000 | 0000 0000 

  0x000001fb87d801c4: ;   {runtime_call}
  0x000001fb87d801c4: 0000 e9fb 

  0x000001fb87d801c8: ;   {static_stub}
  0x000001fb87d801c8: ffff ff48 | bb00 0000 | 0000 0000 

  0x000001fb87d801d4: ;   {runtime_call}
  0x000001fb87d801d4: 00e9 fbff 

  0x000001fb87d801d8: ;   {static_stub}
  0x000001fb87d801d8: ffff 48bb | 0000 0000 | 0000 0000 

  0x000001fb87d801e4: ;   {runtime_call}
  0x000001fb87d801e4: e9fb ffff 

  0x000001fb87d801e8: ;   {static_stub}
  0x000001fb87d801e8: ff48 bb00 | 0000 0000 

  0x000001fb87d801f0: ;   {runtime_call}
  0x000001fb87d801f0: 0000 00e9 | fbff ffff 

  0x000001fb87d801f8: ;   {static_stub}
  0x000001fb87d801f8: 48bb 0000 | 0000 0000 

  0x000001fb87d80200: ;   {runtime_call}
  0x000001fb87d80200: 0000 e9fb 

  0x000001fb87d80204: ;   {static_stub}
  0x000001fb87d80204: ffff ff48 | bb00 0000 | 0000 0000 

  0x000001fb87d80210: ;   {runtime_call}
  0x000001fb87d80210: 00e9 fbff 

  0x000001fb87d80214: ;   {static_stub}
  0x000001fb87d80214: ffff 48bb | 0000 0000 | 0000 0000 

  0x000001fb87d80220: ;   {runtime_call}
  0x000001fb87d80220: e9fb ffff 

  0x000001fb87d80224: ;   {static_stub}
  0x000001fb87d80224: ff48 bb00 | 0000 0000 

  0x000001fb87d8022c: ;   {runtime_call}
  0x000001fb87d8022c: 0000 00e9 | fbff ffff 

  0x000001fb87d80234: ;   {static_stub}
  0x000001fb87d80234: 48bb 0000 | 0000 0000 

  0x000001fb87d8023c: ;   {runtime_call}
  0x000001fb87d8023c: 0000 e9fb 

  0x000001fb87d80240: ;   {static_stub}
  0x000001fb87d80240: ffff ff48 | bb00 0000 | 0000 0000 

  0x000001fb87d8024c: ;   {runtime_call}
  0x000001fb87d8024c: 00e9 fbff 

  0x000001fb87d80250: ;   {static_stub}
  0x000001fb87d80250: ffff 48bb | 0000 0000 | 0000 0000 

  0x000001fb87d8025c: ;   {runtime_call}
  0x000001fb87d8025c: e9fb ffff 

  0x000001fb87d80260: ;   {static_stub}
  0x000001fb87d80260: ff48 bb00 | 0000 0000 

  0x000001fb87d80268: ;   {runtime_call}
  0x000001fb87d80268: 0000 00e9 | fbff ffff 

  0x000001fb87d80270: ;   {static_stub}
  0x000001fb87d80270: 48bb 0000 | 0000 0000 

  0x000001fb87d80278: ;   {runtime_call}
  0x000001fb87d80278: 0000 e9fb 

  0x000001fb87d8027c: ;   {static_stub}
  0x000001fb87d8027c: ffff ff48 | bb00 0000 | 0000 0000 

  0x000001fb87d80288: ;   {runtime_call}
  0x000001fb87d80288: 00e9 fbff 

  0x000001fb87d8028c: ;   {static_stub}
  0x000001fb87d8028c: ffff 48bb | 0000 0000 | 0000 0000 

  0x000001fb87d80298: ;   {runtime_call}
  0x000001fb87d80298: e9fb ffff 

  0x000001fb87d8029c: ;   {static_stub}
  0x000001fb87d8029c: ff48 bb00 | 0000 0000 

  0x000001fb87d802a4: ;   {runtime_call}
  0x000001fb87d802a4: 0000 00e9 | fbff ffff 

  0x000001fb87d802ac: ;   {static_stub}
  0x000001fb87d802ac: 48bb 0000 | 0000 0000 

  0x000001fb87d802b4: ;   {runtime_call}
  0x000001fb87d802b4: 0000 e9fb 

  0x000001fb87d802b8: ;   {static_stub}
  0x000001fb87d802b8: ffff ff48 | bb00 0000 | 0000 0000 

  0x000001fb87d802c4: ;   {runtime_call}
  0x000001fb87d802c4: 00e9 fbff 

  0x000001fb87d802c8: ;   {static_stub}
  0x000001fb87d802c8: ffff 48bb | 0000 0000 | 0000 0000 

  0x000001fb87d802d4: ;   {runtime_call}
  0x000001fb87d802d4: e9fb ffff 

  0x000001fb87d802d8: ;   {static_stub}
  0x000001fb87d802d8: ff48 bb00 | 0000 0000 

  0x000001fb87d802e0: ;   {runtime_call}
  0x000001fb87d802e0: 0000 00e9 | fbff ffff 

  0x000001fb87d802e8: ;   {static_stub}
  0x000001fb87d802e8: 48bb 0000 | 0000 0000 

  0x000001fb87d802f0: ;   {runtime_call}
  0x000001fb87d802f0: 0000 e9fb 

  0x000001fb87d802f4: ;   {static_stub}
  0x000001fb87d802f4: ffff ff48 | bb00 0000 | 0000 0000 

  0x000001fb87d80300: ;   {runtime_call}
  0x000001fb87d80300: 00e9 fbff 

  0x000001fb87d80304: ;   {static_stub}
  0x000001fb87d80304: ffff 48bb | 0000 0000 | 0000 0000 

  0x000001fb87d80310: ;   {runtime_call}
  0x000001fb87d80310: e9fb ffff 

  0x000001fb87d80314: ;   {static_stub}
  0x000001fb87d80314: ff48 bb00 | 0000 0000 

  0x000001fb87d8031c: ;   {runtime_call}
  0x000001fb87d8031c: 0000 00e9 | fbff ffff 

  0x000001fb87d80324: ;   {static_stub}
  0x000001fb87d80324: 48bb 0000 | 0000 0000 

  0x000001fb87d8032c: ;   {runtime_call}
  0x000001fb87d8032c: 0000 e9fb 

  0x000001fb87d80330: ;   {static_stub}
  0x000001fb87d80330: ffff ff48 | bb00 0000 | 0000 0000 

  0x000001fb87d8033c: ;   {runtime_call}
  0x000001fb87d8033c: 00e9 fbff 

  0x000001fb87d80340: ;   {static_stub}
  0x000001fb87d80340: ffff 48bb | f81f 6cd7 | fb01 0000 

  0x000001fb87d8034c: ;   {runtime_call I2C/C2I adapters}
  0x000001fb87d8034c: e904 bc71 

  0x000001fb87d80350: ;   {static_stub}
  0x000001fb87d80350: ff48 bb00 | 0000 0000 

  0x000001fb87d80358: ;   {runtime_call}
  0x000001fb87d80358: 0000 00e9 | fbff ffff 

  0x000001fb87d80360: ;   {static_stub}
  0x000001fb87d80360: 48bb 0000 | 0000 0000 

  0x000001fb87d80368: ;   {runtime_call}
  0x000001fb87d80368: 0000 e9fb 

  0x000001fb87d8036c: ;   {static_stub}
  0x000001fb87d8036c: ffff ff48 | bb00 0000 | 0000 0000 

  0x000001fb87d80378: ;   {runtime_call}
  0x000001fb87d80378: 00e9 fbff 

  0x000001fb87d8037c: ;   {static_stub}
  0x000001fb87d8037c: ffff 48bb | 681f 6cd7 | fb01 0000 

  0x000001fb87d80388: ;   {runtime_call I2C/C2I adapters}
  0x000001fb87d80388: e9c8 bb71 

  0x000001fb87d8038c: ;   {static_stub}
  0x000001fb87d8038c: ff48 bb00 | 0000 0000 

  0x000001fb87d80394: ;   {runtime_call}
  0x000001fb87d80394: 0000 00e9 | fbff ffff 

  0x000001fb87d8039c: ;   {static_stub}
  0x000001fb87d8039c: 48bb 0000 | 0000 0000 

  0x000001fb87d803a4: ;   {runtime_call}
  0x000001fb87d803a4: 0000 e9fb 

  0x000001fb87d803a8: ;   {static_stub}
  0x000001fb87d803a8: ffff ff48 | bb00 0000 | 0000 0000 

  0x000001fb87d803b4: ;   {runtime_call}
  0x000001fb87d803b4: 00e9 fbff 

  0x000001fb87d803b8: ;   {static_stub}
  0x000001fb87d803b8: ffff 48bb | 0839 7fd7 | fb01 0000 

  0x000001fb87d803c4: ;   {runtime_call I2C/C2I adapters}
  0x000001fb87d803c4: e98c bb71 

  0x000001fb87d803c8: ;   {static_stub}
  0x000001fb87d803c8: ff48 bb00 | 0000 0000 

  0x000001fb87d803d0: ;   {runtime_call}
  0x000001fb87d803d0: 0000 00e9 | fbff ffff 

  0x000001fb87d803d8: ;   {static_stub}
  0x000001fb87d803d8: 48bb 9839 | 7fd7 fb01 

  0x000001fb87d803e0: ;   {runtime_call I2C/C2I adapters}
  0x000001fb87d803e0: 0000 e96e 

  0x000001fb87d803e4: ;   {static_stub}
  0x000001fb87d803e4: bb71 ff48 | bb00 0000 | 0000 0000 

  0x000001fb87d803f0: ;   {runtime_call}
  0x000001fb87d803f0: 00e9 fbff 

  0x000001fb87d803f4: ;   {static_stub}
  0x000001fb87d803f4: ffff 48bb | 9020 6cd7 | fb01 0000 

  0x000001fb87d80400: ;   {runtime_call I2C/C2I adapters}
  0x000001fb87d80400: e950 bb71 

  0x000001fb87d80404: ;   {static_stub}
  0x000001fb87d80404: ff48 bb00 | 0000 0000 

  0x000001fb87d8040c: ;   {runtime_call}
  0x000001fb87d8040c: 0000 00e9 | fbff ffff 

  0x000001fb87d80414: ;   {static_stub}
  0x000001fb87d80414: 48bb 0000 | 0000 0000 

  0x000001fb87d8041c: ;   {runtime_call}
  0x000001fb87d8041c: 0000 e9fb 

  0x000001fb87d80420: ;   {static_stub}
  0x000001fb87d80420: ffff ff48 | bb00 0000 | 0000 0000 

  0x000001fb87d8042c: ;   {runtime_call}
  0x000001fb87d8042c: 00e9 fbff 

  0x000001fb87d80430: ;   {static_stub}
  0x000001fb87d80430: ffff 48bb | 0000 0000 | 0000 0000 

  0x000001fb87d8043c: ;   {runtime_call}
  0x000001fb87d8043c: e9fb ffff 

  0x000001fb87d80440: ;   {static_stub}
  0x000001fb87d80440: ff48 bb00 | 0000 0000 

  0x000001fb87d80448: ;   {runtime_call}
  0x000001fb87d80448: 0000 00e9 | fbff ffff 

  0x000001fb87d80450: ;   {static_stub}
  0x000001fb87d80450: 48bb 0000 | 0000 0000 

  0x000001fb87d80458: ;   {runtime_call}
  0x000001fb87d80458: 0000 e9fb 

  0x000001fb87d8045c: ;   {static_stub}
  0x000001fb87d8045c: ffff ff48 | bb00 0000 | 0000 0000 

  0x000001fb87d80468: ;   {runtime_call}
  0x000001fb87d80468: 00e9 fbff 

  0x000001fb87d8046c: ;   {static_stub}
  0x000001fb87d8046c: ffff 48bb | 0000 0000 | 0000 0000 

  0x000001fb87d80478: ;   {runtime_call}
  0x000001fb87d80478: e9fb ffff 

  0x000001fb87d8047c: ;   {static_stub}
  0x000001fb87d8047c: ff48 bb00 | 0000 0000 

  0x000001fb87d80484: ;   {runtime_call}
  0x000001fb87d80484: 0000 00e9 | fbff ffff 

  0x000001fb87d8048c: ;   {static_stub}
  0x000001fb87d8048c: 48bb 0000 | 0000 0000 

  0x000001fb87d80494: ;   {runtime_call}
  0x000001fb87d80494: 0000 e9fb 

  0x000001fb87d80498: ;   {static_stub}
  0x000001fb87d80498: ffff ff48 | bb00 0000 | 0000 0000 

  0x000001fb87d804a4: ;   {runtime_call}
  0x000001fb87d804a4: 00e9 fbff 

  0x000001fb87d804a8: ;   {static_stub}
  0x000001fb87d804a8: ffff 48bb | 0000 0000 | 0000 0000 

  0x000001fb87d804b4: ;   {runtime_call}
  0x000001fb87d804b4: e9fb ffff 

  0x000001fb87d804b8: ;   {static_stub}
  0x000001fb87d804b8: ff48 bb00 | 0000 0000 

  0x000001fb87d804c0: ;   {runtime_call}
  0x000001fb87d804c0: 0000 00e9 | fbff ffff 

  0x000001fb87d804c8: ;   {static_stub}
  0x000001fb87d804c8: 48bb 0000 | 0000 0000 

  0x000001fb87d804d0: ;   {runtime_call}
  0x000001fb87d804d0: 0000 e9fb 

  0x000001fb87d804d4: ;   {static_stub}
  0x000001fb87d804d4: ffff ff48 | bb00 0000 | 0000 0000 

  0x000001fb87d804e0: ;   {runtime_call}
  0x000001fb87d804e0: 00e9 fbff 

  0x000001fb87d804e4: ;   {static_stub}
  0x000001fb87d804e4: ffff 48bb | 0000 0000 | 0000 0000 

  0x000001fb87d804f0: ;   {runtime_call}
  0x000001fb87d804f0: e9fb ffff 

  0x000001fb87d804f4: ;   {static_stub}
  0x000001fb87d804f4: ff48 bb00 | 0000 0000 

  0x000001fb87d804fc: ;   {runtime_call}
  0x000001fb87d804fc: 0000 00e9 | fbff ffff 

  0x000001fb87d80504: ;   {static_stub}
  0x000001fb87d80504: 48bb 0000 | 0000 0000 

  0x000001fb87d8050c: ;   {runtime_call}
  0x000001fb87d8050c: 0000 e9fb 

  0x000001fb87d80510: ;   {static_stub}
  0x000001fb87d80510: ffff ff48 | bb00 0000 | 0000 0000 

  0x000001fb87d8051c: ;   {runtime_call}
  0x000001fb87d8051c: 00e9 fbff 

  0x000001fb87d80520: ;   {static_stub}
  0x000001fb87d80520: ffff 48bb | 0000 0000 | 0000 0000 

  0x000001fb87d8052c: ;   {runtime_call}
  0x000001fb87d8052c: e9fb ffff 

  0x000001fb87d80530: ;   {static_stub}
  0x000001fb87d80530: ff48 bb00 | 0000 0000 

  0x000001fb87d80538: ;   {runtime_call}
  0x000001fb87d80538: 0000 00e9 | fbff ffff 

  0x000001fb87d80540: ;   {static_stub}
  0x000001fb87d80540: 48bb 0000 | 0000 0000 

  0x000001fb87d80548: ;   {runtime_call}
  0x000001fb87d80548: 0000 e9fb 

  0x000001fb87d8054c: ;   {static_stub}
  0x000001fb87d8054c: ffff ff48 | bb00 0000 | 0000 0000 

  0x000001fb87d80558: ;   {runtime_call}
  0x000001fb87d80558: 00e9 fbff 

  0x000001fb87d8055c: ;   {static_stub}
  0x000001fb87d8055c: ffff 48bb | 0000 0000 | 0000 0000 

  0x000001fb87d80568: ;   {runtime_call}
  0x000001fb87d80568: e9fb ffff 

  0x000001fb87d8056c: ;   {static_stub}
  0x000001fb87d8056c: ff48 bb00 | 0000 0000 

  0x000001fb87d80574: ;   {runtime_call}
  0x000001fb87d80574: 0000 00e9 | fbff ffff 

  0x000001fb87d8057c: ;   {static_stub}
  0x000001fb87d8057c: 48bb 0000 | 0000 0000 

  0x000001fb87d80584: ;   {runtime_call}
  0x000001fb87d80584: 0000 e9fb 

  0x000001fb87d80588: ;   {static_stub}
  0x000001fb87d80588: ffff ff48 | bb00 0000 | 0000 0000 

  0x000001fb87d80594: ;   {runtime_call}
  0x000001fb87d80594: 00e9 fbff 

  0x000001fb87d80598: ;   {static_stub}
  0x000001fb87d80598: ffff 48bb | 0000 0000 | 0000 0000 

  0x000001fb87d805a4: ;   {runtime_call}
  0x000001fb87d805a4: e9fb ffff 

  0x000001fb87d805a8: ;   {static_stub}
  0x000001fb87d805a8: ff48 bb00 | 0000 0000 

  0x000001fb87d805b0: ;   {runtime_call}
  0x000001fb87d805b0: 0000 00e9 | fbff ffff 

  0x000001fb87d805b8: ;   {static_stub}
  0x000001fb87d805b8: 48bb 0000 | 0000 0000 

  0x000001fb87d805c0: ;   {runtime_call}
  0x000001fb87d805c0: 0000 e9fb 

  0x000001fb87d805c4: ;   {static_stub}
  0x000001fb87d805c4: ffff ff48 | bb00 0000 | 0000 0000 

  0x000001fb87d805d0: ;   {runtime_call}
  0x000001fb87d805d0: 00e9 fbff 

  0x000001fb87d805d4: ;   {static_stub}
  0x000001fb87d805d4: ffff 48bb | 0000 0000 | 0000 0000 

  0x000001fb87d805e0: ;   {runtime_call}
  0x000001fb87d805e0: e9fb ffff 

  0x000001fb87d805e4: ;   {static_stub}
  0x000001fb87d805e4: ff48 bb00 | 0000 0000 

  0x000001fb87d805ec: ;   {runtime_call}
  0x000001fb87d805ec: 0000 00e9 | fbff ffff 

  0x000001fb87d805f4: ;   {static_stub}
  0x000001fb87d805f4: 48bb 0000 | 0000 0000 

  0x000001fb87d805fc: ;   {runtime_call}
  0x000001fb87d805fc: 0000 e9fb 

  0x000001fb87d80600: ;   {static_stub}
  0x000001fb87d80600: ffff ff48 | bb00 0000 | 0000 0000 

  0x000001fb87d8060c: ;   {runtime_call}
  0x000001fb87d8060c: 00e9 fbff 

  0x000001fb87d80610: ;   {static_stub}
  0x000001fb87d80610: ffff 48bb | 0000 0000 | 0000 0000 

  0x000001fb87d8061c: ;   {runtime_call}
  0x000001fb87d8061c: e9fb ffff 

  0x000001fb87d80620: ;   {static_stub}
  0x000001fb87d80620: ff48 bb00 | 0000 0000 

  0x000001fb87d80628: ;   {runtime_call}
  0x000001fb87d80628: 0000 00e9 | fbff ffff 

  0x000001fb87d80630: ;   {static_stub}
  0x000001fb87d80630: 48bb 0000 | 0000 0000 

  0x000001fb87d80638: ;   {runtime_call}
  0x000001fb87d80638: 0000 e9fb 

  0x000001fb87d8063c: ;   {static_stub}
  0x000001fb87d8063c: ffff ff48 | bb00 0000 | 0000 0000 

  0x000001fb87d80648: ;   {runtime_call}
  0x000001fb87d80648: 00e9 fbff 

  0x000001fb87d8064c: ;   {static_stub}
  0x000001fb87d8064c: ffff 48bb | 0000 0000 | 0000 0000 

  0x000001fb87d80658: ;   {runtime_call}
  0x000001fb87d80658: e9fb ffff 

  0x000001fb87d8065c: ;   {static_stub}
  0x000001fb87d8065c: ff48 bb00 | 0000 0000 

  0x000001fb87d80664: ;   {runtime_call}
  0x000001fb87d80664: 0000 00e9 | fbff ffff 

  0x000001fb87d8066c: ;   {static_stub}
  0x000001fb87d8066c: 48bb 0000 | 0000 0000 

  0x000001fb87d80674: ;   {runtime_call}
  0x000001fb87d80674: 0000 e9fb 

  0x000001fb87d80678: ;   {static_stub}
  0x000001fb87d80678: ffff ff48 | bb00 0000 | 0000 0000 

  0x000001fb87d80684: ;   {runtime_call}
  0x000001fb87d80684: 00e9 fbff 

  0x000001fb87d80688: ;   {static_stub}
  0x000001fb87d80688: ffff 48bb | 0000 0000 | 0000 0000 

  0x000001fb87d80694: ;   {runtime_call}
  0x000001fb87d80694: e9fb ffff 

  0x000001fb87d80698: ;   {static_stub}
  0x000001fb87d80698: ff48 bb00 | 0000 0000 

  0x000001fb87d806a0: ;   {runtime_call}
  0x000001fb87d806a0: 0000 00e9 | fbff ffff 

  0x000001fb87d806a8: ;   {static_stub}
  0x000001fb87d806a8: 48bb 0000 | 0000 0000 

  0x000001fb87d806b0: ;   {runtime_call}
  0x000001fb87d806b0: 0000 e9fb 

  0x000001fb87d806b4: ;   {static_stub}
  0x000001fb87d806b4: ffff ff48 | bb00 0000 | 0000 0000 

  0x000001fb87d806c0: ;   {runtime_call}
  0x000001fb87d806c0: 00e9 fbff 

  0x000001fb87d806c4: ;   {static_stub}
  0x000001fb87d806c4: ffff 48bb | 0000 0000 | 0000 0000 

  0x000001fb87d806d0: ;   {runtime_call}
  0x000001fb87d806d0: e9fb ffff 

  0x000001fb87d806d4: ;   {static_stub}
  0x000001fb87d806d4: ff48 bb00 | 0000 0000 

  0x000001fb87d806dc: ;   {runtime_call}
  0x000001fb87d806dc: 0000 00e9 | fbff ffff 

  0x000001fb87d806e4: ;   {static_stub}
  0x000001fb87d806e4: 48bb 0000 | 0000 0000 

  0x000001fb87d806ec: ;   {runtime_call}
  0x000001fb87d806ec: 0000 e9fb 

  0x000001fb87d806f0: ;   {static_stub}
  0x000001fb87d806f0: ffff ff48 | bb00 0000 | 0000 0000 

  0x000001fb87d806fc: ;   {runtime_call}
  0x000001fb87d806fc: 00e9 fbff 

  0x000001fb87d80700: ;   {static_stub}
  0x000001fb87d80700: ffff 48bb | 0000 0000 | 0000 0000 

  0x000001fb87d8070c: ;   {runtime_call}
  0x000001fb87d8070c: e9fb ffff 

  0x000001fb87d80710: ;   {static_stub}
  0x000001fb87d80710: ff48 bb00 | 0000 0000 

  0x000001fb87d80718: ;   {runtime_call}
  0x000001fb87d80718: 0000 00e9 | fbff ffff 

  0x000001fb87d80720: ;   {static_stub}
  0x000001fb87d80720: 48bb 0000 | 0000 0000 

  0x000001fb87d80728: ;   {runtime_call}
  0x000001fb87d80728: 0000 e9fb 

  0x000001fb87d8072c: ;   {static_stub}
  0x000001fb87d8072c: ffff ff48 | bb00 0000 | 0000 0000 

  0x000001fb87d80738: ;   {runtime_call}
  0x000001fb87d80738: 00e9 fbff 

  0x000001fb87d8073c: ;   {static_stub}
  0x000001fb87d8073c: ffff 48bb | 0000 0000 | 0000 0000 

  0x000001fb87d80748: ;   {runtime_call}
  0x000001fb87d80748: e9fb ffff 

  0x000001fb87d8074c: ;   {static_stub}
  0x000001fb87d8074c: ff48 bb00 | 0000 0000 

  0x000001fb87d80754: ;   {runtime_call}
  0x000001fb87d80754: 0000 00e9 | fbff ffff 

  0x000001fb87d8075c: ;   {static_stub}
  0x000001fb87d8075c: 48bb 0000 | 0000 0000 

  0x000001fb87d80764: ;   {runtime_call}
  0x000001fb87d80764: 0000 e9fb 

  0x000001fb87d80768: ;   {static_stub}
  0x000001fb87d80768: ffff ff48 | bb00 0000 | 0000 0000 

  0x000001fb87d80774: ;   {runtime_call}
  0x000001fb87d80774: 00e9 fbff 

  0x000001fb87d80778: ;   {static_stub}
  0x000001fb87d80778: ffff 48bb | 0000 0000 | 0000 0000 

  0x000001fb87d80784: ;   {runtime_call}
  0x000001fb87d80784: e9fb ffff 

  0x000001fb87d80788: ;   {static_stub}
  0x000001fb87d80788: ff48 bb00 | 0000 0000 

  0x000001fb87d80790: ;   {runtime_call}
  0x000001fb87d80790: 0000 00e9 | fbff ffff 

  0x000001fb87d80798: ;   {static_stub}
  0x000001fb87d80798: 48bb 0000 | 0000 0000 

  0x000001fb87d807a0: ;   {runtime_call}
  0x000001fb87d807a0: 0000 e9fb 

  0x000001fb87d807a4: ;   {static_stub}
  0x000001fb87d807a4: ffff ff48 | bb00 0000 | 0000 0000 

  0x000001fb87d807b0: ;   {runtime_call}
  0x000001fb87d807b0: 00e9 fbff 

  0x000001fb87d807b4: ;   {static_stub}
  0x000001fb87d807b4: ffff 48bb | 0000 0000 | 0000 0000 

  0x000001fb87d807c0: ;   {runtime_call}
  0x000001fb87d807c0: e9fb ffff 

  0x000001fb87d807c4: ;   {runtime_call ExceptionBlob}
  0x000001fb87d807c4: ffe9 b625 | 7cff e800 | 0000 0048 | 832c 2405 

  0x000001fb87d807d4: ;   {runtime_call DeoptimizationBlob}
  0x000001fb87d807d4: e9c7 1e72 | fff4 f4f4 | f4f4 f4f4 
[/MachCode]


---------------  P R O C E S S  ---------------

Threads class SMR info:
_java_thread_list=0x000001fbe6f0d3c0, length=15, elements={
0x000001fbf1d3c330, 0x000001fbffa85090, 0x000001fbffa85d10, 0x000001fbffa99150,
0x000001fbffa9ba40, 0x000001fbffa9c310, 0x000001fbffa9d920, 0x000001fbffaa4da0,
0x000001fbffab13a0, 0x000001fbffabfc90, 0x000001fbffabf780, 0x000001fbffac06b0,
0x000001fbffabed60, 0x000001fbffac01a0, 0x000001fb95dd6a40
}

Java Threads: ( => current thread )
=>0x000001fbf1d3c330 JavaThread "main" [_thread_in_native, id=5204, stack(0x0000004f3b300000,0x0000004f3b400000)]
  0x000001fbffa85090 JavaThread "Reference Handler" daemon [_thread_blocked, id=7356, stack(0x0000004f3ba00000,0x0000004f3bb00000)]
  0x000001fbffa85d10 JavaThread "Finalizer" daemon [_thread_blocked, id=14004, stack(0x0000004f3bb00000,0x0000004f3bc00000)]
  0x000001fbffa99150 JavaThread "Signal Dispatcher" daemon [_thread_blocked, id=14660, stack(0x0000004f3bc00000,0x0000004f3bd00000)]
  0x000001fbffa9ba40 JavaThread "Attach Listener" daemon [_thread_blocked, id=9260, stack(0x0000004f3bd00000,0x0000004f3be00000)]
  0x000001fbffa9c310 JavaThread "Service Thread" daemon [_thread_blocked, id=12848, stack(0x0000004f3be00000,0x0000004f3bf00000)]
  0x000001fbffa9d920 JavaThread "Monitor Deflation Thread" daemon [_thread_blocked, id=18276, stack(0x0000004f3bf00000,0x0000004f3c000000)]
  0x000001fbffaa4da0 JavaThread "C2 CompilerThread0" daemon [_thread_blocked, id=24152, stack(0x0000004f3c000000,0x0000004f3c100000)]
  0x000001fbffab13a0 JavaThread "C1 CompilerThread0" daemon [_thread_blocked, id=10436, stack(0x0000004f3c100000,0x0000004f3c200000)]
  0x000001fbffabfc90 JavaThread "Sweeper thread" daemon [_thread_blocked, id=22248, stack(0x0000004f3c200000,0x0000004f3c300000)]
  0x000001fbffabf780 JavaThread "Notification Thread" daemon [_thread_blocked, id=15372, stack(0x0000004f3c500000,0x0000004f3c600000)]
  0x000001fbffac06b0 JavaThread "Common-Cleaner" daemon [_thread_blocked, id=23880, stack(0x0000004f3c700000,0x0000004f3c800000)]
  0x000001fbffabed60 JavaThread "Thread-0" daemon [_thread_blocked, id=19688, stack(0x0000004f3c400000,0x0000004f3c500000)]
  0x000001fbffac01a0 JavaThread "LWJGL3 Timer" daemon [_thread_blocked, id=15124, stack(0x0000004f3d900000,0x0000004f3da00000)]
  0x000001fb95dd6a40 JavaThread "C2 CompilerThread1" daemon [_thread_blocked, id=21028, stack(0x0000004f3c800000,0x0000004f3c900000)]

Other Threads:
  0x000001fbffa82590 VMThread "VM Thread" [stack: 0x0000004f3b900000,0x0000004f3ba00000] [id=22648]
  0x000001fbf1dcd170 WatcherThread [stack: 0x0000004f3c600000,0x0000004f3c700000] [id=24736]
  0x000001fbf1da4b20 GCTaskThread "GC Thread#0" [stack: 0x0000004f3b400000,0x0000004f3b500000] [id=24580]
  0x000001fb955be960 GCTaskThread "GC Thread#1" [stack: 0x0000004f3da00000,0x0000004f3db00000] [id=21116]
  0x000001fb955be3e0 GCTaskThread "GC Thread#2" [stack: 0x0000004f3db00000,0x0000004f3dc00000] [id=18380]
  0x000001fb955bcde0 GCTaskThread "GC Thread#3" [stack: 0x0000004f3dc00000,0x0000004f3dd00000] [id=19308]
  0x000001fb955bd0a0 GCTaskThread "GC Thread#4" [stack: 0x0000004f3dd00000,0x0000004f3de00000] [id=7860]
  0x000001fb955bdba0 GCTaskThread "GC Thread#5" [stack: 0x0000004f3de00000,0x0000004f3df00000] [id=16680]
  0x000001fb955bd620 GCTaskThread "GC Thread#6" [stack: 0x0000004f3df00000,0x0000004f3e000000] [id=20912]
  0x000001fb955bd8e0 GCTaskThread "GC Thread#7" [stack: 0x0000004f3e000000,0x0000004f3e100000] [id=25240]
  0x000001fb955bde60 GCTaskThread "GC Thread#8" [stack: 0x0000004f3af00000,0x0000004f3b000000] [id=20588]
  0x000001fb955be120 GCTaskThread "GC Thread#9" [stack: 0x0000004f3b000000,0x0000004f3b100000] [id=23788]
  0x000001fbf1db5180 ConcurrentGCThread "G1 Main Marker" [stack: 0x0000004f3b500000,0x0000004f3b600000] [id=3684]
  0x000001fbf1db6700 ConcurrentGCThread "G1 Conc#0" [stack: 0x0000004f3b600000,0x0000004f3b700000] [id=25188]
  0x000001fbff9b7030 ConcurrentGCThread "G1 Refine#0" [stack: 0x0000004f3b700000,0x0000004f3b800000] [id=15956]
  0x000001fbff9b7a60 ConcurrentGCThread "G1 Service" [stack: 0x0000004f3b800000,0x0000004f3b900000] [id=12132]

Threads with active compile tasks:

VM state: not at safepoint (normal execution)

VM Mutex/Monitor currently owned by a thread: None

Heap address: 0x000000070a400000, size: 3932 MB, Compressed Oops mode: Zero based, Oop shift amount: 3

CDS archive(s) mapped at: [0x000001fb96000000-0x000001fb96bd0000-0x000001fb96bd0000), size 12386304, SharedBaseAddress: 0x000001fb96000000, ArchiveRelocationMode: 1.
Compressed class space mapped at: 0x000001fb97000000-0x000001fbd7000000, reserved size: 1073741824
Narrow klass base: 0x000001fb96000000, Narrow klass shift: 0, Narrow klass range: 0x100000000

GC Precious Log:
 CPUs: 16 total, 16 available
 Memory: 15724M
 Large Page Support: Disabled
 NUMA Support: Disabled
 Compressed Oops: Enabled (Zero based)
 Heap Region Size: 2M
 Heap Min Capacity: 8M
 Heap Initial Capacity: 246M
 Heap Max Capacity: 3932M
 Pre-touch: Disabled
 Parallel Workers: 13
 Concurrent Workers: 3
 Concurrent Refinement Workers: 13
 Periodic GC: Disabled

Heap:
 garbage-first heap   total 251904K, used 51583K [0x000000070a400000, 0x0000000800000000)
  region size 2048K, 10 young (20480K), 1 survivors (2048K)
 Metaspace       used 7697K, committed 7872K, reserved 1114112K
  class space    used 552K, committed 640K, reserved 1048576K

Heap Regions: E=young(eden), S=young(survivor), O=old, HS=humongous(starts), HC=humongous(continues), CS=collection set, F=free, OA=open archive, CA=closed archive, TAMS=top-at-mark-start (previous, next)
|   0|0x000000070a400000, 0x000000070a600000, 0x000000070a600000|100%|HS|  |TAMS 0x000000070a400000, 0x000000070a400000| Complete 
|   1|0x000000070a600000, 0x000000070a800000, 0x000000070a800000|100%|HC|  |TAMS 0x000000070a600000, 0x000000070a600000| Complete 
|   2|0x000000070a800000, 0x000000070aa00000, 0x000000070aa00000|100%|HC|  |TAMS 0x000000070a800000, 0x000000070a800000| Complete 
|   3|0x000000070aa00000, 0x000000070ac00000, 0x000000070ac00000|100%|HC|  |TAMS 0x000000070aa00000, 0x000000070aa00000| Complete 
|   4|0x000000070ac00000, 0x000000070ae00000, 0x000000070ae00000|100%| O|  |TAMS 0x000000070ac00000, 0x000000070ac00000| Untracked 
|   5|0x000000070ae00000, 0x000000070af4e600, 0x000000070b000000| 65%| O|  |TAMS 0x000000070ae00000, 0x000000070ae00000| Untracked 
|   6|0x000000070b000000, 0x000000070b200000, 0x000000070b200000|100%|HS|  |TAMS 0x000000070b000000, 0x000000070b000000| Complete 
|   7|0x000000070b200000, 0x000000070b400000, 0x000000070b400000|100%|HC|  |TAMS 0x000000070b200000, 0x000000070b200000| Complete 
|   8|0x000000070b400000, 0x000000070b600000, 0x000000070b600000|100%|HC|  |TAMS 0x000000070b400000, 0x000000070b400000| Complete 
|   9|0x000000070b600000, 0x000000070b800000, 0x000000070b800000|100%|HC|  |TAMS 0x000000070b600000, 0x000000070b600000| Complete 
|  10|0x000000070b800000, 0x000000070ba00000, 0x000000070ba00000|100%|HS|  |TAMS 0x000000070b800000, 0x000000070b800000| Complete 
|  11|0x000000070ba00000, 0x000000070bc00000, 0x000000070bc00000|100%|HC|  |TAMS 0x000000070ba00000, 0x000000070ba00000| Complete 
|  12|0x000000070bc00000, 0x000000070be00000, 0x000000070be00000|100%|HC|  |TAMS 0x000000070bc00000, 0x000000070bc00000| Complete 
|  13|0x000000070be00000, 0x000000070c000000, 0x000000070c000000|100%|HC|  |TAMS 0x000000070be00000, 0x000000070be00000| Complete 
|  14|0x000000070c000000, 0x000000070c200000, 0x000000070c200000|100%|HS|  |TAMS 0x000000070c000000, 0x000000070c000000| Complete 
|  15|0x000000070c200000, 0x000000070c400000, 0x000000070c400000|100%|HC|  |TAMS 0x000000070c200000, 0x000000070c200000| Complete 
|  16|0x000000070c400000, 0x000000070c600000, 0x000000070c600000|100%|HS|  |TAMS 0x000000070c400000, 0x000000070c400000| Complete 
|  17|0x000000070c600000, 0x000000070c600000, 0x000000070c800000|  0%| F|  |TAMS 0x000000070c600000, 0x000000070c600000| Untracked 
|  18|0x000000070c800000, 0x000000070c800000, 0x000000070ca00000|  0%| F|  |TAMS 0x000000070c800000, 0x000000070c800000| Untracked 
|  19|0x000000070ca00000, 0x000000070ca00000, 0x000000070cc00000|  0%| F|  |TAMS 0x000000070ca00000, 0x000000070ca00000| Untracked 
|  20|0x000000070cc00000, 0x000000070cc00000, 0x000000070ce00000|  0%| F|  |TAMS 0x000000070cc00000, 0x000000070cc00000| Untracked 
|  21|0x000000070ce00000, 0x000000070ce00000, 0x000000070d000000|  0%| F|  |TAMS 0x000000070ce00000, 0x000000070ce00000| Untracked 
|  22|0x000000070d000000, 0x000000070d000000, 0x000000070d200000|  0%| F|  |TAMS 0x000000070d000000, 0x000000070d000000| Untracked 
|  23|0x000000070d200000, 0x000000070d200000, 0x000000070d400000|  0%| F|  |TAMS 0x000000070d200000, 0x000000070d200000| Untracked 
|  24|0x000000070d400000, 0x000000070d400000, 0x000000070d600000|  0%| F|  |TAMS 0x000000070d400000, 0x000000070d400000| Untracked 
|  25|0x000000070d600000, 0x000000070d600000, 0x000000070d800000|  0%| F|  |TAMS 0x000000070d600000, 0x000000070d600000| Untracked 
|  26|0x000000070d800000, 0x000000070d800000, 0x000000070da00000|  0%| F|  |TAMS 0x000000070d800000, 0x000000070d800000| Untracked 
|  27|0x000000070da00000, 0x000000070da00000, 0x000000070dc00000|  0%| F|  |TAMS 0x000000070da00000, 0x000000070da00000| Untracked 
|  28|0x000000070dc00000, 0x000000070dc00000, 0x000000070de00000|  0%| F|  |TAMS 0x000000070dc00000, 0x000000070dc00000| Untracked 
|  29|0x000000070de00000, 0x000000070de00000, 0x000000070e000000|  0%| F|  |TAMS 0x000000070de00000, 0x000000070de00000| Untracked 
|  30|0x000000070e000000, 0x000000070e000000, 0x000000070e200000|  0%| F|  |TAMS 0x000000070e000000, 0x000000070e000000| Untracked 
|  31|0x000000070e200000, 0x000000070e200000, 0x000000070e400000|  0%| F|  |TAMS 0x000000070e200000, 0x000000070e200000| Untracked 
|  32|0x000000070e400000, 0x000000070e400000, 0x000000070e600000|  0%| F|  |TAMS 0x000000070e400000, 0x000000070e400000| Untracked 
|  33|0x000000070e600000, 0x000000070e600000, 0x000000070e800000|  0%| F|  |TAMS 0x000000070e600000, 0x000000070e600000| Untracked 
|  34|0x000000070e800000, 0x000000070e800000, 0x000000070ea00000|  0%| F|  |TAMS 0x000000070e800000, 0x000000070e800000| Untracked 
|  35|0x000000070ea00000, 0x000000070ea00000, 0x000000070ec00000|  0%| F|  |TAMS 0x000000070ea00000, 0x000000070ea00000| Untracked 
|  36|0x000000070ec00000, 0x000000070ec00000, 0x000000070ee00000|  0%| F|  |TAMS 0x000000070ec00000, 0x000000070ec00000| Untracked 
|  37|0x000000070ee00000, 0x000000070ee00000, 0x000000070f000000|  0%| F|  |TAMS 0x000000070ee00000, 0x000000070ee00000| Untracked 
|  38|0x000000070f000000, 0x000000070f000000, 0x000000070f200000|  0%| F|  |TAMS 0x000000070f000000, 0x000000070f000000| Untracked 
|  39|0x000000070f200000, 0x000000070f200000, 0x000000070f400000|  0%| F|  |TAMS 0x000000070f200000, 0x000000070f200000| Untracked 
|  40|0x000000070f400000, 0x000000070f400000, 0x000000070f600000|  0%| F|  |TAMS 0x000000070f400000, 0x000000070f400000| Untracked 
|  41|0x000000070f600000, 0x000000070f600000, 0x000000070f800000|  0%| F|  |TAMS 0x000000070f600000, 0x000000070f600000| Untracked 
|  42|0x000000070f800000, 0x000000070f800000, 0x000000070fa00000|  0%| F|  |TAMS 0x000000070f800000, 0x000000070f800000| Untracked 
|  43|0x000000070fa00000, 0x000000070fa00000, 0x000000070fc00000|  0%| F|  |TAMS 0x000000070fa00000, 0x000000070fa00000| Untracked 
|  44|0x000000070fc00000, 0x000000070fc00000, 0x000000070fe00000|  0%| F|  |TAMS 0x000000070fc00000, 0x000000070fc00000| Untracked 
|  45|0x000000070fe00000, 0x000000070fe00000, 0x0000000710000000|  0%| F|  |TAMS 0x000000070fe00000, 0x000000070fe00000| Untracked 
|  46|0x0000000710000000, 0x0000000710000000, 0x0000000710200000|  0%| F|  |TAMS 0x0000000710000000, 0x0000000710000000| Untracked 
|  47|0x0000000710200000, 0x0000000710200000, 0x0000000710400000|  0%| F|  |TAMS 0x0000000710200000, 0x0000000710200000| Untracked 
|  48|0x0000000710400000, 0x0000000710400000, 0x0000000710600000|  0%| F|  |TAMS 0x0000000710400000, 0x0000000710400000| Untracked 
|  49|0x0000000710600000, 0x0000000710600000, 0x0000000710800000|  0%| F|  |TAMS 0x0000000710600000, 0x0000000710600000| Untracked 
|  50|0x0000000710800000, 0x0000000710800000, 0x0000000710a00000|  0%| F|  |TAMS 0x0000000710800000, 0x0000000710800000| Untracked 
|  51|0x0000000710a00000, 0x0000000710a00000, 0x0000000710c00000|  0%| F|  |TAMS 0x0000000710a00000, 0x0000000710a00000| Untracked 
|  52|0x0000000710c00000, 0x0000000710c00000, 0x0000000710e00000|  0%| F|  |TAMS 0x0000000710c00000, 0x0000000710c00000| Untracked 
|  53|0x0000000710e00000, 0x0000000710e00000, 0x0000000711000000|  0%| F|  |TAMS 0x0000000710e00000, 0x0000000710e00000| Untracked 
|  54|0x0000000711000000, 0x0000000711000000, 0x0000000711200000|  0%| F|  |TAMS 0x0000000711000000, 0x0000000711000000| Untracked 
|  55|0x0000000711200000, 0x0000000711200000, 0x0000000711400000|  0%| F|  |TAMS 0x0000000711200000, 0x0000000711200000| Untracked 
|  56|0x0000000711400000, 0x0000000711400000, 0x0000000711600000|  0%| F|  |TAMS 0x0000000711400000, 0x0000000711400000| Untracked 
|  57|0x0000000711600000, 0x0000000711600000, 0x0000000711800000|  0%| F|  |TAMS 0x0000000711600000, 0x0000000711600000| Untracked 
|  58|0x0000000711800000, 0x0000000711800000, 0x0000000711a00000|  0%| F|  |TAMS 0x0000000711800000, 0x0000000711800000| Untracked 
|  59|0x0000000711a00000, 0x0000000711a00000, 0x0000000711c00000|  0%| F|  |TAMS 0x0000000711a00000, 0x0000000711a00000| Untracked 
|  60|0x0000000711c00000, 0x0000000711c00000, 0x0000000711e00000|  0%| F|  |TAMS 0x0000000711c00000, 0x0000000711c00000| Untracked 
|  61|0x0000000711e00000, 0x0000000711e00000, 0x0000000712000000|  0%| F|  |TAMS 0x0000000711e00000, 0x0000000711e00000| Untracked 
|  62|0x0000000712000000, 0x0000000712000000, 0x0000000712200000|  0%| F|  |TAMS 0x0000000712000000, 0x0000000712000000| Untracked 
|  63|0x0000000712200000, 0x0000000712200000, 0x0000000712400000|  0%| F|  |TAMS 0x0000000712200000, 0x0000000712200000| Untracked 
|  64|0x0000000712400000, 0x0000000712400000, 0x0000000712600000|  0%| F|  |TAMS 0x0000000712400000, 0x0000000712400000| Untracked 
|  65|0x0000000712600000, 0x0000000712600000, 0x0000000712800000|  0%| F|  |TAMS 0x0000000712600000, 0x0000000712600000| Untracked 
|  66|0x0000000712800000, 0x0000000712800000, 0x0000000712a00000|  0%| F|  |TAMS 0x0000000712800000, 0x0000000712800000| Untracked 
|  67|0x0000000712a00000, 0x0000000712a00000, 0x0000000712c00000|  0%| F|  |TAMS 0x0000000712a00000, 0x0000000712a00000| Untracked 
|  68|0x0000000712c00000, 0x0000000712c00000, 0x0000000712e00000|  0%| F|  |TAMS 0x0000000712c00000, 0x0000000712c00000| Untracked 
|  69|0x0000000712e00000, 0x0000000712e00000, 0x0000000713000000|  0%| F|  |TAMS 0x0000000712e00000, 0x0000000712e00000| Untracked 
|  70|0x0000000713000000, 0x0000000713000000, 0x0000000713200000|  0%| F|  |TAMS 0x0000000713000000, 0x0000000713000000| Untracked 
|  71|0x0000000713200000, 0x0000000713200000, 0x0000000713400000|  0%| F|  |TAMS 0x0000000713200000, 0x0000000713200000| Untracked 
|  72|0x0000000713400000, 0x0000000713400000, 0x0000000713600000|  0%| F|  |TAMS 0x0000000713400000, 0x0000000713400000| Untracked 
|  73|0x0000000713600000, 0x0000000713600000, 0x0000000713800000|  0%| F|  |TAMS 0x0000000713600000, 0x0000000713600000| Untracked 
|  74|0x0000000713800000, 0x0000000713800000, 0x0000000713a00000|  0%| F|  |TAMS 0x0000000713800000, 0x0000000713800000| Untracked 
|  75|0x0000000713a00000, 0x0000000713a00000, 0x0000000713c00000|  0%| F|  |TAMS 0x0000000713a00000, 0x0000000713a00000| Untracked 
|  76|0x0000000713c00000, 0x0000000713c00000, 0x0000000713e00000|  0%| F|  |TAMS 0x0000000713c00000, 0x0000000713c00000| Untracked 
|  77|0x0000000713e00000, 0x0000000713e00000, 0x0000000714000000|  0%| F|  |TAMS 0x0000000713e00000, 0x0000000713e00000| Untracked 
|  78|0x0000000714000000, 0x0000000714000000, 0x0000000714200000|  0%| F|  |TAMS 0x0000000714000000, 0x0000000714000000| Untracked 
|  79|0x0000000714200000, 0x0000000714200000, 0x0000000714400000|  0%| F|  |TAMS 0x0000000714200000, 0x0000000714200000| Untracked 
|  80|0x0000000714400000, 0x0000000714400000, 0x0000000714600000|  0%| F|  |TAMS 0x0000000714400000, 0x0000000714400000| Untracked 
|  81|0x0000000714600000, 0x0000000714600000, 0x0000000714800000|  0%| F|  |TAMS 0x0000000714600000, 0x0000000714600000| Untracked 
|  82|0x0000000714800000, 0x0000000714800000, 0x0000000714a00000|  0%| F|  |TAMS 0x0000000714800000, 0x0000000714800000| Untracked 
|  83|0x0000000714a00000, 0x0000000714a00000, 0x0000000714c00000|  0%| F|  |TAMS 0x0000000714a00000, 0x0000000714a00000| Untracked 
|  84|0x0000000714c00000, 0x0000000714c00000, 0x0000000714e00000|  0%| F|  |TAMS 0x0000000714c00000, 0x0000000714c00000| Untracked 
|  85|0x0000000714e00000, 0x0000000714e00000, 0x0000000715000000|  0%| F|  |TAMS 0x0000000714e00000, 0x0000000714e00000| Untracked 
|  86|0x0000000715000000, 0x0000000715000000, 0x0000000715200000|  0%| F|  |TAMS 0x0000000715000000, 0x0000000715000000| Untracked 
|  87|0x0000000715200000, 0x0000000715200000, 0x0000000715400000|  0%| F|  |TAMS 0x0000000715200000, 0x0000000715200000| Untracked 
|  88|0x0000000715400000, 0x0000000715400000, 0x0000000715600000|  0%| F|  |TAMS 0x0000000715400000, 0x0000000715400000| Untracked 
|  89|0x0000000715600000, 0x0000000715600000, 0x0000000715800000|  0%| F|  |TAMS 0x0000000715600000, 0x0000000715600000| Untracked 
|  90|0x0000000715800000, 0x0000000715800000, 0x0000000715a00000|  0%| F|  |TAMS 0x0000000715800000, 0x0000000715800000| Untracked 
|  91|0x0000000715a00000, 0x0000000715a00000, 0x0000000715c00000|  0%| F|  |TAMS 0x0000000715a00000, 0x0000000715a00000| Untracked 
|  92|0x0000000715c00000, 0x0000000715d11850, 0x0000000715e00000| 53%| S|CS|TAMS 0x0000000715c00000, 0x0000000715c00000| Complete 
|  93|0x0000000715e00000, 0x0000000715e00000, 0x0000000716000000|  0%| F|  |TAMS 0x0000000715e00000, 0x0000000715e00000| Untracked 
|  94|0x0000000716000000, 0x0000000716000000, 0x0000000716200000|  0%| F|  |TAMS 0x0000000716000000, 0x0000000716000000| Untracked 
|  95|0x0000000716200000, 0x0000000716200000, 0x0000000716400000|  0%| F|  |TAMS 0x0000000716200000, 0x0000000716200000| Untracked 
|  96|0x0000000716400000, 0x0000000716400000, 0x0000000716600000|  0%| F|  |TAMS 0x0000000716400000, 0x0000000716400000| Untracked 
|  97|0x0000000716600000, 0x0000000716600000, 0x0000000716800000|  0%| F|  |TAMS 0x0000000716600000, 0x0000000716600000| Untracked 
|  98|0x0000000716800000, 0x0000000716800000, 0x0000000716a00000|  0%| F|  |TAMS 0x0000000716800000, 0x0000000716800000| Untracked 
|  99|0x0000000716a00000, 0x0000000716a00000, 0x0000000716c00000|  0%| F|  |TAMS 0x0000000716a00000, 0x0000000716a00000| Untracked 
| 100|0x0000000716c00000, 0x0000000716c00000, 0x0000000716e00000|  0%| F|  |TAMS 0x0000000716c00000, 0x0000000716c00000| Untracked 
| 101|0x0000000716e00000, 0x0000000716e00000, 0x0000000717000000|  0%| F|  |TAMS 0x0000000716e00000, 0x0000000716e00000| Untracked 
| 102|0x0000000717000000, 0x0000000717000000, 0x0000000717200000|  0%| F|  |TAMS 0x0000000717000000, 0x0000000717000000| Untracked 
| 103|0x0000000717200000, 0x0000000717200000, 0x0000000717400000|  0%| F|  |TAMS 0x0000000717200000, 0x0000000717200000| Untracked 
| 104|0x0000000717400000, 0x0000000717400000, 0x0000000717600000|  0%| F|  |TAMS 0x0000000717400000, 0x0000000717400000| Untracked 
| 105|0x0000000717600000, 0x0000000717600000, 0x0000000717800000|  0%| F|  |TAMS 0x0000000717600000, 0x0000000717600000| Untracked 
| 106|0x0000000717800000, 0x0000000717800000, 0x0000000717a00000|  0%| F|  |TAMS 0x0000000717800000, 0x0000000717800000| Untracked 
| 107|0x0000000717a00000, 0x0000000717a00000, 0x0000000717c00000|  0%| F|  |TAMS 0x0000000717a00000, 0x0000000717a00000| Untracked 
| 108|0x0000000717c00000, 0x0000000717c00000, 0x0000000717e00000|  0%| F|  |TAMS 0x0000000717c00000, 0x0000000717c00000| Untracked 
| 109|0x0000000717e00000, 0x0000000717e00000, 0x0000000718000000|  0%| F|  |TAMS 0x0000000717e00000, 0x0000000717e00000| Untracked 
| 110|0x0000000718000000, 0x0000000718000000, 0x0000000718200000|  0%| F|  |TAMS 0x0000000718000000, 0x0000000718000000| Untracked 
| 111|0x0000000718200000, 0x0000000718200000, 0x0000000718400000|  0%| F|  |TAMS 0x0000000718200000, 0x0000000718200000| Untracked 
| 112|0x0000000718400000, 0x0000000718400000, 0x0000000718600000|  0%| F|  |TAMS 0x0000000718400000, 0x0000000718400000| Untracked 
| 113|0x0000000718600000, 0x0000000718600000, 0x0000000718800000|  0%| F|  |TAMS 0x0000000718600000, 0x0000000718600000| Untracked 
| 114|0x0000000718800000, 0x0000000718a00000, 0x0000000718a00000|100%| E|  |TAMS 0x0000000718800000, 0x0000000718800000| Complete 
| 115|0x0000000718a00000, 0x0000000718c00000, 0x0000000718c00000|100%| E|CS|TAMS 0x0000000718a00000, 0x0000000718a00000| Complete 
| 116|0x0000000718c00000, 0x0000000718e00000, 0x0000000718e00000|100%| E|CS|TAMS 0x0000000718c00000, 0x0000000718c00000| Complete 
| 117|0x0000000718e00000, 0x0000000719000000, 0x0000000719000000|100%| E|CS|TAMS 0x0000000718e00000, 0x0000000718e00000| Complete 
| 118|0x0000000719000000, 0x0000000719200000, 0x0000000719200000|100%| E|CS|TAMS 0x0000000719000000, 0x0000000719000000| Complete 
| 119|0x0000000719200000, 0x0000000719400000, 0x0000000719400000|100%| E|CS|TAMS 0x0000000719200000, 0x0000000719200000| Complete 
| 120|0x0000000719400000, 0x0000000719600000, 0x0000000719600000|100%| E|CS|TAMS 0x0000000719400000, 0x0000000719400000| Complete 
| 121|0x0000000719600000, 0x0000000719800000, 0x0000000719800000|100%| E|CS|TAMS 0x0000000719600000, 0x0000000719600000| Complete 
| 122|0x0000000719800000, 0x0000000719a00000, 0x0000000719a00000|100%| E|CS|TAMS 0x0000000719800000, 0x0000000719800000| Complete 

Card table byte_map: [0x000001fbfa600000,0x000001fbfadb0000] _byte_map_base: 0x000001fbf6dae000

Marking Bits (Prev, Next): (CMBitMap*) 0x000001fbf1da5140, (CMBitMap*) 0x000001fbf1da5180
 Prev Bits: [0x000001fbfb560000, 0x000001fbff2d0000)
 Next Bits: [0x000001fb8f000000, 0x000001fb92d70000)

Polling page: 0x000001fbf14d0000

Metaspace:

Usage:
  Non-class:      6.98 MB used.
      Class:    552.16 KB used.
       Both:      7.52 MB used.

Virtual space:
  Non-class space:       64.00 MB reserved,       7.06 MB ( 11%) committed,  1 nodes.
      Class space:        1.00 GB reserved,     640.00 KB ( <1%) committed,  1 nodes.
             Both:        1.06 GB reserved,       7.69 MB ( <1%) committed. 

Chunk freelists:
   Non-Class:  7.79 MB
       Class:  15.40 MB
        Both:  23.19 MB

MaxMetaspaceSize: unlimited
CompressedClassSpaceSize: 1.00 GB
Initial GC threshold: 21.00 MB
Current GC threshold: 21.00 MB
CDS: on
MetaspaceReclaimPolicy: balanced
 - commit_granule_bytes: 65536.
 - commit_granule_words: 8192.
 - virtual_space_node_default_size: 8388608.
 - enlarge_chunks_in_place: 1.
 - new_chunks_are_fully_committed: 0.
 - uncommit_free_chunks: 1.
 - use_allocation_guard: 0.
 - handle_deallocations: 1.


Internal statistics:

num_allocs_failed_limit: 0.
num_arena_births: 132.
num_arena_deaths: 0.
num_vsnodes_births: 2.
num_vsnodes_deaths: 0.
num_space_committed: 121.
num_space_uncommitted: 0.
num_chunks_returned_to_freelist: 0.
num_chunks_taken_from_freelist: 336.
num_chunk_merges: 0.
num_chunk_splits: 229.
num_chunks_enlarged: 165.
num_inconsistent_stats: 0.

CodeHeap 'non-profiled nmethods': size=119168Kb used=2339Kb max_used=2339Kb free=116828Kb
 bounds [0x000001fb87ba0000, 0x000001fb87e10000, 0x000001fb8f000000]
CodeHeap 'profiled nmethods': size=119104Kb used=4651Kb max_used=4651Kb free=114452Kb
 bounds [0x000001fb80000000, 0x000001fb80490000, 0x000001fb87450000]
CodeHeap 'non-nmethods': size=7488Kb used=1672Kb max_used=3391Kb free=5815Kb
 bounds [0x000001fb87450000, 0x000001fb87820000, 0x000001fb87ba0000]
 total_blobs=3603 nmethods=2477 adapters=1039
 compilation: enabled
              stopped_count=0, restarted_count=0
 full_count=0

Compilation events (20 events):
Event: 304.659 Thread 0x000001fbffab13a0 nmethod 2476 0x000001fb80488210 code [0x000001fb804883c0, 0x000001fb80488548]
Event: 304.659 Thread 0x000001fbffab13a0 2471       3       java.io.InputStreamReader::read (11 bytes)
Event: 304.659 Thread 0x000001fbffab13a0 nmethod 2471 0x000001fb80488610 code [0x000001fb804887c0, 0x000001fb80488928]
Event: 304.659 Thread 0x000001fbffab13a0 2472   !   3       sun.nio.cs.StreamDecoder::read (196 bytes)
Event: 304.660 Thread 0x000001fbffab13a0 nmethod 2472 0x000001fb80488a10 code [0x000001fb80488c80, 0x000001fb80489888]
Event: 304.668 Thread 0x000001fbffab13a0 2477       3       java.io.BufferedReader::fill (170 bytes)
Event: 304.669 Thread 0x000001fbffab13a0 nmethod 2477 0x000001fb80489d90 code [0x000001fb80489f80, 0x000001fb8048a648]
Event: 304.669 Thread 0x000001fb95dd6a40 2470       4       java.util.StringTokenizer::scanToken (179 bytes)
Event: 304.679 Thread 0x000001fbffaa4da0 nmethod 2461% 0x000001fb87de1590 code [0x000001fb87de17c0, 0x000001fb87de2c30]
Event: 304.679 Thread 0x000001fbffaa4da0 2478       4       java.util.StringTokenizer::skipDelimiters (116 bytes)
Event: 304.681 Thread 0x000001fb95dd6a40 nmethod 2470 0x000001fb87de3710 code [0x000001fb87de38a0, 0x000001fb87de4158]
Event: 304.681 Thread 0x000001fb95dd6a40 2479       4       java.util.StringTokenizer::nextToken (92 bytes)
Event: 304.682 Thread 0x000001fbffab13a0 2480       3       javazoom.jl.decoder.Bitstream::parse_frame (149 bytes)
Event: 304.682 Thread 0x000001fbffab13a0 nmethod 2480 0x000001fb8048a810 code [0x000001fb8048a9c0, 0x000001fb8048ad78]
Event: 304.689 Thread 0x000001fbffaa4da0 nmethod 2478 0x000001fb87de4390 code [0x000001fb87de4520, 0x000001fb87de4d38]
Event: 304.689 Thread 0x000001fbffaa4da0 2469       4       java.lang.Integer::parseInt (264 bytes)
Event: 304.706 Thread 0x000001fbffaa4da0 nmethod 2469 0x000001fb87de4f90 code [0x000001fb87de5140, 0x000001fb87de5a78]
Event: 304.706 Thread 0x000001fbffaa4da0 2468       4       java.lang.Integer::parseInt (7 bytes)
Event: 304.719 Thread 0x000001fb95dd6a40 nmethod 2479 0x000001fb87de5f90 code [0x000001fb87de6140, 0x000001fb87de7878]
Event: 304.721 Thread 0x000001fbffaa4da0 nmethod 2468 0x000001fb87de7f90 code [0x000001fb87de8140, 0x000001fb87de8978]

GC Heap History (6 events):
Event: 4.638 GC heap before
{Heap before GC invocations=0 (full 0):
 garbage-first heap   total 251904K, used 36864K [0x000000070a400000, 0x0000000800000000)
  region size 2048K, 11 young (22528K), 0 survivors (0K)
 Metaspace       used 6642K, committed 6784K, reserved 1114112K
  class space    used 481K, committed 576K, reserved 1048576K
}
Event: 4.645 GC heap after
{Heap after GC invocations=1 (full 0):
 garbage-first heap   total 251904K, used 11756K [0x000000070a400000, 0x0000000800000000)
  region size 2048K, 2 young (4096K), 2 survivors (4096K)
 Metaspace       used 6642K, committed 6784K, reserved 1114112K
  class space    used 481K, committed 576K, reserved 1048576K
}
Event: 72.386 GC heap before
{Heap before GC invocations=1 (full 0):
 garbage-first heap   total 251904K, used 42476K [0x000000070a400000, 0x0000000800000000)
  region size 2048K, 17 young (34816K), 2 survivors (4096K)
 Metaspace       used 7674K, committed 7872K, reserved 1114112K
  class space    used 551K, committed 640K, reserved 1048576K
}
Event: 72.393 GC heap after
{Heap after GC invocations=2 (full 0):
 garbage-first heap   total 251904K, used 12555K [0x000000070a400000, 0x0000000800000000)
  region size 2048K, 1 young (2048K), 1 survivors (2048K)
 Metaspace       used 7674K, committed 7872K, reserved 1114112K
  class space    used 551K, committed 640K, reserved 1048576K
}
Event: 252.466 GC heap before
{Heap before GC invocations=2 (full 0):
 garbage-first heap   total 251904K, used 80139K [0x000000070a400000, 0x0000000800000000)
  region size 2048K, 30 young (61440K), 1 survivors (2048K)
 Metaspace       used 7682K, committed 7872K, reserved 1114112K
  class space    used 552K, committed 640K, reserved 1048576K
}
Event: 252.469 GC heap after
{Heap after GC invocations=3 (full 0):
 garbage-first heap   total 251904K, used 20863K [0x000000070a400000, 0x0000000800000000)
  region size 2048K, 1 young (2048K), 1 survivors (2048K)
 Metaspace       used 7682K, committed 7872K, reserved 1114112K
  class space    used 552K, committed 640K, reserved 1048576K
}

Deoptimization events (20 events):
Event: 304.809 Thread 0x000001fbf1d3c330 Uncommon trap: trap_request=0xffffff45 fr.pc=0x000001fb87d65a54 relative=0x00000000000009b4
Event: 304.809 Thread 0x000001fbf1d3c330 Uncommon trap: reason=unstable_if action=reinterpret pc=0x000001fb87d65a54 method=com.badlogic.gdx.utils.viewport.Viewport.apply(Z)V @ 42 c2
Event: 304.809 Thread 0x000001fbf1d3c330 DEOPT PACKING pc=0x000001fb87d65a54 sp=0x0000004f3b3fef80
Event: 304.809 Thread 0x000001fbf1d3c330 DEOPT UNPACKING pc=0x000001fb874a23a3 sp=0x0000004f3b3fef60 mode 2
Event: 304.809 Thread 0x000001fbf1d3c330 Uncommon trap: trap_request=0xffffff45 fr.pc=0x000001fb87cb9ba8 relative=0x0000000000000f68
Event: 304.809 Thread 0x000001fbf1d3c330 Uncommon trap: reason=unstable_if action=reinterpret pc=0x000001fb87cb9ba8 method=com.badlogic.gdx.utils.Pool.obtain()Ljava/lang/Object; @ 7 c2
Event: 304.809 Thread 0x000001fbf1d3c330 DEOPT PACKING pc=0x000001fb87cb9ba8 sp=0x0000004f3b3ff0a0
Event: 304.809 Thread 0x000001fbf1d3c330 DEOPT UNPACKING pc=0x000001fb874a23a3 sp=0x0000004f3b3feed8 mode 2
Event: 304.809 Thread 0x000001fbf1d3c330 Uncommon trap: trap_request=0xffffff45 fr.pc=0x000001fb87c843a0 relative=0x00000000000035c0
Event: 304.809 Thread 0x000001fbf1d3c330 Uncommon trap: reason=unstable_if action=reinterpret pc=0x000001fb87c843a0 method=com.badlogic.gdx.utils.Pool.obtain()Ljava/lang/Object; @ 7 c2
Event: 304.809 Thread 0x000001fbf1d3c330 DEOPT PACKING pc=0x000001fb87c843a0 sp=0x0000004f3b3fee80
Event: 304.809 Thread 0x000001fbf1d3c330 DEOPT UNPACKING pc=0x000001fb874a23a3 sp=0x0000004f3b3fedc8 mode 2
Event: 304.809 Thread 0x000001fbf1d3c330 Uncommon trap: trap_request=0xffffff45 fr.pc=0x000001fb87d58398 relative=0x00000000000003f8
Event: 304.809 Thread 0x000001fbf1d3c330 Uncommon trap: reason=unstable_if action=reinterpret pc=0x000001fb87d58398 method=com.badlogic.gdx.graphics.g2d.BitmapFontCache.requirePageGlyphs(II)V @ 64 c2
Event: 304.809 Thread 0x000001fbf1d3c330 DEOPT PACKING pc=0x000001fb87d58398 sp=0x0000004f3b3fee70
Event: 304.809 Thread 0x000001fbf1d3c330 DEOPT UNPACKING pc=0x000001fb874a23a3 sp=0x0000004f3b3fee10 mode 2
Event: 304.809 Thread 0x000001fbf1d3c330 Uncommon trap: trap_request=0xffffff45 fr.pc=0x000001fb87cbcee4 relative=0x0000000000000564
Event: 304.809 Thread 0x000001fbf1d3c330 Uncommon trap: reason=unstable_if action=reinterpret pc=0x000001fb87cbcee4 method=com.badlogic.gdx.utils.Pool.obtain()Ljava/lang/Object; @ 7 c2
Event: 304.809 Thread 0x000001fbf1d3c330 DEOPT PACKING pc=0x000001fb87cbcee4 sp=0x0000004f3b3ff050
Event: 304.809 Thread 0x000001fbf1d3c330 DEOPT UNPACKING pc=0x000001fb874a23a3 sp=0x0000004f3b3feed0 mode 2

Classes unloaded (0 events):
No events

Classes redefined (0 events):
No events

Internal exceptions (20 events):
Event: 0.515 Thread 0x000001fbf1d3c330 Exception <a 'java/lang/NoSuchMethodError'{0x000000071910da88}: 'int java.lang.invoke.DirectMethodHandle$Holder.invokeStaticInit(java.lang.Object, java.lang.Object, int, long)'> (0x000000071910da88) 
thrown [s\open\src\hotspot\share\interpreter\linkResolver.cpp, line 759]
Event: 0.516 Thread 0x000001fbf1d3c330 Exception <a 'java/lang/NoSuchMethodError'{0x0000000719113350}: 'java.lang.Object java.lang.invoke.DirectMethodHandle$Holder.newInvokeSpecial(java.lang.Object, java.lang.Object, int)'> (0x0000000719113350) 
thrown [s\open\src\hotspot\share\interpreter\linkResolver.cpp, line 759]
Event: 0.519 Thread 0x000001fbf1d3c330 Exception <a 'java/lang/NoSuchMethodError'{0x0000000719128b00}: 'int java.lang.invoke.DirectMethodHandle$Holder.invokeStaticInit(java.lang.Object, java.lang.Object, long, long)'> (0x0000000719128b00) 
thrown [s\open\src\hotspot\share\interpreter\linkResolver.cpp, line 759]
Event: 0.520 Thread 0x000001fbf1d3c330 Exception <a 'java/lang/NoSuchMethodError'{0x000000071912ec10}: 'java.lang.Object java.lang.invoke.DirectMethodHandle$Holder.newInvokeSpecial(java.lang.Object, java.lang.Object, long)'> (0x000000071912ec10) 
thrown [s\open\src\hotspot\share\interpreter\linkResolver.cpp, line 759]
Event: 0.520 Thread 0x000001fbf1d3c330 Exception <a 'java/lang/NoSuchMethodError'{0x0000000719132c58}: 'java.lang.Object java.lang.invoke.Invokers$Holder.linkToTargetMethod(java.lang.Object, long, java.lang.Object)'> (0x0000000719132c58) 
thrown [s\open\src\hotspot\share\interpreter\linkResolver.cpp, line 759]
Event: 0.522 Thread 0x000001fbf1d3c330 Exception <a 'java/lang/NoSuchMethodError'{0x000000071913a370}: 'int java.lang.invoke.DirectMethodHandle$Holder.invokeStaticInit(java.lang.Object, java.lang.Object, java.lang.Object, long)'> (0x000000071913a370) 
thrown [s\open\src\hotspot\share\interpreter\linkResolver.cpp, line 759]
Event: 0.548 Thread 0x000001fbf1d3c330 Exception <a 'sun/nio/fs/WindowsException'{0x00000007191f8a40}> (0x00000007191f8a40) 
thrown [s\open\src\hotspot\share\prims\jni.cpp, line 516]
Event: 0.548 Thread 0x000001fbf1d3c330 Exception <a 'sun/nio/fs/WindowsException'{0x00000007191f8da0}> (0x00000007191f8da0) 
thrown [s\open\src\hotspot\share\prims\jni.cpp, line 516]
Event: 0.585 Thread 0x000001fbf1d3c330 Exception <a 'sun/nio/fs/WindowsException'{0x0000000718ec9340}> (0x0000000718ec9340) 
thrown [s\open\src\hotspot\share\prims\jni.cpp, line 516]
Event: 0.585 Thread 0x000001fbf1d3c330 Exception <a 'sun/nio/fs/WindowsException'{0x0000000718ec9670}> (0x0000000718ec9670) 
thrown [s\open\src\hotspot\share\prims\jni.cpp, line 516]
Event: 0.658 Thread 0x000001fbf1d3c330 Exception <a 'sun/nio/fs/WindowsException'{0x0000000718fa41c0}> (0x0000000718fa41c0) 
thrown [s\open\src\hotspot\share\prims\jni.cpp, line 516]
Event: 0.658 Thread 0x000001fbf1d3c330 Exception <a 'sun/nio/fs/WindowsException'{0x0000000718fa4510}> (0x0000000718fa4510) 
thrown [s\open\src\hotspot\share\prims\jni.cpp, line 516]
Event: 1.715 Thread 0x000001fbf1d3c330 Exception <a 'java/lang/NoSuchMethodError'{0x0000000718ff81c8}: 'java.lang.Object java.lang.invoke.DirectMethodHandle$Holder.newInvokeSpecial(java.lang.Object, long)'> (0x0000000718ff81c8) 
thrown [s\open\src\hotspot\share\interpreter\linkResolver.cpp, line 759]
Event: 2.027 Thread 0x000001fbf1d3c330 Exception <a 'java/lang/NoSuchMethodError'{0x0000000718ded3d0}: 'void java.lang.invoke.DirectMethodHandle$Holder.invokeStatic(java.lang.Object, long)'> (0x0000000718ded3d0) 
thrown [s\open\src\hotspot\share\interpreter\linkResolver.cpp, line 759]
Event: 2.046 Thread 0x000001fbf1d3c330 Exception <a 'sun/nio/fs/WindowsException'{0x0000000718a2bdd8}> (0x0000000718a2bdd8) 
thrown [s\open\src\hotspot\share\prims\jni.cpp, line 516]
Event: 2.046 Thread 0x000001fbf1d3c330 Exception <a 'sun/nio/fs/WindowsException'{0x0000000718a2c150}> (0x0000000718a2c150) 
thrown [s\open\src\hotspot\share\prims\jni.cpp, line 516]
Event: 2.053 Thread 0x000001fbf1d3c330 Exception <a 'sun/nio/fs/WindowsException'{0x0000000718a3e588}> (0x0000000718a3e588) 
thrown [s\open\src\hotspot\share\prims\jni.cpp, line 516]
Event: 2.053 Thread 0x000001fbf1d3c330 Exception <a 'sun/nio/fs/WindowsException'{0x0000000718a3e838}> (0x0000000718a3e838) 
thrown [s\open\src\hotspot\share\prims\jni.cpp, line 516]
Event: 180.866 Thread 0x000001fbf1d3c330 Exception <a 'java/lang/ArrayIndexOutOfBoundsException'{0x00000007174c0320}: Index 580 out of bounds for length 580> (0x00000007174c0320) 
thrown [s\open\src\hotspot\share\interpreter\interpreterRuntime.cpp, line 428]
Event: 304.809 Thread 0x000001fbf1d3c330 Implicit null exception at 0x000001fb87d58020 to 0x000001fb87d58378

VM Operations (20 events):
Event: 74.393 Executing VM operation: Cleanup
Event: 74.393 Executing VM operation: Cleanup done
Event: 88.397 Executing VM operation: Cleanup
Event: 88.397 Executing VM operation: Cleanup done
Event: 90.397 Executing VM operation: Cleanup
Event: 90.397 Executing VM operation: Cleanup done
Event: 93.398 Executing VM operation: Cleanup
Event: 93.398 Executing VM operation: Cleanup done
Event: 94.399 Executing VM operation: Cleanup
Event: 94.399 Executing VM operation: Cleanup done
Event: 96.399 Executing VM operation: Cleanup
Event: 96.400 Executing VM operation: Cleanup done
Event: 114.407 Executing VM operation: Cleanup
Event: 114.407 Executing VM operation: Cleanup done
Event: 126.412 Executing VM operation: Cleanup
Event: 126.412 Executing VM operation: Cleanup done
Event: 240.607 Executing VM operation: HandshakeAllThreads
Event: 240.607 Executing VM operation: HandshakeAllThreads done
Event: 252.466 Executing VM operation: G1CollectForAllocation
Event: 252.469 Executing VM operation: G1CollectForAllocation done

Events (20 events):
Event: 14.537 Thread 0x000001fb9584b270 Thread exited: 0x000001fb9584b270
Event: 15.305 Thread 0x000001fb95bfa230 Thread exited: 0x000001fb95bfa230
Event: 15.305 Thread 0x000001fb9532f660 Thread exited: 0x000001fb9532f660
Event: 31.422 Thread 0x000001fbe70a0ff0 Thread added: 0x000001fbe70a0ff0
Event: 32.653 Thread 0x000001fbe70a0ff0 Thread exited: 0x000001fbe70a0ff0
Event: 60.225 Thread 0x000001fbe75cbab0 Thread added: 0x000001fbe75cbab0
Event: 60.225 Thread 0x000001fb95b79010 Thread added: 0x000001fb95b79010
Event: 60.784 Thread 0x000001fb95b79010 Thread exited: 0x000001fb95b79010
Event: 60.784 Thread 0x000001fbe75cbab0 Thread exited: 0x000001fbe75cbab0
Event: 109.571 Thread 0x000001fbe517e130 Thread added: 0x000001fbe517e130
Event: 111.444 Thread 0x000001fbdb892da0 Thread added: 0x000001fbdb892da0
Event: 113.551 Thread 0x000001fbdb892da0 Thread exited: 0x000001fbdb892da0
Event: 113.556 Thread 0x000001fbe9d85a30 Thread added: 0x000001fbe9d85a30
Event: 118.696 Thread 0x000001fbe9d85a30 Thread exited: 0x000001fbe9d85a30
Event: 118.717 Thread 0x000001fbe517e130 Thread exited: 0x000001fbe517e130
Event: 168.805 Thread 0x000001fbe517e130 Thread added: 0x000001fbe517e130
Event: 168.806 Thread 0x000001fb95dd6a40 Thread added: 0x000001fb95dd6a40
Event: 173.817 Thread 0x000001fb95dd6a40 Thread exited: 0x000001fb95dd6a40
Event: 178.815 Thread 0x000001fbe517e130 Thread exited: 0x000001fbe517e130
Event: 304.669 Thread 0x000001fb95dd6a40 Thread added: 0x000001fb95dd6a40


Dynamic libraries:
0x00007ff75a2e0000 - 0x00007ff75a2f0000 	C:\Program Files\Java\jdk-17\bin\java.exe
0x00007ff9fe1d0000 - 0x00007ff9fe3e7000 	C:\Windows\SYSTEM32\ntdll.dll
0x00007ff9fd870000 - 0x00007ff9fd934000 	C:\Windows\System32\KERNEL32.DLL
0x00007ff9fb610000 - 0x00007ff9fb9ca000 	C:\Windows\System32\KERNELBASE.dll
0x0000000058090000 - 0x00000000583be000 	C:\Program Files\Norton Security\NortonData\22.23.5.106\Definitions\IPSDefs\20241217.064\IPSEng64.dll
0x00007ff9fdd10000 - 0x00007ff9fddc2000 	C:\Windows\System32\ADVAPI32.dll
0x00007ff9fdff0000 - 0x00007ff9fe097000 	C:\Windows\System32\msvcrt.dll
0x00007ff9fc830000 - 0x00007ff9fc8d7000 	C:\Windows\System32\sechost.dll
0x00007ff9fb4a0000 - 0x00007ff9fb4c8000 	C:\Windows\System32\bcrypt.dll
0x00007ff9fc8e0000 - 0x00007ff9fc9f4000 	C:\Windows\System32\RPCRT4.dll
0x00007ff9fdf50000 - 0x00007ff9fdf58000 	C:\Windows\System32\PSAPI.DLL
0x00007ff9fbc40000 - 0x00007ff9fbd51000 	C:\Windows\System32\ucrtbase.dll
0x00007ff9edf20000 - 0x00007ff9edf39000 	C:\Program Files\Java\jdk-17\bin\jli.dll
0x00007ff9ec9b0000 - 0x00007ff9ec9cb000 	C:\Program Files\Java\jdk-17\bin\VCRUNTIME140.dll
0x00007ff9fd410000 - 0x00007ff9fd5be000 	C:\Windows\System32\USER32.dll
0x00007ff9fbc10000 - 0x00007ff9fbc36000 	C:\Windows\System32\win32u.dll
0x00007ff9fd840000 - 0x00007ff9fd869000 	C:\Windows\System32\GDI32.dll
0x00007ff9fb9d0000 - 0x00007ff9fbaeb000 	C:\Windows\System32\gdi32full.dll
0x00007ff9e9d40000 - 0x00007ff9e9fd2000 	C:\Windows\WinSxS\amd64_microsoft.windows.common-controls_6595b64144ccf1df_6.0.22621.4541_none_2710d1c57384c085\COMCTL32.dll
0x00007ff9fbaf0000 - 0x00007ff9fbb8a000 	C:\Windows\System32\msvcp_win.dll
0x00007ff9f25a0000 - 0x00007ff9f25aa000 	C:\Windows\SYSTEM32\VERSION.dll
0x00007ff9fd800000 - 0x00007ff9fd831000 	C:\Windows\System32\IMM32.DLL
0x00007ff9f8f80000 - 0x00007ff9f8f8c000 	C:\Program Files\Java\jdk-17\bin\vcruntime140_1.dll
0x00007ff9e3160000 - 0x00007ff9e31ee000 	C:\Program Files\Java\jdk-17\bin\msvcp140.dll
0x00007ff9759c0000 - 0x00007ff9765a0000 	C:\Program Files\Java\jdk-17\bin\server\jvm.dll
0x00007ff9f8ab0000 - 0x00007ff9f8ab9000 	C:\Windows\SYSTEM32\WSOCK32.dll
0x00007ff9f5700000 - 0x00007ff9f5734000 	C:\Windows\SYSTEM32\WINMM.dll
0x00007ff9fca00000 - 0x00007ff9fca71000 	C:\Windows\System32\WS2_32.dll
0x00007ff9fa4e0000 - 0x00007ff9fa4f8000 	C:\Windows\SYSTEM32\kernel.appcore.dll
0x00007ff9f8d70000 - 0x00007ff9f8d7a000 	C:\Program Files\Java\jdk-17\bin\jimage.dll
0x00007ff9f8ad0000 - 0x00007ff9f8d02000 	C:\Windows\SYSTEM32\DBGHELP.DLL
0x00007ff9fbed0000 - 0x00007ff9fc25f000 	C:\Windows\System32\combase.dll
0x00007ff9fd5c0000 - 0x00007ff9fd697000 	C:\Windows\System32\OLEAUT32.dll
0x00007ff9f1590000 - 0x00007ff9f15c2000 	C:\Windows\SYSTEM32\dbgcore.DLL
0x00007ff9fbb90000 - 0x00007ff9fbc0b000 	C:\Windows\System32\bcryptPrimitives.dll
0x00007ff9ea8c0000 - 0x00007ff9ea8e5000 	C:\Program Files\Java\jdk-17\bin\java.dll
0x00007ff9c15e0000 - 0x00007ff9c16b7000 	C:\Program Files\Java\jdk-17\bin\jsvml.dll
0x00007ff9fca80000 - 0x00007ff9fd2f8000 	C:\Windows\System32\SHELL32.dll
0x00007ff9f93e0000 - 0x00007ff9f9ce8000 	C:\Windows\SYSTEM32\windows.storage.dll
0x00007ff9f92a0000 - 0x00007ff9f93df000 	C:\Windows\SYSTEM32\wintypes.dll
0x00007ff9fd6a0000 - 0x00007ff9fd79a000 	C:\Windows\System32\SHCORE.dll
0x00007ff9fdcb0000 - 0x00007ff9fdd0e000 	C:\Windows\System32\shlwapi.dll
0x00007ff9fb3d0000 - 0x00007ff9fb3fb000 	C:\Windows\SYSTEM32\profapi.dll
0x00007ff9e8240000 - 0x00007ff9e8259000 	C:\Program Files\Java\jdk-17\bin\net.dll
0x00007ff9f6fb0000 - 0x00007ff9f70e6000 	C:\Windows\SYSTEM32\WINHTTP.dll
0x00007ff9fa960000 - 0x00007ff9fa9c9000 	C:\Windows\system32\mswsock.dll
0x00007ff9e3270000 - 0x00007ff9e3286000 	C:\Program Files\Java\jdk-17\bin\nio.dll
0x00007ff9e3250000 - 0x00007ff9e3268000 	C:\Program Files\Java\jdk-17\bin\zip.dll
0x000000006e700000 - 0x000000006e72d000 	C:\ProgramData\libGDX-temp\libgdxsamja\8d3b5089\gdx64.dll
0x00007ff9d89c0000 - 0x00007ff9d8a3b000 	C:\ProgramData\libGDX-temp\lwjgl_samja\3.3.4+7\x64\lwjgl.dll
0x00007ff997cb0000 - 0x00007ff997f21000 	C:\ProgramData\libGDX-temp\lwjgl_samja\3.3.4+7\x64\jemalloc.dll
0x00007ff9ad010000 - 0x00007ff9ad095000 	C:\ProgramData\libGDX-temp\lwjgl_samja\3.3.4+7\x64\glfw.dll
0x00007ff9f0f20000 - 0x00007ff9f0f66000 	C:\Windows\SYSTEM32\dinput8.dll
0x00007ff9e2e80000 - 0x00007ff9e2e91000 	C:\Windows\SYSTEM32\xinput1_4.dll
0x00007ff9fb070000 - 0x00007ff9fb09c000 	C:\Windows\SYSTEM32\DEVOBJ.dll
0x00007ff9fb0c0000 - 0x00007ff9fb10e000 	C:\Windows\SYSTEM32\cfgmgr32.dll
0x00007ff9f8660000 - 0x00007ff9f868b000 	C:\Windows\SYSTEM32\dwmapi.dll
0x00007ff9df4a0000 - 0x00007ff9df6b4000 	C:\Windows\SYSTEM32\inputhost.dll
0x00007ff9f4b30000 - 0x00007ff9f4c63000 	C:\Windows\SYSTEM32\CoreMessaging.dll
0x00007ff9f8300000 - 0x00007ff9f83b1000 	C:\Windows\system32\uxtheme.dll
0x00007ff9fdde0000 - 0x00007ff9fdf41000 	C:\Windows\System32\MSCTF.dll
0x00007ff9fabb0000 - 0x00007ff9fabbc000 	C:\Windows\SYSTEM32\CRYPTBASE.DLL
0x00007ff997ad0000 - 0x00007ff997cad000 	C:\ProgramData\libGDX-temp\lwjgl_samja\3.3.4+7\x64\OpenAL.dll
0x00007ff9fdb00000 - 0x00007ff9fdca5000 	C:\Windows\System32\ole32.dll
0x00007ff9fc280000 - 0x00007ff9fc330000 	C:\Windows\System32\clbcatq.dll
0x00007ff9f12e0000 - 0x00007ff9f137e000 	C:\Windows\System32\MMDevApi.dll
0x00007ff9eba00000 - 0x00007ff9ebbee000 	C:\Windows\SYSTEM32\AUDIOSES.DLL
0x00007ff9f87d0000 - 0x00007ff9f87e5000 	C:\Windows\SYSTEM32\resourcepolicyclient.dll
0x00007ff9fb370000 - 0x00007ff9fb3bd000 	C:\Windows\SYSTEM32\powrprof.dll
0x00007ff9fb350000 - 0x00007ff9fb363000 	C:\Windows\SYSTEM32\UMPDC.dll
0x00007ff9a0e90000 - 0x00007ff9a0f90000 	C:\Windows\SYSTEM32\opengl32.dll
0x00007ff992eb0000 - 0x00007ff992edd000 	C:\Windows\SYSTEM32\GLU32.dll
0x00007ff9f8410000 - 0x00007ff9f8447000 	C:\Windows\SYSTEM32\dxcore.dll
0x00007ff9f25d0000 - 0x00007ff9f2619000 	C:\Windows\SYSTEM32\directxdatabasehelper.dll
0x00007ff9f5fb0000 - 0x00007ff9f60f4000 	C:\Windows\System32\AppXDeploymentClient.dll
0x00007ff9e94c0000 - 0x00007ff9e95c0000 	C:\Windows\System32\Windows.ApplicationModel.dll
0x00007ff9f79f0000 - 0x00007ff9f7af1000 	C:\Windows\system32\propsys.dll
0x00007ff9e90b0000 - 0x00007ff9e9166000 	C:\Windows\System32\Windows.FileExplorer.Common.dll
0x00007ff9d1160000 - 0x00007ff9d1186000 	C:\Windows\system32\mssprxy.dll
0x00007ff9e9920000 - 0x00007ff9e9a0b000 	C:\Windows\System32\Windows.StateRepositoryPS.dll
0x00007ff9f2620000 - 0x00007ff9f265d000 	C:\Windows\SYSTEM32\windows.staterepositoryclient.dll
0x00007ff965100000 - 0x00007ff96512e000 	C:\Windows\System32\DriverStore\FileRepository\u0399660.inf_amd64_d7fa3539ce499e50\B399655\atig6pxx.dll
0x00007ff9484d0000 - 0x00007ff94c9af000 	C:\Windows\System32\DriverStore\FileRepository\u0399660.inf_amd64_d7fa3539ce499e50\B399655\atio6axx.dll
0x00007ff9fc3b0000 - 0x00007ff9fc824000 	C:\Windows\System32\SETUPAPI.dll
0x00007ff9e3c90000 - 0x00007ff9e3cc5000 	C:\Windows\SYSTEM32\amdihk64.dll
0x00007ff9fb4d0000 - 0x00007ff9fb542000 	C:\Windows\System32\WINTRUST.dll
0x00007ff9fbd60000 - 0x00007ff9fbec6000 	C:\Windows\System32\CRYPT32.dll
0x00007ff9fac10000 - 0x00007ff9fac22000 	C:\Windows\SYSTEM32\MSASN1.dll
0x00007ff9d5240000 - 0x00007ff9d52fc000 	C:\Windows\SYSTEM32\mscms.dll
0x00007ff9ace80000 - 0x00007ff9acec9000 	C:\Windows\SYSTEM32\icm32.dll
0x00007ff9acbd0000 - 0x00007ff9acc31000 	C:\ProgramData\libGDX-temp\lwjgl_samja\3.3.4+7\x64\lwjgl_opengl.dll
0x00007ff9df350000 - 0x00007ff9df495000 	C:\Windows\SYSTEM32\textinputframework.dll
0x00007ff9e6fb0000 - 0x00007ff9e731d000 	C:\Windows\SYSTEM32\CoreUIComponents.dll

dbghelp: loaded successfully - version: 4.0.5 - missing functions: none
symbol engine: initialized successfully - sym options: 0x614 - pdb path: .;C:\Program Files\Java\jdk-17\bin;C:\Windows\SYSTEM32;C:\Program Files\Norton Security\NortonData\22.23.5.106\Definitions\IPSDefs\20241217.064;C:\Windows\WinSxS\amd64_microsoft.windows.common-controls_6595b64144ccf1df_6.0.22621.4541_none_2710d1c57384c085;C:\Program Files\Java\jdk-17\bin\server;C:\ProgramData\libGDX-temp\libgdxsamja\8d3b5089;C:\ProgramData\libGDX-temp\lwjgl_samja\3.3.4+7\x64;C:\Windows\System32\DriverStore\FileRepository\u0399660.inf_amd64_d7fa3539ce499e50\B399655

VM Arguments:
jvm_args: -Dfile.encoding=UTF-8 -Duser.country=GB -Duser.language=en -Duser.variant 
java_command: io.github.universityTycoon.lwjgl3.Lwjgl3Launcher
java_class_path (initial): C:\Users\samja\Documents\CompSci Y2\ENG1\Assessment 2\Game-main\lwjgl3\build\classes\java\main;C:\Users\samja\Documents\CompSci Y2\ENG1\Assessment 2\Game-main\lwjgl3\build\resources\main;C:\Users\samja\.gradle\caches\modules-2\files-2.1\com.badlogicgames.gdx\gdx-backend-lwjgl3\1.13.0\bd205dae964d9e06432a14bc29de98ae22b0e342\gdx-backend-lwjgl3-1.13.0.jar;C:\Users\samja\.gradle\caches\modules-2\files-2.1\com.badlogicgames.gdx\gdx-box2d-platform\1.13.0\ba92923a9b6b75a20212e8ca215fa22f93810da8\gdx-box2d-platform-1.13.0-natives-desktop.jar;C:\Users\samja\.gradle\caches\modules-2\files-2.1\com.badlogicgames.gdx\gdx-platform\1.13.0\86a8c9c55b62d5ea3a6532d25f3afa8314f69e78\gdx-platform-1.13.0-natives-desktop.jar;C:\Users\samja\Documents\CompSci Y2\ENG1\Assessment 2\Game-main\core\build\libs\core-$projectVersion.jar;C:\Users\samja\.gradle\caches\modules-2\files-2.1\com.badlogicgames.box2dlights\box2dlights\1.5\6902dbcd250c95a27973aa24a147a95b3828d348\box2dlights-1.5.jar;C:\Users\samja\.gradle\caches\modules-2\files-2.1\com.badlogicgames.gdx\gdx-box2d\1.13.0\4e3dec7944c9f1972a6628922b54390a4f4dea44\gdx-box2d-1.13.0.jar;C:\Users\samja\.gradle\caches\modules-2\files-2.1\com.badlogicgames.gdx\gdx\1.13.0\5ad34f11004a70f4f2c55456461ab1dbf438eeea\gdx-1.13.0.jar;C:\Users\samja\.gradle\caches\modules-2\files-2.1\org.lwjgl\lwjgl-glfw\3.3.4\7e46ecdec85db8738053cfde1414352cd62dab74\lwjgl-glfw-3.3.4.jar;C:\Users\samja\.gradle\caches\modules-2\files-2.1\org.lwjgl\lwjgl-glfw\3.3.4\91e3d4b56d6d1369ef107b9d7801c9f38125c590\lwjgl-glfw-3.3.4-natives-linux.jar;C:\Users\samja\.gradle\caches\modules-2\files-2.1\org.lwjgl\lwjgl-glfw\3.3.4\449b8e4b7cf5c91b307605196230be84b1c51e9c\lwjgl-glfw-3.3.4-natives-linux-arm32.jar;C:\Users\samja\.gradle\caches\modules-2\files-2.1\org.lwjgl\lwjgl-glfw\3.3.4\6ed16dab2ee0d1325bcc5c0fdeabf53d2695fce2\lwjgl-glfw-3.3.4-natives-linux-arm64.jar;C:\Users\samja\.gradle\caches\modules-2\files-2.1\org.lwjgl\lwjgl-glfw\3.3.4\9582481036b6fb762c
Launcher Type: SUN_STANDARD

[Global flags]
     intx CICompilerCount                          = 12                                        {product} {ergonomic}
     uint ConcGCThreads                            = 3                                         {product} {ergonomic}
     uint G1ConcRefinementThreads                  = 13                                        {product} {ergonomic}
   size_t G1HeapRegionSize                         = 2097152                                   {product} {ergonomic}
    uintx GCDrainStackTargetSize                   = 64                                        {product} {ergonomic}
   size_t InitialHeapSize                          = 257949696                                 {product} {ergonomic}
   size_t MarkStackSize                            = 4194304                                   {product} {ergonomic}
   size_t MaxHeapSize                              = 4123000832                                {product} {ergonomic}
   size_t MaxNewSize                               = 2472542208                                {product} {ergonomic}
   size_t MinHeapDeltaBytes                        = 2097152                                   {product} {ergonomic}
   size_t MinHeapSize                              = 8388608                                   {product} {ergonomic}
    uintx NonNMethodCodeHeapSize                   = 7602480                                {pd product} {ergonomic}
    uintx NonProfiledCodeHeapSize                  = 122027880                              {pd product} {ergonomic}
    uintx ProfiledCodeHeapSize                     = 122027880                              {pd product} {ergonomic}
    uintx ReservedCodeCacheSize                    = 251658240                              {pd product} {ergonomic}
     bool SegmentedCodeCache                       = true                                      {product} {ergonomic}
   size_t SoftMaxHeapSize                          = 4123000832                             {manageable} {ergonomic}
     bool UseCompressedClassPointers               = true                           {product lp64_product} {ergonomic}
     bool UseCompressedOops                        = true                           {product lp64_product} {ergonomic}
     bool UseG1GC                                  = true                                      {product} {ergonomic}
     bool UseLargePagesIndividualAllocation        = false                                  {pd product} {ergonomic}

Logging:
Log output configuration:
 #0: stdout all=warning uptime,level,tags
 #1: stderr all=off uptime,level,tags

Environment Variables:
CLASSPATH=C:\Users\samja\Documents\CompSci Y2\ENG1\Assessment 2\Game-main\\gradle\wrapper\gradle-wrapper.jar
PATH=C:\Program Files\Common Files\Oracle\Java\javapath;C:\Windows\system32;C:\Windows;C:\Windows\System32\Wbem;C:\Windows\System32\WindowsPowerShell\v1.0\;C:\Windows\System32\OpenSSH\;C:\Program Files\Git\cmd;C:\Users\samja\AppData\Local\Microsoft\WindowsApps;C:\Users\samja\AppData\Local\Programs\Microsoft VS Code\bin;C:\Users\samja\AppData\Local\GitHubDesktop\bin
USERNAME=samja
LANG=en_US.UTF-8
OS=Windows_NT
PROCESSOR_IDENTIFIER=AMD64 Family 25 Model 80 Stepping 0, AuthenticAMD



---------------  S Y S T E M  ---------------

OS:
 Windows 11 , 64 bit Build 22621 (10.0.22621.4391)
OS uptime: 6 days 12:59 hours

CPU: total 16 (initial active 16) (16 cores per cpu, 2 threads per core) family 25 model 80 stepping 0 microcode 0x0, cx8, cmov, fxsr, ht, mmx, 3dnowpref, sse, sse2, sse3, ssse3, sse4a, sse4.1, sse4.2, popcnt, lzcnt, tsc, tscinvbit, avx, avx2, aes, erms, clmul, bmi1, bmi2, adx, sha, fma, vzeroupper, clflush, clflushopt

Memory: 4k page, system-wide physical 15724M (7938M free)
TotalPageFile size 25289M (AvailPageFile size 11403M)
current process WorkingSet (physical memory assigned to process): 278M, peak: 282M
current process commit charge ("private bytes"): 569M, peak: 578M

vm_info: Java HotSpot(TM) 64-Bit Server VM (17.0.11+7-LTS-207) for windows-amd64 JRE (17.0.11+7-LTS-207), built on Mar 11 2024 19:01:50 by "mach5one" with MS VC++ 17.6 (VS2022)

END.
